filename,archive_member,fault_detected,fault_category,trial,samples,sha256,acquisition_timestamp
Bearing (1) Ball & Bearing (2) Combination 50 Trial 1.csv,Fault data split 50/Bearing (1) Ball & Bearing (2) Combination 50 Trial 1.csv,1,1,1,64000,2c1e49b17a06924c5b7fceb5cbba146231021fc92233206d8279923c14693b0b,9/10/2022 3:40:59 PM
Bearing (1) Ball & Bearing (2) Combination 50 Trial 10.csv,Fault data split 50/Bearing (1) Ball & Bearing (2) Combination 50 Trial 10.csv,1,1,10,64000,7691427012b82b819e4e3c151b541f0666ace3935a13657715ed9f4df8f562ae,9/10/2022 3:43:20 PM
Bearing (1) Ball & Bearing (2) Combination 50 Trial 11.csv,Fault data split 50/Bearing (1) Ball & Bearing (2) Combination 50 Trial 11.csv,1,1,11,64000,7450adfe9d29f5fcf8db59811ffc5c59a592f2aa8e3e2376c9bc6aa11abd3c73,9/10/2022 3:43:34 PM
Bearing (1) Ball & Bearing (2) Combination 50 Trial 12.csv,Fault data split 50/Bearing (1) Ball & Bearing (2) Combination 50 Trial 12.csv,1,1,12,64000,6e2599596453a3ec0006bcad8e092b64b7cc804bdc7383d04a0a7706eb1c00b1,9/10/2022 3:43:51 PM
Bearing (1) Ball & Bearing (2) Combination 50 Trial 13.csv,Fault data split 50/Bearing (1) Ball & Bearing (2) Combination 50 Trial 13.csv,1,1,13,64000,3918288d576db3a02830be6bcc83f7bfa42806fca780e9aba5aa2f8162104666,9/10/2022 3:44:08 PM
Bearing (1) Ball & Bearing (2) Combination 50 Trial 14.csv,Fault data split 50/Bearing (1) Ball & Bearing (2) Combination 50 Trial 14.csv,1,1,14,64000,30cc45f6d1eb26bce96f00da9e724e8cc1f66dc7581c6e6f1e3b7ae527e31f37,9/10/2022 3:44:24 PM
Bearing (1) Ball & Bearing (2) Combination 50 Trial 15.csv,Fault data split 50/Bearing (1) Ball & Bearing (2) Combination 50 Trial 15.csv,1,1,15,64000,41224c3090a930661bdc6eae9f7c19123d85b70610f90752c03121084f41162a,9/10/2022 3:44:40 PM
Bearing (1) Ball & Bearing (2) Combination 50 Trial 16.csv,Fault data split 50/Bearing (1) Ball & Bearing (2) Combination 50 Trial 16.csv,1,1,16,64000,3dd5aeddfa1b142c96455f5a13137e24477495bccc76635c426bd4c6304b9719,9/10/2022 3:44:55 PM
Bearing (1) Ball & Bearing (2) Combination 50 Trial 17.csv,Fault data split 50/Bearing (1) Ball & Bearing (2) Combination 50 Trial 17.csv,1,1,17,64000,8d521f3d27418f394b5a52494af90d5355a7fee38b64da0fea10bed7470c81da,9/10/2022 3:45:11 PM
Bearing (1) Ball & Bearing (2) Combination 50 Trial 18.csv,Fault data split 50/Bearing (1) Ball & Bearing (2) Combination 50 Trial 18.csv,1,1,18,64000,313ea7b403189cc6083679b93d3bf50508f0552cc423707e8014f17a480725bd,9/10/2022 3:45:26 PM
Bearing (1) Ball & Bearing (2) Combination 50 Trial 19.csv,Fault data split 50/Bearing (1) Ball & Bearing (2) Combination 50 Trial 19.csv,1,1,19,64000,f31d045e306f7696a8a20fc563ed7361925d9e59d550524dc76eacd73e57431e,9/10/2022 3:45:45 PM
Bearing (1) Ball & Bearing (2) Combination 50 Trial 2.csv,Fault data split 50/Bearing (1) Ball & Bearing (2) Combination 50 Trial 2.csv,1,1,2,64000,92b6f68481c633deeec3c0867d04fd7f7577b30914995e20cfe3658605661295,9/10/2022 3:41:13 PM
Bearing (1) Ball & Bearing (2) Combination 50 Trial 20.csv,Fault data split 50/Bearing (1) Ball & Bearing (2) Combination 50 Trial 20.csv,1,1,20,64000,583f2feeb1da836c2685bf4578fff52f287caa003ada92dae62e373a808b3647,9/10/2022 3:46:01 PM
Bearing (1) Ball & Bearing (2) Combination 50 Trial 21.csv,Fault data split 50/Bearing (1) Ball & Bearing (2) Combination 50 Trial 21.csv,1,1,21,64000,77bce217a22b64f7e28b29da3555f2f53c10ba347f65d398722bdfc62b81c510,9/10/2022 3:46:16 PM
Bearing (1) Ball & Bearing (2) Combination 50 Trial 22.csv,Fault data split 50/Bearing (1) Ball & Bearing (2) Combination 50 Trial 22.csv,1,1,22,64000,5c22929b122554ad88b2e6787e16818d7902e367b359b6e0e53f01cf855a8b50,9/10/2022 3:46:31 PM
Bearing (1) Ball & Bearing (2) Combination 50 Trial 23.csv,Fault data split 50/Bearing (1) Ball & Bearing (2) Combination 50 Trial 23.csv,1,1,23,64000,50b38103eb6b2f837cc19ba486157a24a62cd198283ff1703b9fef96bd0eb8a4,9/10/2022 3:46:50 PM
Bearing (1) Ball & Bearing (2) Combination 50 Trial 24.csv,Fault data split 50/Bearing (1) Ball & Bearing (2) Combination 50 Trial 24.csv,1,1,24,64000,8c4bf41b8b643261c0ec0a0e95faee3a72c4b3293e3c1013266f9c7a0341751a,9/10/2022 3:47:05 PM
Bearing (1) Ball & Bearing (2) Combination 50 Trial 25.csv,Fault data split 50/Bearing (1) Ball & Bearing (2) Combination 50 Trial 25.csv,1,1,25,64000,bfe797a2b9e3724975e3bc7c3bbc02898d037b5a34bcd333f7fc6b1bf0d1af3b,9/10/2022 3:47:21 PM
Bearing (1) Ball & Bearing (2) Combination 50 Trial 3.csv,Fault data split 50/Bearing (1) Ball & Bearing (2) Combination 50 Trial 3.csv,1,1,3,64000,7f8fd88609462489d0e2cde2ca70474498ec60ca32e1de7ce239f71f090fd5fc,9/10/2022 3:41:29 PM
Bearing (1) Ball & Bearing (2) Combination 50 Trial 4.csv,Fault data split 50/Bearing (1) Ball & Bearing (2) Combination 50 Trial 4.csv,1,1,4,64000,d02f38e296bafbe73d522998a6081c34239bc04f2f79f6c34aa7b1410adc34fe,9/10/2022 3:41:43 PM
Bearing (1) Ball & Bearing (2) Combination 50 Trial 5.csv,Fault data split 50/Bearing (1) Ball & Bearing (2) Combination 50 Trial 5.csv,1,1,5,64000,8c3a5c73f08d09e670e141f4ffddb7e097c0cd0529b2122f541cc90195f78a5a,9/10/2022 3:41:58 PM
Bearing (1) Ball & Bearing (2) Combination 50 Trial 6.csv,Fault data split 50/Bearing (1) Ball & Bearing (2) Combination 50 Trial 6.csv,1,1,6,64000,cf5f3f58e9e55b8dd12baecd671d9c47d17e76fcbc7545962143e410c7cb606e,9/10/2022 3:42:14 PM
Bearing (1) Ball & Bearing (2) Combination 50 Trial 7.csv,Fault data split 50/Bearing (1) Ball & Bearing (2) Combination 50 Trial 7.csv,1,1,7,64000,1b24a2114fd6473f70eaa1b6f30d85079f9fe2716efc3244cfb7e54455135831,9/10/2022 3:42:30 PM
Bearing (1) Ball & Bearing (2) Combination 50 Trial 8.csv,Fault data split 50/Bearing (1) Ball & Bearing (2) Combination 50 Trial 8.csv,1,1,8,64000,4b8526b8c2e4063d492cadbf9215da2101dbd9bd4c954136087ddaf9d27dd607,9/10/2022 3:42:46 PM
Bearing (1) Ball & Bearing (2) Combination 50 Trial 9.csv,Fault data split 50/Bearing (1) Ball & Bearing (2) Combination 50 Trial 9.csv,1,1,9,64000,13ef09c5e9fb79f52859512b8bbf15689bd12f7b27f3a0286980d0682cebaf83,9/10/2022 3:43:02 PM
Bearing (1) Ball & Bearing (2) Inner 50 Trial 1.csv,Fault data split 50/Bearing (1) Ball & Bearing (2) Inner 50 Trial 1.csv,1,2,1,64000,2c71dc9d37a44abad3cc075e073b132ed35085ba64444afa69d232b03f20e0a5,9/6/2022 1:30:48 PM
Bearing (1) Ball & Bearing (2) Inner 50 Trial 10.csv,Fault data split 50/Bearing (1) Ball & Bearing (2) Inner 50 Trial 10.csv,1,2,10,64000,b566832a0ab89852d347bfd4b4192d9aeaa276170ba9ebda04207571109d8df3,9/6/2022 1:33:22 PM
Bearing (1) Ball & Bearing (2) Inner 50 Trial 11.csv,Fault data split 50/Bearing (1) Ball & Bearing (2) Inner 50 Trial 11.csv,1,2,11,64000,e2beb34b2ae4c5f501468d35f8519f2132a238124862f210ad0cf1d3c1d16367,9/6/2022 1:33:37 PM
Bearing (1) Ball & Bearing (2) Inner 50 Trial 12.csv,Fault data split 50/Bearing (1) Ball & Bearing (2) Inner 50 Trial 12.csv,1,2,12,64000,e571d1c72e3cb53b150bdf02e4ca3b76065d624a6228ba83a779f54aa048d134,9/6/2022 1:33:54 PM
Bearing (1) Ball & Bearing (2) Inner 50 Trial 13.csv,Fault data split 50/Bearing (1) Ball & Bearing (2) Inner 50 Trial 13.csv,1,2,13,64000,d921844ccade79c07c4b0de39330e7a735bc0b7f99b9fc495c52cb3c79bd9856,9/6/2022 1:34:10 PM
Bearing (1) Ball & Bearing (2) Inner 50 Trial 14.csv,Fault data split 50/Bearing (1) Ball & Bearing (2) Inner 50 Trial 14.csv,1,2,14,64000,03baa3d973b00c6d8af6103fe76ed17ba68d3f3ed6b4ba59ea0f2b2e69d6800c,9/6/2022 1:34:27 PM
Bearing (1) Ball & Bearing (2) Inner 50 Trial 15.csv,Fault data split 50/Bearing (1) Ball & Bearing (2) Inner 50 Trial 15.csv,1,2,15,64000,0565aa8bb98f193cccaaba2b05ec76e771da6fd6dcc38024bddb52a160fde800,9/6/2022 1:34:44 PM
Bearing (1) Ball & Bearing (2) Inner 50 Trial 16.csv,Fault data split 50/Bearing (1) Ball & Bearing (2) Inner 50 Trial 16.csv,1,2,16,64000,318fdc70dbb55842feb7820080ad600cb5a276b2910e1fbdb4418f4c0f73aafa,9/6/2022 1:35:01 PM
Bearing (1) Ball & Bearing (2) Inner 50 Trial 17.csv,Fault data split 50/Bearing (1) Ball & Bearing (2) Inner 50 Trial 17.csv,1,2,17,64000,c334f5fe72ff55f8c06745610b77ed7dbab82963db0940b9c932be9b833442ca,9/6/2022 1:35:18 PM
Bearing (1) Ball & Bearing (2) Inner 50 Trial 18.csv,Fault data split 50/Bearing (1) Ball & Bearing (2) Inner 50 Trial 18.csv,1,2,18,64000,e4d1c05494a64d9456e6adbe5761aaf7521cf56a490a7eadaf6ac5463e4f3356,9/6/2022 1:35:35 PM
Bearing (1) Ball & Bearing (2) Inner 50 Trial 19.csv,Fault data split 50/Bearing (1) Ball & Bearing (2) Inner 50 Trial 19.csv,1,2,19,64000,aafa302b1ec4354dba7ba9ef0e3713371d2957c36e65d1e1003bc11965d8b125,9/6/2022 1:35:51 PM
Bearing (1) Ball & Bearing (2) Inner 50 Trial 2.csv,Fault data split 50/Bearing (1) Ball & Bearing (2) Inner 50 Trial 2.csv,1,2,2,64000,6efefc04d7f2fb4a0d92307e8ada8aa5ae21b154d9f5547904c77d81a2d97030,9/6/2022 1:31:05 PM
Bearing (1) Ball & Bearing (2) Inner 50 Trial 20.csv,Fault data split 50/Bearing (1) Ball & Bearing (2) Inner 50 Trial 20.csv,1,2,20,64000,3a40204fca3231185f5e310384e599f0c5f5b739c15f192244b3a9e133253d33,9/6/2022 1:36:09 PM
Bearing (1) Ball & Bearing (2) Inner 50 Trial 21.csv,Fault data split 50/Bearing (1) Ball & Bearing (2) Inner 50 Trial 21.csv,1,2,21,64000,42a6f4a90f7a4a132fa85380a0be229cdd29c24bbd79d9f0bff390172b30308a,9/6/2022 1:36:29 PM
Bearing (1) Ball & Bearing (2) Inner 50 Trial 22.csv,Fault data split 50/Bearing (1) Ball & Bearing (2) Inner 50 Trial 22.csv,1,2,22,64000,ea876ece054140897b0862926805031127a60b0147c96fbe60ad540d7c84307d,9/6/2022 1:36:47 PM
Bearing (1) Ball & Bearing (2) Inner 50 Trial 23.csv,Fault data split 50/Bearing (1) Ball & Bearing (2) Inner 50 Trial 23.csv,1,2,23,64000,9a0a135f02bec50161ed673a330761bacaee298dbd653a165c403f8c67b78769,9/6/2022 1:37:03 PM
Bearing (1) Ball & Bearing (2) Inner 50 Trial 24.csv,Fault data split 50/Bearing (1) Ball & Bearing (2) Inner 50 Trial 24.csv,1,2,24,64000,a70f0da7c5a1f3f1ede5db40ec7282f7427bb1a2b543f1aaf435b54b54146736,9/6/2022 1:37:19 PM
Bearing (1) Ball & Bearing (2) Inner 50 Trial 25.csv,Fault data split 50/Bearing (1) Ball & Bearing (2) Inner 50 Trial 25.csv,1,2,25,64000,ab294d44efcccdf8a7500ad37fbb3ea688db5b656f01c2b395a0ab5a3d48db8c,9/10/2022 12:43:05 PM
Bearing (1) Ball & Bearing (2) Inner 50 Trial 3.csv,Fault data split 50/Bearing (1) Ball & Bearing (2) Inner 50 Trial 3.csv,1,2,3,64000,1120c92d4220e4cd3ddd8b01e48b7c866c916236ffe32358adf48dcea3444b63,9/6/2022 1:31:23 PM
Bearing (1) Ball & Bearing (2) Inner 50 Trial 4.csv,Fault data split 50/Bearing (1) Ball & Bearing (2) Inner 50 Trial 4.csv,1,2,4,64000,09c14bcd61caa70359b246af7fead9f06875007ee8926f90e547c0eb8faeba61,9/6/2022 1:31:42 PM
Bearing (1) Ball & Bearing (2) Inner 50 Trial 5.csv,Fault data split 50/Bearing (1) Ball & Bearing (2) Inner 50 Trial 5.csv,1,2,5,64000,c8a80597323eafd5a55532a1152b1efcb5366a0747f509c992f2d970f9035c2a,9/6/2022 1:31:58 PM
Bearing (1) Ball & Bearing (2) Inner 50 Trial 6.csv,Fault data split 50/Bearing (1) Ball & Bearing (2) Inner 50 Trial 6.csv,1,2,6,64000,16af8abb4ccd932216b8b1faa55ded1bc677e8fb8304046fecf6380cd90be8a9,9/6/2022 1:32:15 PM
Bearing (1) Ball & Bearing (2) Inner 50 Trial 7.csv,Fault data split 50/Bearing (1) Ball & Bearing (2) Inner 50 Trial 7.csv,1,2,7,64000,9509df53e7f159b3f4c31919ad56a6c61301c77036c5f4da898b9d470ca25cb0,9/6/2022 1:32:30 PM
Bearing (1) Ball & Bearing (2) Inner 50 Trial 8.csv,Fault data split 50/Bearing (1) Ball & Bearing (2) Inner 50 Trial 8.csv,1,2,8,64000,8c546b364d5ac9e8eed6d874dd8ce7c789938d7b714a5775f202fc6adb7b4dd6,9/6/2022 1:32:46 PM
Bearing (1) Ball & Bearing (2) Inner 50 Trial 9.csv,Fault data split 50/Bearing (1) Ball & Bearing (2) Inner 50 Trial 9.csv,1,2,9,64000,8ba5266c033077fe28650bd6395b6c722e3a4904165db26b1510f1f3d564b7ae,9/6/2022 1:33:02 PM
Bearing (1) Ball & Bearing (2) Outer 50 Trial 1.csv,Fault data split 50/Bearing (1) Ball & Bearing (2) Outer 50 Trial 1.csv,1,3,1,64000,4ca4a161cd081d48afbd3916fb71e7c9056e46df38cd6f16bfdaf0a33f84a86c,9/6/2022 1:04:56 PM
Bearing (1) Ball & Bearing (2) Outer 50 Trial 10.csv,Fault data split 50/Bearing (1) Ball & Bearing (2) Outer 50 Trial 10.csv,1,3,10,64000,7d7eed85ec8e2d7524b6c664c4bf058f6fa7fc13ca5b8af289d76175fec3b0fb,9/6/2022 1:07:47 PM
Bearing (1) Ball & Bearing (2) Outer 50 Trial 11.csv,Fault data split 50/Bearing (1) Ball & Bearing (2) Outer 50 Trial 11.csv,1,3,11,64000,992e21a88c900850113438bc8b0e131a81e233ee4ed316376f2397f180e02e61,9/6/2022 1:08:06 PM
Bearing (1) Ball & Bearing (2) Outer 50 Trial 12.csv,Fault data split 50/Bearing (1) Ball & Bearing (2) Outer 50 Trial 12.csv,1,3,12,64000,702956fb9d13568d0695d0381fe22deea34e526423f2c522fc519f422d90d284,9/6/2022 1:08:25 PM
Bearing (1) Ball & Bearing (2) Outer 50 Trial 13.csv,Fault data split 50/Bearing (1) Ball & Bearing (2) Outer 50 Trial 13.csv,1,3,13,64000,7060afacf9b61082dfd3e461bd68268ce77616fe964dc263f0bef97d2f84bac8,9/6/2022 1:08:41 PM
Bearing (1) Ball & Bearing (2) Outer 50 Trial 14.csv,Fault data split 50/Bearing (1) Ball & Bearing (2) Outer 50 Trial 14.csv,1,3,14,64000,e72794dc9ced18606f6bc36b5987f843c20fc6b5d196d0095b18ebaf5349da47,9/6/2022 1:08:58 PM
Bearing (1) Ball & Bearing (2) Outer 50 Trial 15.csv,Fault data split 50/Bearing (1) Ball & Bearing (2) Outer 50 Trial 15.csv,1,3,15,64000,4772fc143e9460fafea9310255a9931612d6d78e92c580cc0edf6732dbf50290,9/6/2022 1:09:17 PM
Bearing (1) Ball & Bearing (2) Outer 50 Trial 16.csv,Fault data split 50/Bearing (1) Ball & Bearing (2) Outer 50 Trial 16.csv,1,3,16,64000,4375a63d7eda358ba5041090dc49f73b168efa7828dbc1e18b2b0f612f5d60cc,9/6/2022 1:09:35 PM
Bearing (1) Ball & Bearing (2) Outer 50 Trial 17.csv,Fault data split 50/Bearing (1) Ball & Bearing (2) Outer 50 Trial 17.csv,1,3,17,64000,8d2b2b8b1eb98c4810d9f6b96f31c4b667e20321ca57527ef47c8778f93e7310,9/6/2022 1:09:54 PM
Bearing (1) Ball & Bearing (2) Outer 50 Trial 18.csv,Fault data split 50/Bearing (1) Ball & Bearing (2) Outer 50 Trial 18.csv,1,3,18,64000,94846136eee0b6a9d794b9ae9eeb4a9e3d5e1dcbb60b3d7ac5ec4d7c61a0e7af,9/6/2022 1:10:16 PM
Bearing (1) Ball & Bearing (2) Outer 50 Trial 19.csv,Fault data split 50/Bearing (1) Ball & Bearing (2) Outer 50 Trial 19.csv,1,3,19,64000,1ce94b6188735d1f2b64ae82772c84331f2795472a474b0256e4dec442b2abdf,9/6/2022 1:10:34 PM
Bearing (1) Ball & Bearing (2) Outer 50 Trial 2.csv,Fault data split 50/Bearing (1) Ball & Bearing (2) Outer 50 Trial 2.csv,1,3,2,64000,a054d3986db361a8f40e1842c6f09586b65003ec59361b0df7c9531197e51bcf,9/6/2022 1:05:14 PM
Bearing (1) Ball & Bearing (2) Outer 50 Trial 20.csv,Fault data split 50/Bearing (1) Ball & Bearing (2) Outer 50 Trial 20.csv,1,3,20,64000,032e669d042e8564db49d296febf24c316942c6af45b370515d72aa1283a2c15,9/6/2022 1:10:53 PM
Bearing (1) Ball & Bearing (2) Outer 50 Trial 21.csv,Fault data split 50/Bearing (1) Ball & Bearing (2) Outer 50 Trial 21.csv,1,3,21,64000,6581c8f532dcb3652678f681e5fe8f64c4a26b935ade09e6970a81381d2c5ce0,9/6/2022 1:11:09 PM
Bearing (1) Ball & Bearing (2) Outer 50 Trial 22.csv,Fault data split 50/Bearing (1) Ball & Bearing (2) Outer 50 Trial 22.csv,1,3,22,64000,079e0f31f34621976315d115b7517a0d79ff082827ade76eba8020a7006adef0,9/6/2022 1:11:29 PM
Bearing (1) Ball & Bearing (2) Outer 50 Trial 23.csv,Fault data split 50/Bearing (1) Ball & Bearing (2) Outer 50 Trial 23.csv,1,3,23,64000,b4bb8867227a8891dac41fe15bf9d6b2c7689ab1bf306d87b14da2cb92df0963,9/6/2022 1:11:48 PM
Bearing (1) Ball & Bearing (2) Outer 50 Trial 24.csv,Fault data split 50/Bearing (1) Ball & Bearing (2) Outer 50 Trial 24.csv,1,3,24,64000,ff3693c25ae7e3c332dcebf8396aac0890920325b8309f924c31d2e607c62f12,9/6/2022 1:12:07 PM
Bearing (1) Ball & Bearing (2) Outer 50 Trial 25.csv,Fault data split 50/Bearing (1) Ball & Bearing (2) Outer 50 Trial 25.csv,1,3,25,64000,d1dea19402bc1ca1985d37d9872ebce984c7fff1d7c69e3af10ae19b4911c5b3,9/6/2022 1:12:24 PM
Bearing (1) Ball & Bearing (2) Outer 50 Trial 3.csv,Fault data split 50/Bearing (1) Ball & Bearing (2) Outer 50 Trial 3.csv,1,3,3,64000,32609e17d79c40e8eda31d6865e13a0c5560f696a84dbcbace40d521eafb309b,9/6/2022 1:05:33 PM
Bearing (1) Ball & Bearing (2) Outer 50 Trial 4.csv,Fault data split 50/Bearing (1) Ball & Bearing (2) Outer 50 Trial 4.csv,1,3,4,64000,cb780d0d65495db9f343d8f83f79321ba10b75ef86a58baeb9b5e475b0777b58,9/6/2022 1:05:51 PM
Bearing (1) Ball & Bearing (2) Outer 50 Trial 5.csv,Fault data split 50/Bearing (1) Ball & Bearing (2) Outer 50 Trial 5.csv,1,3,5,64000,bc5753dc689890310bb8561801b3100fb4db7631a6ee21be93040bf843d59eed,9/6/2022 1:06:22 PM
Bearing (1) Ball & Bearing (2) Outer 50 Trial 6.csv,Fault data split 50/Bearing (1) Ball & Bearing (2) Outer 50 Trial 6.csv,1,3,6,64000,a8c966b13e4aeef92dd5da0ad5cd23be0d9063b9ea420fc8a0869a8e8edf7b74,9/6/2022 1:06:39 PM
Bearing (1) Ball & Bearing (2) Outer 50 Trial 7.csv,Fault data split 50/Bearing (1) Ball & Bearing (2) Outer 50 Trial 7.csv,1,3,7,64000,c53de7a670485090c99501ae276bdceb7ec55419ab0fc67da1f7c4886cf5e365,9/6/2022 1:06:56 PM
Bearing (1) Ball & Bearing (2) Outer 50 Trial 8.csv,Fault data split 50/Bearing (1) Ball & Bearing (2) Outer 50 Trial 8.csv,1,3,8,64000,34b8d606c664c8fb090281841a7a748c9f6fc25bd9e691812904d29d9b9ae141,9/6/2022 1:07:12 PM
Bearing (1) Ball & Bearing (2) Outer 50 Trial 9.csv,Fault data split 50/Bearing (1) Ball & Bearing (2) Outer 50 Trial 9.csv,1,3,9,64000,7ba15664163972cfe1e9ef52d7e7ee074675f3fe368194eeb9f59d6c4b06756d,9/6/2022 1:07:31 PM
Bearing (1) Ball & Shaft Fault ( Coupling End Bent) 50 Trial 1.csv,Fault data split 50/Bearing (1) Ball & Shaft Fault ( Coupling End Bent) 50 Trial 1.csv,1,5,1,64000,7a61ae7b70e2479add5a3d3f28774ec4b5b777b9c4504290916ac2d7d45d7cbe,9/20/2022 12:18:49 PM
Bearing (1) Ball & Shaft Fault ( Coupling End Bent) 50 Trial 10.csv,Fault data split 50/Bearing (1) Ball & Shaft Fault ( Coupling End Bent) 50 Trial 10.csv,1,5,10,64000,969070b9443d55726129615882a954eb965820c342ae5fed3608d29702e2c773,9/20/2022 12:21:17 PM
Bearing (1) Ball & Shaft Fault ( Coupling End Bent) 50 Trial 11.csv,Fault data split 50/Bearing (1) Ball & Shaft Fault ( Coupling End Bent) 50 Trial 11.csv,1,5,11,64000,5f2dd762ca68e65cc9384210fc7387aff7d88b0c1b138af807b36aa87055dcbd,9/20/2022 12:21:31 PM
Bearing (1) Ball & Shaft Fault ( Coupling End Bent) 50 Trial 12.csv,Fault data split 50/Bearing (1) Ball & Shaft Fault ( Coupling End Bent) 50 Trial 12.csv,1,5,12,64000,a85a0587eceb6af077db9c05233c871ad282e1d808abc99fe343fab5901a04a1,9/20/2022 12:21:45 PM
Bearing (1) Ball & Shaft Fault ( Coupling End Bent) 50 Trial 13.csv,Fault data split 50/Bearing (1) Ball & Shaft Fault ( Coupling End Bent) 50 Trial 13.csv,1,5,13,64000,eca4f30cec0ee488dbe7f287a21ecdf0c560a0ba4a2249a9074dc3cba0df891b,9/20/2022 12:22:06 PM
Bearing (1) Ball & Shaft Fault ( Coupling End Bent) 50 Trial 14.csv,Fault data split 50/Bearing (1) Ball & Shaft Fault ( Coupling End Bent) 50 Trial 14.csv,1,5,14,64000,08526ef86cd2be16ac8cc91ac4d1842a8aa696eb03652331d556b009ce7e2f0e,9/20/2022 12:22:26 PM
Bearing (1) Ball & Shaft Fault ( Coupling End Bent) 50 Trial 15.csv,Fault data split 50/Bearing (1) Ball & Shaft Fault ( Coupling End Bent) 50 Trial 15.csv,1,5,15,64000,31eccd610f8d4d51902c938d161505efff63467f7353a892be9e203aa839e14b,9/20/2022 12:22:41 PM
Bearing (1) Ball & Shaft Fault ( Coupling End Bent) 50 Trial 16.csv,Fault data split 50/Bearing (1) Ball & Shaft Fault ( Coupling End Bent) 50 Trial 16.csv,1,5,16,64000,017922749b719a9050a80db4102c7e24cb9cf4e40551e7581a9f874fe6ac465e,9/20/2022 12:23:02 PM
Bearing (1) Ball & Shaft Fault ( Coupling End Bent) 50 Trial 17.csv,Fault data split 50/Bearing (1) Ball & Shaft Fault ( Coupling End Bent) 50 Trial 17.csv,1,5,17,64000,98bf69dea502caf12278ecbdbde3b2b7e1009ee4655008cce4515e552ab1f2b5,9/20/2022 12:23:18 PM
Bearing (1) Ball & Shaft Fault ( Coupling End Bent) 50 Trial 18.csv,Fault data split 50/Bearing (1) Ball & Shaft Fault ( Coupling End Bent) 50 Trial 18.csv,1,5,18,64000,b8cc8834376b6b626d92748303bce1edc296bd8ad3dd11bf3b5e4e72f92e6df6,9/20/2022 12:23:34 PM
Bearing (1) Ball & Shaft Fault ( Coupling End Bent) 50 Trial 19.csv,Fault data split 50/Bearing (1) Ball & Shaft Fault ( Coupling End Bent) 50 Trial 19.csv,1,5,19,64000,3191c4a170f44c6cc6d37232d554895a9131e5d4d271f5f66e60201708e94bdb,9/20/2022 12:23:49 PM
Bearing (1) Ball & Shaft Fault ( Coupling End Bent) 50 Trial 2.csv,Fault data split 50/Bearing (1) Ball & Shaft Fault ( Coupling End Bent) 50 Trial 2.csv,1,5,2,64000,432c9c8e15baea2b89b93ceac35fb5f7a2918863ca16dc1f7b2e2971b5b783bd,9/20/2022 12:19:02 PM
Bearing (1) Ball & Shaft Fault ( Coupling End Bent) 50 Trial 20.csv,Fault data split 50/Bearing (1) Ball & Shaft Fault ( Coupling End Bent) 50 Trial 20.csv,1,5,20,64000,c0e706bd61da39e6ec1a283dadaeceb8bddfe0e8916d107f65a336eca15ba0b6,9/20/2022 12:24:10 PM
Bearing (1) Ball & Shaft Fault ( Coupling End Bent) 50 Trial 21.csv,Fault data split 50/Bearing (1) Ball & Shaft Fault ( Coupling End Bent) 50 Trial 21.csv,1,5,21,64000,52eeb24a3519be103de1f4292979d67d4985404140df53101e22470df67a7080,9/20/2022 12:24:26 PM
Bearing (1) Ball & Shaft Fault ( Coupling End Bent) 50 Trial 22.csv,Fault data split 50/Bearing (1) Ball & Shaft Fault ( Coupling End Bent) 50 Trial 22.csv,1,5,22,64000,a7eb369e885e3f9df760eabb965c98bee979cb8866dba2c2234ab13cf907ab39,9/20/2022 12:24:44 PM
Bearing (1) Ball & Shaft Fault ( Coupling End Bent) 50 Trial 23.csv,Fault data split 50/Bearing (1) Ball & Shaft Fault ( Coupling End Bent) 50 Trial 23.csv,1,5,23,64000,8f54a7df82827b8782a7441e1f6bb1d8aabd2c540234ea101042a879c6359ef3,9/20/2022 12:24:59 PM
Bearing (1) Ball & Shaft Fault ( Coupling End Bent) 50 Trial 24.csv,Fault data split 50/Bearing (1) Ball & Shaft Fault ( Coupling End Bent) 50 Trial 24.csv,1,5,24,64000,c3e4aade7c0912f6981448ae6df1879ecf319c02471d8b9cb414211475532dcb,9/20/2022 12:25:15 PM
Bearing (1) Ball & Shaft Fault ( Coupling End Bent) 50 Trial 25.csv,Fault data split 50/Bearing (1) Ball & Shaft Fault ( Coupling End Bent) 50 Trial 25.csv,1,5,25,64000,4d7039b1a3f7035b773e38ca458367f8521389547c95d1c616b4ce238876b887,9/20/2022 12:25:33 PM
Bearing (1) Ball & Shaft Fault ( Coupling End Bent) 50 Trial 3.csv,Fault data split 50/Bearing (1) Ball & Shaft Fault ( Coupling End Bent) 50 Trial 3.csv,1,5,3,64000,fdaae29af6305b6583f4f14aa2ce0521dc67390af9f5902061e7983239bcbd5c,9/20/2022 12:19:17 PM
Bearing (1) Ball & Shaft Fault ( Coupling End Bent) 50 Trial 4.csv,Fault data split 50/Bearing (1) Ball & Shaft Fault ( Coupling End Bent) 50 Trial 4.csv,1,5,4,64000,8af87bc4f5aea9e77b30a2ed3d1212cedae8e24d2681395e5705ee06fa475bfd,9/20/2022 12:19:32 PM
Bearing (1) Ball & Shaft Fault ( Coupling End Bent) 50 Trial 5.csv,Fault data split 50/Bearing (1) Ball & Shaft Fault ( Coupling End Bent) 50 Trial 5.csv,1,5,5,64000,fea8c9f9f7f96e475a8d7f2be1abd056e31629707c4660fe2d55445716c03c3b,9/20/2022 12:19:46 PM
Bearing (1) Ball & Shaft Fault ( Coupling End Bent) 50 Trial 6.csv,Fault data split 50/Bearing (1) Ball & Shaft Fault ( Coupling End Bent) 50 Trial 6.csv,1,5,6,64000,940689b1f7619a2a1aa9839000e9df4932fa0eb91c216bbf090ed95de4ee81c1,9/20/2022 12:20:02 PM
Bearing (1) Ball & Shaft Fault ( Coupling End Bent) 50 Trial 7.csv,Fault data split 50/Bearing (1) Ball & Shaft Fault ( Coupling End Bent) 50 Trial 7.csv,1,5,7,64000,ce23df27fc7b2d883ee3b653c5c71e1043c304ea69cd20e7383ed87e337a249d,9/20/2022 12:20:17 PM
Bearing (1) Ball & Shaft Fault ( Coupling End Bent) 50 Trial 8.csv,Fault data split 50/Bearing (1) Ball & Shaft Fault ( Coupling End Bent) 50 Trial 8.csv,1,5,8,64000,80f83db5caf07b66085c832976ae110bfdf2d7bbbfb7193cd9b2b985cf5dd06f,9/20/2022 12:20:41 PM
Bearing (1) Ball & Shaft Fault ( Coupling End Bent) 50 Trial 9.csv,Fault data split 50/Bearing (1) Ball & Shaft Fault ( Coupling End Bent) 50 Trial 9.csv,1,5,9,64000,bf53466b81335a92c71cdff075f5518360339178a4d5712b84ae8444b100d79e,9/20/2022 12:20:57 PM
Bearing (1) Ball & Shaft Fault (Centerally bent) 50 Trial 1.csv,Fault data split 50/Bearing (1) Ball & Shaft Fault (Centerally bent) 50 Trial 1.csv,1,4,1,64000,0d950623a9615e7bdf2672ddcfc7a0dcab4f2023737fbb96c555f4c92747f558,9/29/2022 1:41:17 PM
Bearing (1) Ball & Shaft Fault (Centerally bent) 50 Trial 10.csv,Fault data split 50/Bearing (1) Ball & Shaft Fault (Centerally bent) 50 Trial 10.csv,1,4,10,64000,7a599e33ca09bfa8e09b7476524a5a32b8934296fc9119ac83eb7465fbec1f94,9/29/2022 1:43:46 PM
Bearing (1) Ball & Shaft Fault (Centerally bent) 50 Trial 11.csv,Fault data split 50/Bearing (1) Ball & Shaft Fault (Centerally bent) 50 Trial 11.csv,1,4,11,64000,4dfb0c68f0f54e5ea2f5735e20890bb30430dfca4f8922963de9a4a3b2353376,9/29/2022 1:44:01 PM
Bearing (1) Ball & Shaft Fault (Centerally bent) 50 Trial 12.csv,Fault data split 50/Bearing (1) Ball & Shaft Fault (Centerally bent) 50 Trial 12.csv,1,4,12,64000,f5a2fc936c25012ba233d86ed4de55ec58cc696da542ae393e4a25e32a0ef94a,9/29/2022 1:44:16 PM
Bearing (1) Ball & Shaft Fault (Centerally bent) 50 Trial 13.csv,Fault data split 50/Bearing (1) Ball & Shaft Fault (Centerally bent) 50 Trial 13.csv,1,4,13,64000,605ccaf8c213e244a65ff6962f57e8e5e568d69ba1313f56c9db339fb764ee43,9/29/2022 1:44:31 PM
Bearing (1) Ball & Shaft Fault (Centerally bent) 50 Trial 14.csv,Fault data split 50/Bearing (1) Ball & Shaft Fault (Centerally bent) 50 Trial 14.csv,1,4,14,64000,48d568729754b10e63883e86b1386df683b2c14eecd54e408a7bf4296607b384,9/29/2022 1:44:46 PM
Bearing (1) Ball & Shaft Fault (Centerally bent) 50 Trial 15.csv,Fault data split 50/Bearing (1) Ball & Shaft Fault (Centerally bent) 50 Trial 15.csv,1,4,15,64000,c5864e0ea80b61e422ba193a7d6dccd3c87fde78bb11e9a1f44f63237f8aedc8,9/29/2022 1:45:01 PM
Bearing (1) Ball & Shaft Fault (Centerally bent) 50 Trial 16.csv,Fault data split 50/Bearing (1) Ball & Shaft Fault (Centerally bent) 50 Trial 16.csv,1,4,16,64000,fc47bd0817716e5f58353eb4838708e5ad8fc26261ddb7257397499b2c5c9166,9/29/2022 1:45:15 PM
Bearing (1) Ball & Shaft Fault (Centerally bent) 50 Trial 17.csv,Fault data split 50/Bearing (1) Ball & Shaft Fault (Centerally bent) 50 Trial 17.csv,1,4,17,64000,2c1f84ff0ac9c7de88698ac0bcdf9a14e24a9dfd00d2c5c53897b4f1101fa264,9/29/2022 1:45:31 PM
Bearing (1) Ball & Shaft Fault (Centerally bent) 50 Trial 18.csv,Fault data split 50/Bearing (1) Ball & Shaft Fault (Centerally bent) 50 Trial 18.csv,1,4,18,64000,0b9ab67e52c58e70db395bc0b5b072be98e3ecb1ab383e91a98ce8dceb94c11b,9/29/2022 1:45:46 PM
Bearing (1) Ball & Shaft Fault (Centerally bent) 50 Trial 19.csv,Fault data split 50/Bearing (1) Ball & Shaft Fault (Centerally bent) 50 Trial 19.csv,1,4,19,64000,685b0520055ff338310d38f9ae1ad690d505f06d286bec4bdec7219a1e2ab744,9/29/2022 1:46:01 PM
Bearing (1) Ball & Shaft Fault (Centerally bent) 50 Trial 2.csv,Fault data split 50/Bearing (1) Ball & Shaft Fault (Centerally bent) 50 Trial 2.csv,1,4,2,64000,2e89f9192232ef4b2bdd47bd026ee40950995fdb567595731a7fd234d2e2a71e,9/29/2022 1:41:45 PM
Bearing (1) Ball & Shaft Fault (Centerally bent) 50 Trial 20.csv,Fault data split 50/Bearing (1) Ball & Shaft Fault (Centerally bent) 50 Trial 20.csv,1,4,20,64000,6038dd5fb43a4210f2aead9f664d49b6760e7f31fc070db72efd9838fa16bbef,9/29/2022 1:46:18 PM
Bearing (1) Ball & Shaft Fault (Centerally bent) 50 Trial 21.csv,Fault data split 50/Bearing (1) Ball & Shaft Fault (Centerally bent) 50 Trial 21.csv,1,4,21,64000,e8fad29163b738290ec3b2e4511eb90386f590bf115c798affde72101fce446a,9/29/2022 1:46:34 PM
Bearing (1) Ball & Shaft Fault (Centerally bent) 50 Trial 22.csv,Fault data split 50/Bearing (1) Ball & Shaft Fault (Centerally bent) 50 Trial 22.csv,1,4,22,64000,4f73635803ddc471020c7d81aefe7c39403365cd149fd04865ae21b5cb8bcabf,9/29/2022 1:46:49 PM
Bearing (1) Ball & Shaft Fault (Centerally bent) 50 Trial 23.csv,Fault data split 50/Bearing (1) Ball & Shaft Fault (Centerally bent) 50 Trial 23.csv,1,4,23,64000,87a4a51120f1ace9338f91110e17adff7aa75468cf9c31574fba54107ab3f447,9/29/2022 1:47:07 PM
Bearing (1) Ball & Shaft Fault (Centerally bent) 50 Trial 24.csv,Fault data split 50/Bearing (1) Ball & Shaft Fault (Centerally bent) 50 Trial 24.csv,1,4,24,64000,c602fde2b266c54bc383aaa8bc36cb500cb3d8b295897faf7d8fdd5685be58c9,9/29/2022 1:47:24 PM
Bearing (1) Ball & Shaft Fault (Centerally bent) 50 Trial 25.csv,Fault data split 50/Bearing (1) Ball & Shaft Fault (Centerally bent) 50 Trial 25.csv,1,4,25,64000,ee6553a8da8423397e85a7ec8b142cdfed258bf385edeea3ddf6e7a8aae0d1d7,9/29/2022 1:47:41 PM
Bearing (1) Ball & Shaft Fault (Centerally bent) 50 Trial 3.csv,Fault data split 50/Bearing (1) Ball & Shaft Fault (Centerally bent) 50 Trial 3.csv,1,4,3,64000,543717c830298cc2713e1a983c726dd903bbc9b0523352a901f7a82551154b08,9/29/2022 1:42:07 PM
Bearing (1) Ball & Shaft Fault (Centerally bent) 50 Trial 4.csv,Fault data split 50/Bearing (1) Ball & Shaft Fault (Centerally bent) 50 Trial 4.csv,1,4,4,64000,a67a0b39219c7bc26e880827e8904bb8f2593cb162ae201093e4532b4d2f1d18,9/29/2022 1:42:27 PM
Bearing (1) Ball & Shaft Fault (Centerally bent) 50 Trial 5.csv,Fault data split 50/Bearing (1) Ball & Shaft Fault (Centerally bent) 50 Trial 5.csv,1,4,5,64000,125b392214bb44ffbb3c66cbdd266920940dd133031a5437fa1c64b4c97a3d78,9/29/2022 2:00:14 PM
Bearing (1) Ball & Shaft Fault (Centerally bent) 50 Trial 6.csv,Fault data split 50/Bearing (1) Ball & Shaft Fault (Centerally bent) 50 Trial 6.csv,1,4,6,64000,2f13c1aedb06d11a4a2549ed7b921d53049a6733dcc2cda625b6f212c6bf643c,9/29/2022 2:00:34 PM
Bearing (1) Ball & Shaft Fault (Centerally bent) 50 Trial 7.csv,Fault data split 50/Bearing (1) Ball & Shaft Fault (Centerally bent) 50 Trial 7.csv,1,4,7,64000,608d813814003d9e256d5c69f765ea3a488e0e56b0e2b0cd4899bf7bca1d29d4,9/29/2022 1:42:54 PM
Bearing (1) Ball & Shaft Fault (Centerally bent) 50 Trial 8.csv,Fault data split 50/Bearing (1) Ball & Shaft Fault (Centerally bent) 50 Trial 8.csv,1,4,8,64000,b168835aa92c485eeaa18dda356015d9eaf0fbadf046cfe14211dc52e9fde9a0,9/29/2022 1:43:13 PM
Bearing (1) Ball & Shaft Fault (Centerally bent) 50 Trial 9.csv,Fault data split 50/Bearing (1) Ball & Shaft Fault (Centerally bent) 50 Trial 9.csv,1,4,9,64000,a18155524fb714a6f5364720e5fc3388ccb16339f42cd838038c792ad1f88ff6,9/29/2022 1:43:32 PM
Bearing (1) Ball 50 Trial 1.csv,Fault data split 50/Bearing (1) Ball 50 Trial 1.csv,1,11,1,64000,3539d0f0c2bc0de27385d9f77be7e9903a6e3dce49b2a58e0af5b48683ba83f8,9/6/2022 12:05:35 PM
Bearing (1) Ball 50 Trial 10.csv,Fault data split 50/Bearing (1) Ball 50 Trial 10.csv,1,11,10,64000,515edd5782ae838c6783051f8515a0ed5a2b7dd9a552698c1df30dd7e60aabdf,9/6/2022 12:08:00 PM
Bearing (1) Ball 50 Trial 11.csv,Fault data split 50/Bearing (1) Ball 50 Trial 11.csv,1,11,11,64000,cd31fd2bb287c292e64bc0b8633df2786c9cb34025cdfc6fa3fec32b46970dc2,9/6/2022 12:08:15 PM
Bearing (1) Ball 50 Trial 12.csv,Fault data split 50/Bearing (1) Ball 50 Trial 12.csv,1,11,12,64000,80dae52cbb42d6853c40709b40f0382572b10cd99186995c35451d440841c1f1,9/6/2022 12:08:30 PM
Bearing (1) Ball 50 Trial 13.csv,Fault data split 50/Bearing (1) Ball 50 Trial 13.csv,1,11,13,64000,1e05c0ead62983a51064d456aca8e593007f4fe4697c2b18f239548fc52f9819,9/6/2022 12:08:46 PM
Bearing (1) Ball 50 Trial 14.csv,Fault data split 50/Bearing (1) Ball 50 Trial 14.csv,1,11,14,64000,d6de819913f13bb5fe8fa0cc75c13a2e9afae1f09e0714f2d95111ab57cd9ea2,9/6/2022 12:09:02 PM
Bearing (1) Ball 50 Trial 15.csv,Fault data split 50/Bearing (1) Ball 50 Trial 15.csv,1,11,15,64000,7d357fbe8d0926afe6950fa99be76f21f0bf2c0ac37a24244a925c5363a447d7,9/6/2022 12:09:17 PM
Bearing (1) Ball 50 Trial 16.csv,Fault data split 50/Bearing (1) Ball 50 Trial 16.csv,1,11,16,64000,48c9eb79d2c3f5c0d396e3b80c02dd611f3e89c4616714fd3f64ab7a6d6a826d,9/6/2022 12:09:33 PM
Bearing (1) Ball 50 Trial 17.csv,Fault data split 50/Bearing (1) Ball 50 Trial 17.csv,1,11,17,64000,18340eeb52a50b5016922f3d027de5f11bb855d550a477e17acfccc3363d0cbd,9/6/2022 12:09:52 PM
Bearing (1) Ball 50 Trial 18.csv,Fault data split 50/Bearing (1) Ball 50 Trial 18.csv,1,11,18,64000,68f2c7598bdcb40718c10469dcb907b2ec3bcdcbe5e32d23ce44aa78bb32acf4,9/6/2022 12:10:12 PM
Bearing (1) Ball 50 Trial 19.csv,Fault data split 50/Bearing (1) Ball 50 Trial 19.csv,1,11,19,64000,cedc8957f11a31046f77bac0d817aaef5c81291542838f88f78a5c8b72d52c57,9/6/2022 12:10:30 PM
Bearing (1) Ball 50 Trial 2.csv,Fault data split 50/Bearing (1) Ball 50 Trial 2.csv,1,11,2,64000,60948f88c3f08c103e8bb37a9f38affc63a96d8d756edc9fba196c85288f2b1d,9/6/2022 12:05:51 PM
Bearing (1) Ball 50 Trial 20.csv,Fault data split 50/Bearing (1) Ball 50 Trial 20.csv,1,11,20,64000,4910ff9ac9e1be3bc1adbc6a92182a4b0352f95847e978f6cb1288fc7c071a96,9/6/2022 12:10:46 PM
Bearing (1) Ball 50 Trial 21.csv,Fault data split 50/Bearing (1) Ball 50 Trial 21.csv,1,11,21,64000,8ed7f9463e2c32776153b1c3153d3a30f9d2d761a97f299b7f2b1037ec1c9c75,9/6/2022 12:11:03 PM
Bearing (1) Ball 50 Trial 22.csv,Fault data split 50/Bearing (1) Ball 50 Trial 22.csv,1,11,22,64000,4fbc0ba362751a59bb62be4202bd38584c20c30f459544966bb2935930dff93a,9/6/2022 12:11:19 PM
Bearing (1) Ball 50 Trial 23.csv,Fault data split 50/Bearing (1) Ball 50 Trial 23.csv,1,11,23,64000,d255d8bb2f514b8bcb67e107102d8658e2b9969513f7279ecd8752e4cae708b4,9/6/2022 12:11:36 PM
Bearing (1) Ball 50 Trial 24.csv,Fault data split 50/Bearing (1) Ball 50 Trial 24.csv,1,11,24,64000,90ae000a9dc750f46c16021235822970321665fcb08baa88c555d5261a0de289,9/6/2022 12:11:53 PM
Bearing (1) Ball 50 Trial 25.csv,Fault data split 50/Bearing (1) Ball 50 Trial 25.csv,1,11,25,64000,6cac1a8e820edde73bbef23e20d4f996f8a241d8fa6efb326147c6e8dc6958b1,9/6/2022 12:12:10 PM
Bearing (1) Ball 50 Trial 3.csv,Fault data split 50/Bearing (1) Ball 50 Trial 3.csv,1,11,3,64000,51dac25723de56e8a466fd8026085b38a49eca61346eef6fbb26ea1216fb91fd,9/6/2022 12:06:05 PM
Bearing (1) Ball 50 Trial 4.csv,Fault data split 50/Bearing (1) Ball 50 Trial 4.csv,1,11,4,64000,bb30b983ea8dd57f5a707eda3ccc250e87e2ac274726764f8df94a61084fc26e,9/6/2022 12:06:20 PM
Bearing (1) Ball 50 Trial 5.csv,Fault data split 50/Bearing (1) Ball 50 Trial 5.csv,1,11,5,64000,ea7e8488e18eee89b58d8557893eb4860d48b39eac867814db8c7769ca7d5d6e,9/6/2022 12:06:38 PM
Bearing (1) Ball 50 Trial 6.csv,Fault data split 50/Bearing (1) Ball 50 Trial 6.csv,1,11,6,64000,422a61db711d84fc528d47ac715cc06bc00fe3a7ad6d380e04f85d57474668cc,9/6/2022 12:06:54 PM
Bearing (1) Ball 50 Trial 7.csv,Fault data split 50/Bearing (1) Ball 50 Trial 7.csv,1,11,7,64000,ed7986977cd10b0c277aee44b13fe382dad3aaca00d005355c81091dcc582081,9/6/2022 12:07:12 PM
Bearing (1) Ball 50 Trial 8.csv,Fault data split 50/Bearing (1) Ball 50 Trial 8.csv,1,11,8,64000,47a7b10ba145377527e126caa4236fed58cbe873a0f95ffa6b04f79586cf5559,9/6/2022 12:07:28 PM
Bearing (1) Ball 50 Trial 9.csv,Fault data split 50/Bearing (1) Ball 50 Trial 9.csv,1,11,9,64000,04395f1aa47a8a30f8e97fd29817fb862b598ed7906a15db1d5036cd04566ca4,9/6/2022 12:07:44 PM
Bearing (1) Combination & Bearing (2) Ball 50 Trial 1.csv,Fault data split 50/Bearing (1) Combination & Bearing (2) Ball 50 Trial 1.csv,1,6,1,64000,d8902ab472bf7ce0f4c00b0a18405a119d55c7c72825042e8036ce458bd759a4,9/17/2022 6:03:53 PM
Bearing (1) Combination & Bearing (2) Ball 50 Trial 10.csv,Fault data split 50/Bearing (1) Combination & Bearing (2) Ball 50 Trial 10.csv,1,6,10,64000,3290db5da0382126201064dd12b4f740fcda1b074c24ae107892a36bf6a86755,9/17/2022 6:06:35 PM
Bearing (1) Combination & Bearing (2) Ball 50 Trial 11.csv,Fault data split 50/Bearing (1) Combination & Bearing (2) Ball 50 Trial 11.csv,1,6,11,64000,7915588d33bb2cbb98e8aacf458388d7da9641d75086866b8cac0f0d46f383d3,9/17/2022 6:07:03 PM
Bearing (1) Combination & Bearing (2) Ball 50 Trial 12.csv,Fault data split 50/Bearing (1) Combination & Bearing (2) Ball 50 Trial 12.csv,1,6,12,64000,bf79d01471252f79ab26415ffdc4524a60ae8956cf2266fdb8d88209679c8c15,9/17/2022 6:07:19 PM
Bearing (1) Combination & Bearing (2) Ball 50 Trial 13.csv,Fault data split 50/Bearing (1) Combination & Bearing (2) Ball 50 Trial 13.csv,1,6,13,64000,2573d4e8463e1540a5cdae12e1e61d752f957c5f20572c89b4e52dbe1ce7dba1,9/17/2022 6:07:42 PM
Bearing (1) Combination & Bearing (2) Ball 50 Trial 14.csv,Fault data split 50/Bearing (1) Combination & Bearing (2) Ball 50 Trial 14.csv,1,6,14,64000,0e51826bdc1552b873db5d7b3a2b4b5939f9bd1eab000a568c4ec33cf5974211,9/17/2022 6:08:05 PM
Bearing (1) Combination & Bearing (2) Ball 50 Trial 15.csv,Fault data split 50/Bearing (1) Combination & Bearing (2) Ball 50 Trial 15.csv,1,6,15,64000,8430644f0978764119cd9490840707a999f983fc82ee4ce6f653e41294986958,9/17/2022 6:08:20 PM
Bearing (1) Combination & Bearing (2) Ball 50 Trial 16.csv,Fault data split 50/Bearing (1) Combination & Bearing (2) Ball 50 Trial 16.csv,1,6,16,64000,98f82ef15f6fe972bbff635725f11651f1479592df3443c48f6d78351a40f474,9/17/2022 6:08:38 PM
Bearing (1) Combination & Bearing (2) Ball 50 Trial 17.csv,Fault data split 50/Bearing (1) Combination & Bearing (2) Ball 50 Trial 17.csv,1,6,17,64000,8fb31794e101429270604a6db327d3b934af3d62771758ac94957e002eaa18c9,9/17/2022 6:08:56 PM
Bearing (1) Combination & Bearing (2) Ball 50 Trial 18.csv,Fault data split 50/Bearing (1) Combination & Bearing (2) Ball 50 Trial 18.csv,1,6,18,64000,68beb2ca2cb4431120cf246045c8e78a65740534f5c2cffef3612313bafda173,9/17/2022 6:09:14 PM
Bearing (1) Combination & Bearing (2) Ball 50 Trial 19.csv,Fault data split 50/Bearing (1) Combination & Bearing (2) Ball 50 Trial 19.csv,1,6,19,64000,c96bc2add789fc5020ca3b1a26161dc00b22b401897f0cb83bf65425d318010b,9/17/2022 6:09:39 PM
Bearing (1) Combination & Bearing (2) Ball 50 Trial 2.csv,Fault data split 50/Bearing (1) Combination & Bearing (2) Ball 50 Trial 2.csv,1,6,2,64000,c21ba904d9cc021726ce808daa185ef5bb3bbe44839b8a42ea831e03231bf947,9/17/2022 6:04:18 PM
Bearing (1) Combination & Bearing (2) Ball 50 Trial 20.csv,Fault data split 50/Bearing (1) Combination & Bearing (2) Ball 50 Trial 20.csv,1,6,20,64000,ad713d95a9776fb38e34b84cdb724c6744174167cf86d3c8f26cf6fb82a91aa8,9/17/2022 6:09:57 PM
Bearing (1) Combination & Bearing (2) Ball 50 Trial 21.csv,Fault data split 50/Bearing (1) Combination & Bearing (2) Ball 50 Trial 21.csv,1,6,21,64000,dc2f83a69b5b59566d4bc72881110f6b22bc3bffda571c16a5a1ace0fffce14e,9/17/2022 6:10:14 PM
Bearing (1) Combination & Bearing (2) Ball 50 Trial 22.csv,Fault data split 50/Bearing (1) Combination & Bearing (2) Ball 50 Trial 22.csv,1,6,22,64000,fd36a7fc090528580a4c8faedbc7ff41b3dac13e3a61a4a9e7a9c30df2060d5f,9/17/2022 6:10:37 PM
Bearing (1) Combination & Bearing (2) Ball 50 Trial 23.csv,Fault data split 50/Bearing (1) Combination & Bearing (2) Ball 50 Trial 23.csv,1,6,23,64000,ab738b8337d1a24308dbadfd9a5ed617ef956c95c6e7ce9719591ff5b4646376,9/17/2022 6:10:55 PM
Bearing (1) Combination & Bearing (2) Ball 50 Trial 24.csv,Fault data split 50/Bearing (1) Combination & Bearing (2) Ball 50 Trial 24.csv,1,6,24,64000,d19de4d616473ddb3e009f854f155c0eed6b71e374b544f761bdea5a86b0ede6,9/17/2022 6:11:12 PM
Bearing (1) Combination & Bearing (2) Ball 50 Trial 25.csv,Fault data split 50/Bearing (1) Combination & Bearing (2) Ball 50 Trial 25.csv,1,6,25,64000,c371d1b42dc8fd2849cca0cdee4f845c7a1eeae4257d22b963ab49944c63569b,9/17/2022 6:11:28 PM
Bearing (1) Combination & Bearing (2) Ball 50 Trial 3.csv,Fault data split 50/Bearing (1) Combination & Bearing (2) Ball 50 Trial 3.csv,1,6,3,64000,b327a31f8b831970068b904f6a6648cc1902479dead201232fa1684b460f7e2f,9/17/2022 6:04:33 PM
Bearing (1) Combination & Bearing (2) Ball 50 Trial 4.csv,Fault data split 50/Bearing (1) Combination & Bearing (2) Ball 50 Trial 4.csv,1,6,4,64000,9536eab255c8249084b82c17ac98f02673784db1081741c9366fcb66f37664ff,9/17/2022 6:04:54 PM
Bearing (1) Combination & Bearing (2) Ball 50 Trial 5.csv,Fault data split 50/Bearing (1) Combination & Bearing (2) Ball 50 Trial 5.csv,1,6,5,64000,ce86d2a4106ec03b001827dd67b465c89973b9a254424aaed9f0a7b2747a603b,9/17/2022 6:05:11 PM
Bearing (1) Combination & Bearing (2) Ball 50 Trial 6.csv,Fault data split 50/Bearing (1) Combination & Bearing (2) Ball 50 Trial 6.csv,1,6,6,64000,ebf90aed57569423ac8d5a825d5259c4d4fbc604e1b18ddfe29a21ba65b9823d,9/17/2022 6:05:27 PM
Bearing (1) Combination & Bearing (2) Ball 50 Trial 7.csv,Fault data split 50/Bearing (1) Combination & Bearing (2) Ball 50 Trial 7.csv,1,6,7,64000,f45a40f3e9233feae787eb29486276156d7c3d37213b6069f43214b23cc1d183,9/17/2022 6:05:42 PM
Bearing (1) Combination & Bearing (2) Ball 50 Trial 8.csv,Fault data split 50/Bearing (1) Combination & Bearing (2) Ball 50 Trial 8.csv,1,6,8,64000,fbfe938d893b9c9ccbed2bdc73385f08d7512c9ca592881ebcfb90ce67a71065,9/17/2022 6:06:05 PM
Bearing (1) Combination & Bearing (2) Ball 50 Trial 9.csv,Fault data split 50/Bearing (1) Combination & Bearing (2) Ball 50 Trial 9.csv,1,6,9,64000,5d741999593037d59e95a9ec141b0c66ca8b00a94f9c6582e64247016b3e9f08,9/17/2022 6:06:21 PM
Bearing (1) Combination & Bearing (2) Inner 50 Trial 1.csv,Fault data split 50/Bearing (1) Combination & Bearing (2) Inner 50 Trial 1.csv,1,7,1,64000,b2a75adcfb9bf69347da5323198ef5c9643981293eb0eec073272bc7426dc345,9/17/2022 6:43:59 PM
Bearing (1) Combination & Bearing (2) Inner 50 Trial 10.csv,Fault data split 50/Bearing (1) Combination & Bearing (2) Inner 50 Trial 10.csv,1,7,10,64000,506709f2e216e096680bf12b8d9727915ad666777a54f15c7b874d4f17fe72c2,9/17/2022 6:46:30 PM
Bearing (1) Combination & Bearing (2) Inner 50 Trial 11.csv,Fault data split 50/Bearing (1) Combination & Bearing (2) Inner 50 Trial 11.csv,1,7,11,64000,fd2c97959d733415a5a10a0eb73fd0d96c06108cd1c8f78d44ab5c227e49e144,9/17/2022 6:46:47 PM
Bearing (1) Combination & Bearing (2) Inner 50 Trial 12.csv,Fault data split 50/Bearing (1) Combination & Bearing (2) Inner 50 Trial 12.csv,1,7,12,64000,d8b9d232eccda14b0031184124233d8ddd0ba82f73e7975a3eb3d951394c6e7b,9/17/2022 6:47:04 PM
Bearing (1) Combination & Bearing (2) Inner 50 Trial 13.csv,Fault data split 50/Bearing (1) Combination & Bearing (2) Inner 50 Trial 13.csv,1,7,13,64000,fe185b0997750801a0d4f99a8780850313120ecb655244ecef6c8fb7d9618f57,9/17/2022 6:47:17 PM
Bearing (1) Combination & Bearing (2) Inner 50 Trial 14.csv,Fault data split 50/Bearing (1) Combination & Bearing (2) Inner 50 Trial 14.csv,1,7,14,64000,9fce05c9dc43349f1445e07992f17a19c23fa11935f7e9bd269ab0e3edb04ce3,9/17/2022 6:47:33 PM
Bearing (1) Combination & Bearing (2) Inner 50 Trial 15.csv,Fault data split 50/Bearing (1) Combination & Bearing (2) Inner 50 Trial 15.csv,1,7,15,64000,1105ad1d3e83a0e0a75684dcce3e420612315c4820778caa47e8a195bbebaada,9/17/2022 6:47:47 PM
Bearing (1) Combination & Bearing (2) Inner 50 Trial 16.csv,Fault data split 50/Bearing (1) Combination & Bearing (2) Inner 50 Trial 16.csv,1,7,16,64000,c792e531cdbcfd8559479b2a0c325b1c08a97ee24611092910ab9dce646d57ca,9/17/2022 6:48:07 PM
Bearing (1) Combination & Bearing (2) Inner 50 Trial 17.csv,Fault data split 50/Bearing (1) Combination & Bearing (2) Inner 50 Trial 17.csv,1,7,17,64000,4dfb2479f56b3a3aa2f48dd25d3b78aec303b2f1bbaf58deff8ed940477f4be5,9/17/2022 6:48:31 PM
Bearing (1) Combination & Bearing (2) Inner 50 Trial 18.csv,Fault data split 50/Bearing (1) Combination & Bearing (2) Inner 50 Trial 18.csv,1,7,18,64000,5b8694abb13c6ab5dff374b66e81bcc87633eb49bd71bf7046f456ac8032dbbe,9/17/2022 6:48:47 PM
Bearing (1) Combination & Bearing (2) Inner 50 Trial 19.csv,Fault data split 50/Bearing (1) Combination & Bearing (2) Inner 50 Trial 19.csv,1,7,19,64000,47d320f741274a095029ffbe2db255fb79f0fe19815f1eb5a622ba8b11672947,9/17/2022 6:49:05 PM
Bearing (1) Combination & Bearing (2) Inner 50 Trial 2.csv,Fault data split 50/Bearing (1) Combination & Bearing (2) Inner 50 Trial 2.csv,1,7,2,64000,8b80a6352c817d36de43ad06b319a0b81bda508d0e499e969977e4f2d86dbd34,9/17/2022 6:44:15 PM
Bearing (1) Combination & Bearing (2) Inner 50 Trial 20.csv,Fault data split 50/Bearing (1) Combination & Bearing (2) Inner 50 Trial 20.csv,1,7,20,64000,b8c8cd028004f3abb5ee4df5743e8643cf289dc607aeb633e930477ee3e84f4f,9/17/2022 6:49:21 PM
Bearing (1) Combination & Bearing (2) Inner 50 Trial 21.csv,Fault data split 50/Bearing (1) Combination & Bearing (2) Inner 50 Trial 21.csv,1,7,21,64000,d567419a05933e8c399efec6b551600d84b6ae82af66b1d0a310f8c5b71d282f,9/17/2022 6:49:35 PM
Bearing (1) Combination & Bearing (2) Inner 50 Trial 22.csv,Fault data split 50/Bearing (1) Combination & Bearing (2) Inner 50 Trial 22.csv,1,7,22,64000,32c42e07a9fdda66dbf2cddcd3e6b9d37b8ea19f138f2a113dd38f146c7158dd,9/17/2022 6:49:50 PM
Bearing (1) Combination & Bearing (2) Inner 50 Trial 23.csv,Fault data split 50/Bearing (1) Combination & Bearing (2) Inner 50 Trial 23.csv,1,7,23,64000,9575a0b16e9f66b389a743e2407a176c2d778571dab71b18fe4a86a6bab16730,9/17/2022 6:50:05 PM
Bearing (1) Combination & Bearing (2) Inner 50 Trial 24.csv,Fault data split 50/Bearing (1) Combination & Bearing (2) Inner 50 Trial 24.csv,1,7,24,64000,ef05e07aae6414f63f5a379ec42031b4758148903199f23340b48e287c68b00a,9/17/2022 6:50:25 PM
Bearing (1) Combination & Bearing (2) Inner 50 Trial 25.csv,Fault data split 50/Bearing (1) Combination & Bearing (2) Inner 50 Trial 25.csv,1,7,25,64000,02f1b8921d719bb0ef811052df38e8e159579ff803ecc550c654167d69a44eee,9/17/2022 6:50:40 PM
Bearing (1) Combination & Bearing (2) Inner 50 Trial 3.csv,Fault data split 50/Bearing (1) Combination & Bearing (2) Inner 50 Trial 3.csv,1,7,3,64000,dac2df2485d8e5cee33d606572c704742eafcea6361fd4a6022afb5e80f1678d,9/17/2022 6:44:34 PM
Bearing (1) Combination & Bearing (2) Inner 50 Trial 4.csv,Fault data split 50/Bearing (1) Combination & Bearing (2) Inner 50 Trial 4.csv,1,7,4,64000,8f2cdfbda8b0464036380545aaeabba8ac25830fd0ed7d781c838051da04028e,9/17/2022 6:44:52 PM
Bearing (1) Combination & Bearing (2) Inner 50 Trial 5.csv,Fault data split 50/Bearing (1) Combination & Bearing (2) Inner 50 Trial 5.csv,1,7,5,64000,70804993bdd8306b45bfaf4ce07ba48670c804677cae8b1a46e19521fa10fa96,9/17/2022 6:45:14 PM
Bearing (1) Combination & Bearing (2) Inner 50 Trial 6.csv,Fault data split 50/Bearing (1) Combination & Bearing (2) Inner 50 Trial 6.csv,1,7,6,64000,699edba6959463cd60f627d2aefab5fe68743c8b77bf91a484ae09dcb6e150f2,9/17/2022 6:45:29 PM
Bearing (1) Combination & Bearing (2) Inner 50 Trial 7.csv,Fault data split 50/Bearing (1) Combination & Bearing (2) Inner 50 Trial 7.csv,1,7,7,64000,77beedd39cb3df02360c6002b6628f7abda38aa6a3732302ec69d115affd5fe0,9/17/2022 6:45:45 PM
Bearing (1) Combination & Bearing (2) Inner 50 Trial 8.csv,Fault data split 50/Bearing (1) Combination & Bearing (2) Inner 50 Trial 8.csv,1,7,8,64000,7c6ed802379c8e77201317538dd7f5801bc4094f2fd574927465c40fc80cdabf,9/17/2022 6:46:02 PM
Bearing (1) Combination & Bearing (2) Inner 50 Trial 9.csv,Fault data split 50/Bearing (1) Combination & Bearing (2) Inner 50 Trial 9.csv,1,7,9,64000,3d7964f1688959ab076e1d7b449fdf0a3b5f59278a6da9ef077f792a09973f73,9/17/2022 6:46:17 PM
Bearing (1) Combination & Bearing (2) Outer 50 Trial 1.csv,Fault data split 50/Bearing (1) Combination & Bearing (2) Outer 50 Trial 1.csv,1,8,1,64000,548d0e57ec224cd6fb5a6390ad69c0300d35039db01758d9ebf2dbef13d83a65,9/17/2022 7:19:31 PM
Bearing (1) Combination & Bearing (2) Outer 50 Trial 10.csv,Fault data split 50/Bearing (1) Combination & Bearing (2) Outer 50 Trial 10.csv,1,8,10,64000,40405404a6a2030faf2fdf38fbbb8f3b4e23729b54b98b9ead36755db902272a,9/17/2022 7:21:56 PM
Bearing (1) Combination & Bearing (2) Outer 50 Trial 11.csv,Fault data split 50/Bearing (1) Combination & Bearing (2) Outer 50 Trial 11.csv,1,8,11,64000,b4a996be58ec156a8270afb746d5ca5c6cac4e6ffa65bef7a7dc041fb5b72d3c,9/17/2022 7:22:10 PM
Bearing (1) Combination & Bearing (2) Outer 50 Trial 12.csv,Fault data split 50/Bearing (1) Combination & Bearing (2) Outer 50 Trial 12.csv,1,8,12,64000,fcee472cda60896994ddf10a569946f54e71b631c5f7a632488ca5b19504c473,9/17/2022 7:22:26 PM
Bearing (1) Combination & Bearing (2) Outer 50 Trial 13.csv,Fault data split 50/Bearing (1) Combination & Bearing (2) Outer 50 Trial 13.csv,1,8,13,64000,2cf71c2243e4808cd0b9fb1b15d0769fd8cc010741884770ed7743d27da0ca00,9/17/2022 7:22:41 PM
Bearing (1) Combination & Bearing (2) Outer 50 Trial 14.csv,Fault data split 50/Bearing (1) Combination & Bearing (2) Outer 50 Trial 14.csv,1,8,14,64000,c49454e98f533f87095c9824c40b7b7b8d14bef59b286eaad9e386960b9d3bf7,9/17/2022 7:22:54 PM
Bearing (1) Combination & Bearing (2) Outer 50 Trial 15.csv,Fault data split 50/Bearing (1) Combination & Bearing (2) Outer 50 Trial 15.csv,1,8,15,64000,993fa480c2cb6cbc857b74821bb1550b30a5a8ecd3e096997db2a5d4b3707b1a,9/17/2022 7:23:10 PM
Bearing (1) Combination & Bearing (2) Outer 50 Trial 16.csv,Fault data split 50/Bearing (1) Combination & Bearing (2) Outer 50 Trial 16.csv,1,8,16,64000,024c02c794d00b649be93d6c954451317926b7688c61186da06742bb1f3de90d,9/17/2022 7:23:29 PM
Bearing (1) Combination & Bearing (2) Outer 50 Trial 17.csv,Fault data split 50/Bearing (1) Combination & Bearing (2) Outer 50 Trial 17.csv,1,8,17,64000,9a3f64ae1782d6065566b6bfa7aa3a26454644a3d41a8deafb64c11a15b82a48,9/17/2022 7:23:49 PM
Bearing (1) Combination & Bearing (2) Outer 50 Trial 18.csv,Fault data split 50/Bearing (1) Combination & Bearing (2) Outer 50 Trial 18.csv,1,8,18,64000,f99ba100d02065ca307c9e1f6408b3fabdb9ff2ddfa9ecdf8c094d05ccb2ff0d,9/17/2022 7:24:04 PM
Bearing (1) Combination & Bearing (2) Outer 50 Trial 19.csv,Fault data split 50/Bearing (1) Combination & Bearing (2) Outer 50 Trial 19.csv,1,8,19,64000,44f0ac1083d9e66d4bf71efd297d5f5418ef199824cd34c016407cc96ee66466,9/17/2022 7:24:28 PM
Bearing (1) Combination & Bearing (2) Outer 50 Trial 2.csv,Fault data split 50/Bearing (1) Combination & Bearing (2) Outer 50 Trial 2.csv,1,8,2,64000,8c282914a5a856d83b15066f9995f7bf6ddbd152582ac4711e7268251431f864,9/17/2022 7:19:46 PM
Bearing (1) Combination & Bearing (2) Outer 50 Trial 20.csv,Fault data split 50/Bearing (1) Combination & Bearing (2) Outer 50 Trial 20.csv,1,8,20,64000,fc9c498f6c523594026261cfbfeb3f4f17bc1fe4f3d6e576ebaa396f4396cab8,9/17/2022 7:24:47 PM
Bearing (1) Combination & Bearing (2) Outer 50 Trial 21.csv,Fault data split 50/Bearing (1) Combination & Bearing (2) Outer 50 Trial 21.csv,1,8,21,64000,6b384c777ff2462797d94facde4dfebe7575ec3c973eeace3ebaeb4442112c89,9/17/2022 7:25:20 PM
Bearing (1) Combination & Bearing (2) Outer 50 Trial 22.csv,Fault data split 50/Bearing (1) Combination & Bearing (2) Outer 50 Trial 22.csv,1,8,22,64000,ad0ef8dd7da476f9937af0f29325698c8467d5c173b4d8920b00b6750abec961,9/17/2022 7:25:44 PM
Bearing (1) Combination & Bearing (2) Outer 50 Trial 23.csv,Fault data split 50/Bearing (1) Combination & Bearing (2) Outer 50 Trial 23.csv,1,8,23,64000,5698ead2ac08a89a942de00b28a6c26cafec325a3821b69681ac5ac0b3d0882b,9/17/2022 7:25:58 PM
Bearing (1) Combination & Bearing (2) Outer 50 Trial 24.csv,Fault data split 50/Bearing (1) Combination & Bearing (2) Outer 50 Trial 24.csv,1,8,24,64000,c2509733c2a0d754ce9e7ea68172fd1f7f5638aac8c9fdbcd396b2731765e512,9/17/2022 7:26:13 PM
Bearing (1) Combination & Bearing (2) Outer 50 Trial 25.csv,Fault data split 50/Bearing (1) Combination & Bearing (2) Outer 50 Trial 25.csv,1,8,25,64000,ddcf97530360b8024bcb554bf307a8b570e7ed1b5ae1054e75c92f91bf19d0c9,9/17/2022 7:26:28 PM
Bearing (1) Combination & Bearing (2) Outer 50 Trial 3.csv,Fault data split 50/Bearing (1) Combination & Bearing (2) Outer 50 Trial 3.csv,1,8,3,64000,acc78c5958df87436895c23f2b3c6931359ad3c9560da3957068e337bff208c2,9/17/2022 7:20:05 PM
Bearing (1) Combination & Bearing (2) Outer 50 Trial 4.csv,Fault data split 50/Bearing (1) Combination & Bearing (2) Outer 50 Trial 4.csv,1,8,4,64000,94cfc469db664961abb5674e1505751c78b701c52f9136e0e5db7092635a9220,9/17/2022 7:20:21 PM
Bearing (1) Combination & Bearing (2) Outer 50 Trial 5.csv,Fault data split 50/Bearing (1) Combination & Bearing (2) Outer 50 Trial 5.csv,1,8,5,64000,244f33e08b07fca74811f3943e8dec4b244b93ed10b44fbd965713cb394957d6,9/17/2022 7:20:36 PM
Bearing (1) Combination & Bearing (2) Outer 50 Trial 6.csv,Fault data split 50/Bearing (1) Combination & Bearing (2) Outer 50 Trial 6.csv,1,8,6,64000,e32a07006f486b7d2d44babfc1f4fe507739f1fb4da48c4ccc65c51838cb8a61,9/17/2022 7:20:57 PM
Bearing (1) Combination & Bearing (2) Outer 50 Trial 7.csv,Fault data split 50/Bearing (1) Combination & Bearing (2) Outer 50 Trial 7.csv,1,8,7,64000,adc30f919063cf746164c4e47ae519fb3b12c68658b054af99011a3c00812911,9/17/2022 7:21:12 PM
Bearing (1) Combination & Bearing (2) Outer 50 Trial 8.csv,Fault data split 50/Bearing (1) Combination & Bearing (2) Outer 50 Trial 8.csv,1,8,8,64000,6964b62857498ed9f483b7446ae9579bd7c2d750e20107823fec81015832cee0,9/17/2022 7:21:27 PM
Bearing (1) Combination & Bearing (2) Outer 50 Trial 9.csv,Fault data split 50/Bearing (1) Combination & Bearing (2) Outer 50 Trial 9.csv,1,8,9,64000,5071775efc6e3cea0a699d06d65cf591bf1505bf4926cbf9e3cdf4c4d41910a1,9/17/2022 7:21:41 PM
Bearing (1) Combination & Shaft Fault ( Coupling End Bent) 50 Trial 1.csv,Fault data split 50/Bearing (1) Combination & Shaft Fault ( Coupling End Bent) 50 Trial 1.csv,1,10,1,64000,d0d4ecbc10c8ada39ed3ae671ef28fbe49cc1442855d5aeda227bfce64e9cdcc,9/20/2022 2:20:08 PM
Bearing (1) Combination & Shaft Fault ( Coupling End Bent) 50 Trial 10.csv,Fault data split 50/Bearing (1) Combination & Shaft Fault ( Coupling End Bent) 50 Trial 10.csv,1,10,10,64000,7fb51039a985d0175bf5345cb8716f46a33889347945495bb5c5abca1df51558,9/20/2022 2:22:31 PM
Bearing (1) Combination & Shaft Fault ( Coupling End Bent) 50 Trial 11.csv,Fault data split 50/Bearing (1) Combination & Shaft Fault ( Coupling End Bent) 50 Trial 11.csv,1,10,11,64000,2250f097eaecf7fb8e0ae37d2e79c986aed079f7a48a5d59c8485e203727a2f3,9/20/2022 2:22:46 PM
Bearing (1) Combination & Shaft Fault ( Coupling End Bent) 50 Trial 12.csv,Fault data split 50/Bearing (1) Combination & Shaft Fault ( Coupling End Bent) 50 Trial 12.csv,1,10,12,64000,fe54ff1718256be1f58cc0b18229701255d2683135c66bd33d7a5730da912881,9/20/2022 2:23:00 PM
Bearing (1) Combination & Shaft Fault ( Coupling End Bent) 50 Trial 13.csv,Fault data split 50/Bearing (1) Combination & Shaft Fault ( Coupling End Bent) 50 Trial 13.csv,1,10,13,64000,17f3eac6c165a2a04aab27a6fcbabeace63dd433d25f7cb3967c95e549986af6,9/20/2022 2:23:16 PM
Bearing (1) Combination & Shaft Fault ( Coupling End Bent) 50 Trial 14.csv,Fault data split 50/Bearing (1) Combination & Shaft Fault ( Coupling End Bent) 50 Trial 14.csv,1,10,14,64000,bf7745cb6bd1a64fd2c2494aa5f5bd3983a503e9695313f4aa53267da69b2f30,9/20/2022 2:23:41 PM
Bearing (1) Combination & Shaft Fault ( Coupling End Bent) 50 Trial 15.csv,Fault data split 50/Bearing (1) Combination & Shaft Fault ( Coupling End Bent) 50 Trial 15.csv,1,10,15,64000,bc95d78129a7da92508fb2a39115c6f4433f0e6904680ca917ec4b6a287821c8,9/20/2022 2:23:59 PM
Bearing (1) Combination & Shaft Fault ( Coupling End Bent) 50 Trial 16.csv,Fault data split 50/Bearing (1) Combination & Shaft Fault ( Coupling End Bent) 50 Trial 16.csv,1,10,16,64000,2dfd6882ada698f809ea40cbd60c8ab22461f86dbbe53ba6a7fc18ba0f7e38b2,9/20/2022 2:24:19 PM
Bearing (1) Combination & Shaft Fault ( Coupling End Bent) 50 Trial 17.csv,Fault data split 50/Bearing (1) Combination & Shaft Fault ( Coupling End Bent) 50 Trial 17.csv,1,10,17,64000,8c108bac63fe6ab61e6be5dbbafe33db2e5502d8aa17298fcf865e3fccf3cfd0,9/20/2022 2:24:36 PM
Bearing (1) Combination & Shaft Fault ( Coupling End Bent) 50 Trial 18.csv,Fault data split 50/Bearing (1) Combination & Shaft Fault ( Coupling End Bent) 50 Trial 18.csv,1,10,18,64000,8cae93db81f5c339ba7495539c27d5f1e06bfade8022e7d9ed90805bb57c6ea4,9/20/2022 2:24:50 PM
Bearing (1) Combination & Shaft Fault ( Coupling End Bent) 50 Trial 19.csv,Fault data split 50/Bearing (1) Combination & Shaft Fault ( Coupling End Bent) 50 Trial 19.csv,1,10,19,64000,626f833cf5603e41d123c307d1136d12f9c1a89e7212273b6dbea67ff84cc935,9/20/2022 2:25:05 PM
Bearing (1) Combination & Shaft Fault ( Coupling End Bent) 50 Trial 2.csv,Fault data split 50/Bearing (1) Combination & Shaft Fault ( Coupling End Bent) 50 Trial 2.csv,1,10,2,64000,68f6180ea6f2a9709b6d630a5940c95c491cd663f91e826b9c9ff2a375aad08b,9/20/2022 2:20:26 PM
Bearing (1) Combination & Shaft Fault ( Coupling End Bent) 50 Trial 20.csv,Fault data split 50/Bearing (1) Combination & Shaft Fault ( Coupling End Bent) 50 Trial 20.csv,1,10,20,64000,6003e65d704c3f5aff0692d5b28b9d7cd375d9b1d9b9402a0f0eb59d7a4f754f,9/20/2022 2:25:19 PM
Bearing (1) Combination & Shaft Fault ( Coupling End Bent) 50 Trial 21.csv,Fault data split 50/Bearing (1) Combination & Shaft Fault ( Coupling End Bent) 50 Trial 21.csv,1,10,21,64000,5a91dbcf1b76d3c954271277e1f3b11323b59874cc3f6ffaaee2cd100c7ae14d,9/20/2022 2:25:37 PM
Bearing (1) Combination & Shaft Fault ( Coupling End Bent) 50 Trial 22.csv,Fault data split 50/Bearing (1) Combination & Shaft Fault ( Coupling End Bent) 50 Trial 22.csv,1,10,22,64000,8b2556d38892104f4b027149eebdceba7ed40e125ddd276593e0cfe987297dbe,9/20/2022 2:26:11 PM
Bearing (1) Combination & Shaft Fault ( Coupling End Bent) 50 Trial 23.csv,Fault data split 50/Bearing (1) Combination & Shaft Fault ( Coupling End Bent) 50 Trial 23.csv,1,10,23,64000,b6527402715e7c0aacf6abdda3a09b737cb003276ec1e5cca651296e0b8d7f35,9/20/2022 2:26:38 PM
Bearing (1) Combination & Shaft Fault ( Coupling End Bent) 50 Trial 24.csv,Fault data split 50/Bearing (1) Combination & Shaft Fault ( Coupling End Bent) 50 Trial 24.csv,1,10,24,64000,a9ed54100578b26719f5cbf6d62e621f14af16b8ee7271d7fc5326c28a4d0425,9/20/2022 2:26:53 PM
Bearing (1) Combination & Shaft Fault ( Coupling End Bent) 50 Trial 25.csv,Fault data split 50/Bearing (1) Combination & Shaft Fault ( Coupling End Bent) 50 Trial 25.csv,1,10,25,64000,d25550a81345b0c345b18abb38a19d7abac4742e54e4b6eb0c2859ab47bd25bd,9/20/2022 2:27:11 PM
Bearing (1) Combination & Shaft Fault ( Coupling End Bent) 50 Trial 3.csv,Fault data split 50/Bearing (1) Combination & Shaft Fault ( Coupling End Bent) 50 Trial 3.csv,1,10,3,64000,775ec45f842f152f64bb7813b529e1fe8aa542732ba6e35b7c858756233a2867,9/20/2022 2:20:42 PM
Bearing (1) Combination & Shaft Fault ( Coupling End Bent) 50 Trial 4.csv,Fault data split 50/Bearing (1) Combination & Shaft Fault ( Coupling End Bent) 50 Trial 4.csv,1,10,4,64000,42dea9ca61875c9c9f432050f611d7d2a24b7a861e368bbb765940704ad767fa,9/20/2022 2:20:58 PM
Bearing (1) Combination & Shaft Fault ( Coupling End Bent) 50 Trial 5.csv,Fault data split 50/Bearing (1) Combination & Shaft Fault ( Coupling End Bent) 50 Trial 5.csv,1,10,5,64000,2bb2eac1d1b75cab4265e091b7b029283843dde8ea2c0db2fa7f42968298a0ac,9/20/2022 2:21:15 PM
Bearing (1) Combination & Shaft Fault ( Coupling End Bent) 50 Trial 6.csv,Fault data split 50/Bearing (1) Combination & Shaft Fault ( Coupling End Bent) 50 Trial 6.csv,1,10,6,64000,19758478b811cb73540950a570c0da53dd616c1f85867abbef91ed6040e93319,9/20/2022 2:21:29 PM
Bearing (1) Combination & Shaft Fault ( Coupling End Bent) 50 Trial 7.csv,Fault data split 50/Bearing (1) Combination & Shaft Fault ( Coupling End Bent) 50 Trial 7.csv,1,10,7,64000,33525798c598f372296cfdcd7609a5f33df95d58191fac040074e99251c6ccb5,9/20/2022 2:21:45 PM
Bearing (1) Combination & Shaft Fault ( Coupling End Bent) 50 Trial 8.csv,Fault data split 50/Bearing (1) Combination & Shaft Fault ( Coupling End Bent) 50 Trial 8.csv,1,10,8,64000,0be630c8800f0b895d8172a631d8b09dd856714eda5e7e0f3cd35968cda3da2f,9/20/2022 2:22:00 PM
Bearing (1) Combination & Shaft Fault ( Coupling End Bent) 50 Trial 9.csv,Fault data split 50/Bearing (1) Combination & Shaft Fault ( Coupling End Bent) 50 Trial 9.csv,1,10,9,64000,c9fa701fd9f547bcb30e92aadde3277d52030ba5589155a3cdff48f7d5b86457,9/20/2022 2:22:15 PM
Bearing (1) Combination & Shaft Fault (Centerally bent) 50 Trial 1.csv,Fault data split 50/Bearing (1) Combination & Shaft Fault (Centerally bent) 50 Trial 1.csv,1,9,1,64000,54fd8f66769997f3d9ed242943a630a1bc9ca5c03941b3adb801e53bbc1103d4,9/29/2022 1:15:16 PM
Bearing (1) Combination & Shaft Fault (Centerally bent) 50 Trial 10.csv,Fault data split 50/Bearing (1) Combination & Shaft Fault (Centerally bent) 50 Trial 10.csv,1,9,10,64000,a3cdff0d741276d42f6bf0165f86d149139296af6b09f411f81098dbfcc0c7ba,9/29/2022 1:17:43 PM
Bearing (1) Combination & Shaft Fault (Centerally bent) 50 Trial 11.csv,Fault data split 50/Bearing (1) Combination & Shaft Fault (Centerally bent) 50 Trial 11.csv,1,9,11,64000,3f783f9dd77a91c73d52e5005e25312b3ec3d4a2f13b508ab7a7c6dc1a2cf1cd,9/29/2022 1:17:58 PM
Bearing (1) Combination & Shaft Fault (Centerally bent) 50 Trial 12.csv,Fault data split 50/Bearing (1) Combination & Shaft Fault (Centerally bent) 50 Trial 12.csv,1,9,12,64000,024285fbcf704de584229e3c62e63d08948511f30d4e4998e2c0a44719f456ad,9/29/2022 1:18:13 PM
Bearing (1) Combination & Shaft Fault (Centerally bent) 50 Trial 13.csv,Fault data split 50/Bearing (1) Combination & Shaft Fault (Centerally bent) 50 Trial 13.csv,1,9,13,64000,e67c2210402a3d48b24c0b789c33d8e97a8d16ede6fbe509665b2103a5fa861e,9/29/2022 1:18:27 PM
Bearing (1) Combination & Shaft Fault (Centerally bent) 50 Trial 14.csv,Fault data split 50/Bearing (1) Combination & Shaft Fault (Centerally bent) 50 Trial 14.csv,1,9,14,64000,af96e3e47b3b2d67bc6b380f970445651fcff57af556a033e5d40b9af5069bc8,9/29/2022 1:18:45 PM
Bearing (1) Combination & Shaft Fault (Centerally bent) 50 Trial 15.csv,Fault data split 50/Bearing (1) Combination & Shaft Fault (Centerally bent) 50 Trial 15.csv,1,9,15,64000,b89b117edbef3da1e6db51ff1b08ea8f7f2207e53d65ef18cdc2409a95f7c8ff,9/29/2022 1:18:59 PM
Bearing (1) Combination & Shaft Fault (Centerally bent) 50 Trial 16.csv,Fault data split 50/Bearing (1) Combination & Shaft Fault (Centerally bent) 50 Trial 16.csv,1,9,16,64000,b6be565d56c5455f2b122e89efa1145e6d2f5c311f0a775130eab4ea582ab204,9/29/2022 1:19:14 PM
Bearing (1) Combination & Shaft Fault (Centerally bent) 50 Trial 17.csv,Fault data split 50/Bearing (1) Combination & Shaft Fault (Centerally bent) 50 Trial 17.csv,1,9,17,64000,9d1e59a5d0027e898695753acf47c287bf18b8143914c62129fe0da66f8aea52,9/29/2022 1:19:30 PM
Bearing (1) Combination & Shaft Fault (Centerally bent) 50 Trial 18.csv,Fault data split 50/Bearing (1) Combination & Shaft Fault (Centerally bent) 50 Trial 18.csv,1,9,18,64000,3528e3b42551902b27e8c679536d00c0d04638fdaa5de3bd3bce531c58c194e8,9/29/2022 1:19:45 PM
Bearing (1) Combination & Shaft Fault (Centerally bent) 50 Trial 19.csv,Fault data split 50/Bearing (1) Combination & Shaft Fault (Centerally bent) 50 Trial 19.csv,1,9,19,64000,bb2a5b578748d4d5cc6818a41474d6a72ab418ecc58e1ebe4656d067ff7096ca,9/29/2022 1:20:00 PM
Bearing (1) Combination & Shaft Fault (Centerally bent) 50 Trial 2.csv,Fault data split 50/Bearing (1) Combination & Shaft Fault (Centerally bent) 50 Trial 2.csv,1,9,2,64000,4f7803de5cf035d2f2c38dabd31d6e807c73bbbabafc75453224603e3adeb7d7,9/29/2022 1:15:33 PM
Bearing (1) Combination & Shaft Fault (Centerally bent) 50 Trial 20.csv,Fault data split 50/Bearing (1) Combination & Shaft Fault (Centerally bent) 50 Trial 20.csv,1,9,20,64000,2471862fa317b052335cf0c4ba02124b561ea56cbffddf960ee07e6675db5444,9/29/2022 1:20:15 PM
Bearing (1) Combination & Shaft Fault (Centerally bent) 50 Trial 21.csv,Fault data split 50/Bearing (1) Combination & Shaft Fault (Centerally bent) 50 Trial 21.csv,1,9,21,64000,1baf57073a00c6e9bc56816d21669ea04fa35698ceccec3d1e656eaface140b1,9/29/2022 1:20:31 PM
Bearing (1) Combination & Shaft Fault (Centerally bent) 50 Trial 22.csv,Fault data split 50/Bearing (1) Combination & Shaft Fault (Centerally bent) 50 Trial 22.csv,1,9,22,64000,fbf0c738ed2b1e258b6529ef0068fbf02eea840ee44246b201f82b828a565f6e,9/29/2022 1:20:47 PM
Bearing (1) Combination & Shaft Fault (Centerally bent) 50 Trial 23.csv,Fault data split 50/Bearing (1) Combination & Shaft Fault (Centerally bent) 50 Trial 23.csv,1,9,23,64000,41da7aa959b6c7c00ea9a3e1ba57397a5c4332e219c2014e540a045da111649d,9/29/2022 1:21:10 PM
Bearing (1) Combination & Shaft Fault (Centerally bent) 50 Trial 24.csv,Fault data split 50/Bearing (1) Combination & Shaft Fault (Centerally bent) 50 Trial 24.csv,1,9,24,64000,19acaedb0e4982be675822f54067572824148cbb93abcc4e264573aebdfe1b6d,9/29/2022 1:21:26 PM
Bearing (1) Combination & Shaft Fault (Centerally bent) 50 Trial 25.csv,Fault data split 50/Bearing (1) Combination & Shaft Fault (Centerally bent) 50 Trial 25.csv,1,9,25,64000,be9ff4fb4f4dca6638d4881e4d5702809da31efe2745802160a5649a76c22372,9/29/2022 1:21:42 PM
Bearing (1) Combination & Shaft Fault (Centerally bent) 50 Trial 3.csv,Fault data split 50/Bearing (1) Combination & Shaft Fault (Centerally bent) 50 Trial 3.csv,1,9,3,64000,eb39bafbd1fc8c9e0f72a1ea8cb7b696db839a513a1fad713ed4e94f5aedeb37,9/29/2022 1:15:53 PM
Bearing (1) Combination & Shaft Fault (Centerally bent) 50 Trial 4.csv,Fault data split 50/Bearing (1) Combination & Shaft Fault (Centerally bent) 50 Trial 4.csv,1,9,4,64000,020723d00c7f8560dc8350dc55ecffc2af64aa54bf9f64c7b06d8a251a2f4ac6,9/29/2022 1:16:08 PM
Bearing (1) Combination & Shaft Fault (Centerally bent) 50 Trial 5.csv,Fault data split 50/Bearing (1) Combination & Shaft Fault (Centerally bent) 50 Trial 5.csv,1,9,5,64000,3faa6dfc78788cc7ce0e2025e6f8c08111450ef75558bace06eb0ca30cf66dba,9/29/2022 1:16:23 PM
Bearing (1) Combination & Shaft Fault (Centerally bent) 50 Trial 6.csv,Fault data split 50/Bearing (1) Combination & Shaft Fault (Centerally bent) 50 Trial 6.csv,1,9,6,64000,23d768702385a39102d431495530bb83099f3ee7734109656062a05f553c0171,9/29/2022 1:16:42 PM
Bearing (1) Combination & Shaft Fault (Centerally bent) 50 Trial 7.csv,Fault data split 50/Bearing (1) Combination & Shaft Fault (Centerally bent) 50 Trial 7.csv,1,9,7,64000,29f0ea3d68e2c41e28e70f79bde44d1b466794a30537862fc6011131e606a1a2,9/29/2022 1:16:56 PM
Bearing (1) Combination & Shaft Fault (Centerally bent) 50 Trial 8.csv,Fault data split 50/Bearing (1) Combination & Shaft Fault (Centerally bent) 50 Trial 8.csv,1,9,8,64000,b8ca855695062bd147143c891a9446af31ddd162d715179aa10f33eb433e76e6,9/29/2022 1:17:12 PM
Bearing (1) Combination & Shaft Fault (Centerally bent) 50 Trial 9.csv,Fault data split 50/Bearing (1) Combination & Shaft Fault (Centerally bent) 50 Trial 9.csv,1,9,9,64000,67bd7085b29411dbb6e15ce68c2fdaed58a0c5163a24acfd39d566a836811e6a,9/29/2022 1:17:27 PM
Bearing (1) Combination 50 Trial 1.csv,Fault data split 50/Bearing (1) Combination 50 Trial 1.csv,1,12,1,64000,b8c754bf43b11f5237afc4a585d6cd02f63ad28581b952f69b6bf01a19499f90,9/17/2022 5:09:26 PM
Bearing (1) Combination 50 Trial 10.csv,Fault data split 50/Bearing (1) Combination 50 Trial 10.csv,1,12,10,64000,cb5498b9cc5efb01ed52f937e70a038922925a716deeb9a7ce1074420860bdf7,9/17/2022 5:12:06 PM
Bearing (1) Combination 50 Trial 11.csv,Fault data split 50/Bearing (1) Combination 50 Trial 11.csv,1,12,11,64000,52b12a2c0c9a23f6c08ebe6ea4de4a613bffc7bd55229271e3a98f19c11c4deb,9/17/2022 5:12:21 PM
Bearing (1) Combination 50 Trial 12.csv,Fault data split 50/Bearing (1) Combination 50 Trial 12.csv,1,12,12,64000,b610e693e3e2db9b4b43cc628830f85907b8b1f111d9eda7304b5a435042a5f8,9/17/2022 5:12:36 PM
Bearing (1) Combination 50 Trial 13.csv,Fault data split 50/Bearing (1) Combination 50 Trial 13.csv,1,12,13,64000,ff8624783d61c71921ad91c93b59e46286b276d4a8283ce8e353149206ea1fec,9/17/2022 5:12:54 PM
Bearing (1) Combination 50 Trial 14.csv,Fault data split 50/Bearing (1) Combination 50 Trial 14.csv,1,12,14,64000,51a2463eaa2b30c3a722c69bf3f825cb7750c440c87ee11bfa6907477aca634c,9/17/2022 5:13:10 PM
Bearing (1) Combination 50 Trial 15.csv,Fault data split 50/Bearing (1) Combination 50 Trial 15.csv,1,12,15,64000,a4e42478df47f444c7c30e461523b0bc72876346c48768e586e0c0a770fa65a2,9/17/2022 5:13:25 PM
Bearing (1) Combination 50 Trial 16.csv,Fault data split 50/Bearing (1) Combination 50 Trial 16.csv,1,12,16,64000,07679018bf5f00af87be9e53bfd13f2d54425323183b0082fd2dfbc305fad49b,9/17/2022 5:13:39 PM
Bearing (1) Combination 50 Trial 17.csv,Fault data split 50/Bearing (1) Combination 50 Trial 17.csv,1,12,17,64000,21b7bd70ce68d1413258a1b1ce95ed06c7a041cdca0267f3c3d4fb2d2443ab0f,9/17/2022 5:13:54 PM
Bearing (1) Combination 50 Trial 18.csv,Fault data split 50/Bearing (1) Combination 50 Trial 18.csv,1,12,18,64000,fc4226e9d907fec03fa39c9857809a5ad6fe736d30af79bb72f835971c75855c,9/17/2022 5:14:10 PM
Bearing (1) Combination 50 Trial 19.csv,Fault data split 50/Bearing (1) Combination 50 Trial 19.csv,1,12,19,64000,09bd3b59fab041cd4a4db679d079be0492ee49ffa3d8ea5bad3da5fa6434d14d,9/17/2022 5:14:25 PM
Bearing (1) Combination 50 Trial 2.csv,Fault data split 50/Bearing (1) Combination 50 Trial 2.csv,1,12,2,64000,736e36a94d11e77380ab36ba0b8a6993ab829d1a2cc1b736e55c5978a6807038,9/17/2022 5:09:45 PM
Bearing (1) Combination 50 Trial 20.csv,Fault data split 50/Bearing (1) Combination 50 Trial 20.csv,1,12,20,64000,e5db23250882e9f7505ef91d490f72791cc0f5b0739edd8bed8b9a6a2b7b148b,9/17/2022 5:14:41 PM
Bearing (1) Combination 50 Trial 21.csv,Fault data split 50/Bearing (1) Combination 50 Trial 21.csv,1,12,21,64000,8b1302c078900653b31d24efedf6b5542d75239d8b6871fb1d5044836fc798b7,9/17/2022 5:14:57 PM
Bearing (1) Combination 50 Trial 22.csv,Fault data split 50/Bearing (1) Combination 50 Trial 22.csv,1,12,22,64000,29d7208fb622ba9ecc5719db1ce7f53db8705d07f1e82b13f0729f330b99eae8,9/17/2022 5:15:32 PM
Bearing (1) Combination 50 Trial 23.csv,Fault data split 50/Bearing (1) Combination 50 Trial 23.csv,1,12,23,64000,b65598b38cdc3cce513f885493b2771df283b8cde602d384e2b05df2eb4576c2,9/17/2022 5:15:50 PM
Bearing (1) Combination 50 Trial 24.csv,Fault data split 50/Bearing (1) Combination 50 Trial 24.csv,1,12,24,64000,9ec8af84302cef1884e449e5faa2d670ac08d30acdc6b2e40b7e410e6aa8d138,9/17/2022 5:16:06 PM
Bearing (1) Combination 50 Trial 25.csv,Fault data split 50/Bearing (1) Combination 50 Trial 25.csv,1,12,25,64000,f0514e22230221f2dde227ebf73512e930f4d1286c18d71091a0d0d82fe3fa79,9/17/2022 5:16:21 PM
Bearing (1) Combination 50 Trial 3.csv,Fault data split 50/Bearing (1) Combination 50 Trial 3.csv,1,12,3,64000,5864b84ef99dade7af742c6da7f5d61e925400211b4fabf1d8453060d0e206dd,9/17/2022 5:10:11 PM
Bearing (1) Combination 50 Trial 4.csv,Fault data split 50/Bearing (1) Combination 50 Trial 4.csv,1,12,4,64000,17a0438ef82cd4668b78cffda9271f7f95c9111e93bfa00b33b8260a2f0a9e08,9/17/2022 5:10:27 PM
Bearing (1) Combination 50 Trial 5.csv,Fault data split 50/Bearing (1) Combination 50 Trial 5.csv,1,12,5,64000,347af804a81f8740ea0fd6167624ac4e2780e59f9304d80b0966baf4d8dd51c9,9/17/2022 5:10:41 PM
Bearing (1) Combination 50 Trial 6.csv,Fault data split 50/Bearing (1) Combination 50 Trial 6.csv,1,12,6,64000,08349ccb07388ac7dbd0cb2f51331d8e3aa5e02d736e420730b323f248c6f9bf,9/17/2022 5:10:57 PM
Bearing (1) Combination 50 Trial 7.csv,Fault data split 50/Bearing (1) Combination 50 Trial 7.csv,1,12,7,64000,12fa2429f3dce6017eb8b09f40242215aa27a30b129f0b183c65f2c2802c1141,9/17/2022 5:11:12 PM
Bearing (1) Combination 50 Trial 8.csv,Fault data split 50/Bearing (1) Combination 50 Trial 8.csv,1,12,8,64000,9f72bb6fef03a495df5fb1405c89c008cb33a30386e6e083159bb5d6a5e406e4,9/17/2022 5:11:29 PM
Bearing (1) Combination 50 Trial 9.csv,Fault data split 50/Bearing (1) Combination 50 Trial 9.csv,1,12,9,64000,5c02427246f64876797492b56e59cf9e95ac6f0cc6f08ec657aeeb1dba381d90,9/17/2022 5:11:49 PM
Bearing (1) Inner & Bearing (2) Ball 50 Trial 1.csv,Fault data split 50/Bearing (1) Inner & Bearing (2) Ball 50 Trial 1.csv,1,15,1,64000,a26a3ada928780298c9eea6e8617c2d222cbd1773b2521e4a659e4eb4f992bfe,9/10/2022 6:05:30 PM
Bearing (1) Inner & Bearing (2) Ball 50 Trial 10.csv,Fault data split 50/Bearing (1) Inner & Bearing (2) Ball 50 Trial 10.csv,1,15,10,64000,1fd250964eed721f7384bc0b7b02b36d0f35df48fff4f77eb4d18c86148acf31,9/10/2022 6:07:42 PM
Bearing (1) Inner & Bearing (2) Ball 50 Trial 11.csv,Fault data split 50/Bearing (1) Inner & Bearing (2) Ball 50 Trial 11.csv,1,15,11,64000,b2b570f979ab7e8bc4200fe07042e78e08ea11e130497b48f43acf73e5cbf3b3,9/10/2022 6:07:56 PM
Bearing (1) Inner & Bearing (2) Ball 50 Trial 12.csv,Fault data split 50/Bearing (1) Inner & Bearing (2) Ball 50 Trial 12.csv,1,15,12,64000,2e843dabe93abca234fe7d0f8541e2ecb62be0d65e72c749b12c3e21b1b73b6c,9/10/2022 6:08:11 PM
Bearing (1) Inner & Bearing (2) Ball 50 Trial 13.csv,Fault data split 50/Bearing (1) Inner & Bearing (2) Ball 50 Trial 13.csv,1,15,13,64000,558f1e12dd5c94cd9452da6c0de55c63644f64681768a67c98f2cf103c534325,9/10/2022 6:08:25 PM
Bearing (1) Inner & Bearing (2) Ball 50 Trial 14.csv,Fault data split 50/Bearing (1) Inner & Bearing (2) Ball 50 Trial 14.csv,1,15,14,64000,4c7c7da22d757053980c76e72fdf1e3882d539b9dc031273b6bc5e8073e27399,9/10/2022 6:08:42 PM
Bearing (1) Inner & Bearing (2) Ball 50 Trial 15.csv,Fault data split 50/Bearing (1) Inner & Bearing (2) Ball 50 Trial 15.csv,1,15,15,64000,50769aef81b684e79e438184beac04702fe2017c706aab2fb0b5f04f000a9d91,9/10/2022 6:08:57 PM
Bearing (1) Inner & Bearing (2) Ball 50 Trial 16.csv,Fault data split 50/Bearing (1) Inner & Bearing (2) Ball 50 Trial 16.csv,1,15,16,64000,533122c6bc7b3aaa2220f8fbc22ce050532eb01e391fd4a4bc6b14df075a9ee9,9/10/2022 6:09:13 PM
Bearing (1) Inner & Bearing (2) Ball 50 Trial 17.csv,Fault data split 50/Bearing (1) Inner & Bearing (2) Ball 50 Trial 17.csv,1,15,17,64000,5e048120463cbea02f95fd03748c8e8f0295e3513b4677618e411bf894081f89,9/10/2022 6:09:32 PM
Bearing (1) Inner & Bearing (2) Ball 50 Trial 18.csv,Fault data split 50/Bearing (1) Inner & Bearing (2) Ball 50 Trial 18.csv,1,15,18,64000,43d0011aac03ede2980c9a0082ea2e26b84eddd799a4e6ef00452740ab7687dd,9/10/2022 6:09:46 PM
Bearing (1) Inner & Bearing (2) Ball 50 Trial 19.csv,Fault data split 50/Bearing (1) Inner & Bearing (2) Ball 50 Trial 19.csv,1,15,19,64000,a09b4507363e92c395632cfd8d3b5dd34fe34b887582405bce34d4e87d639a7f,9/10/2022 6:10:04 PM
Bearing (1) Inner & Bearing (2) Ball 50 Trial 2.csv,Fault data split 50/Bearing (1) Inner & Bearing (2) Ball 50 Trial 2.csv,1,15,2,64000,09536aefe72cc552c6de87fefdd6453492019a1dd936575f57855a5e10c04944,9/10/2022 6:05:45 PM
Bearing (1) Inner & Bearing (2) Ball 50 Trial 20.csv,Fault data split 50/Bearing (1) Inner & Bearing (2) Ball 50 Trial 20.csv,1,15,20,64000,5e7a1cb98aa6f51c128a5e44b822465a14ab0bd6b0973713bd0b5465cae08b64,9/10/2022 6:10:24 PM
Bearing (1) Inner & Bearing (2) Ball 50 Trial 21.csv,Fault data split 50/Bearing (1) Inner & Bearing (2) Ball 50 Trial 21.csv,1,15,21,64000,01e17b5f12cb7c3d6ec5b8d76c0210d74c33d8031dfd20f36ec9700c25faccf2,9/10/2022 6:10:38 PM
Bearing (1) Inner & Bearing (2) Ball 50 Trial 22.csv,Fault data split 50/Bearing (1) Inner & Bearing (2) Ball 50 Trial 22.csv,1,15,22,64000,e6aa6b5f8052e6dd51113f9d53d88b727a624b85912e1df8c547da4b6a65fda8,9/10/2022 6:10:54 PM
Bearing (1) Inner & Bearing (2) Ball 50 Trial 23.csv,Fault data split 50/Bearing (1) Inner & Bearing (2) Ball 50 Trial 23.csv,1,15,23,64000,9a0b4d6918917cbc6100ca1b781ae2288fbe83e8e38fa560bdaa2b4945265eef,9/10/2022 6:11:09 PM
Bearing (1) Inner & Bearing (2) Ball 50 Trial 24.csv,Fault data split 50/Bearing (1) Inner & Bearing (2) Ball 50 Trial 24.csv,1,15,24,64000,9d087743c04129b34229f06295fec97db9a6481acad17912bbdf61fba4d4c1f7,9/10/2022 6:11:24 PM
Bearing (1) Inner & Bearing (2) Ball 50 Trial 25.csv,Fault data split 50/Bearing (1) Inner & Bearing (2) Ball 50 Trial 25.csv,1,15,25,64000,ca410ad7746d6959b8ad850cd4ed4197e1f2d51f7eb28ba08569b126ec2d9980,9/10/2022 6:11:42 PM
Bearing (1) Inner & Bearing (2) Ball 50 Trial 3.csv,Fault data split 50/Bearing (1) Inner & Bearing (2) Ball 50 Trial 3.csv,1,15,3,64000,b2f845f7d2205ff86c081e568c99f3e7ccd0d8d0c20092b91a6646c5622e47f8,9/10/2022 6:06:00 PM
Bearing (1) Inner & Bearing (2) Ball 50 Trial 4.csv,Fault data split 50/Bearing (1) Inner & Bearing (2) Ball 50 Trial 4.csv,1,15,4,64000,04917e159b6ba75efc23d80b90dad4dfacfc965b7a9dd922fff565a8e586b1c3,9/10/2022 6:06:16 PM
Bearing (1) Inner & Bearing (2) Ball 50 Trial 5.csv,Fault data split 50/Bearing (1) Inner & Bearing (2) Ball 50 Trial 5.csv,1,15,5,64000,395e7ddebcd8da747203acaf043e3182d6bba701157cbfd78ab72041c326f371,9/10/2022 6:06:31 PM
Bearing (1) Inner & Bearing (2) Ball 50 Trial 6.csv,Fault data split 50/Bearing (1) Inner & Bearing (2) Ball 50 Trial 6.csv,1,15,6,64000,d4bf228e6cc6d2689a979725c5956fdad8e6e983918df9b1b955ca2f3681efba,9/10/2022 6:06:46 PM
Bearing (1) Inner & Bearing (2) Ball 50 Trial 7.csv,Fault data split 50/Bearing (1) Inner & Bearing (2) Ball 50 Trial 7.csv,1,15,7,64000,42291ad4ab3c395953fc42625e26772c09ca4e3e9bedbb9668a4efa1249d29a5,9/10/2022 6:06:59 PM
Bearing (1) Inner & Bearing (2) Ball 50 Trial 8.csv,Fault data split 50/Bearing (1) Inner & Bearing (2) Ball 50 Trial 8.csv,1,15,8,64000,556414e33afa3728920a852804ef79a4ec3983034687aa47eccbc2926eafd133,9/10/2022 6:07:14 PM
Bearing (1) Inner & Bearing (2) Ball 50 Trial 9.csv,Fault data split 50/Bearing (1) Inner & Bearing (2) Ball 50 Trial 9.csv,1,15,9,64000,d96abda63ac9e138d5759a3c8a3a0ab00f76b6ee38eaeb9cca66dc5d49ff4b07,9/10/2022 6:07:29 PM
Bearing (1) Inner & Bearing (2) Combination 50 Trial 1.csv,Fault data split 50/Bearing (1) Inner & Bearing (2) Combination 50 Trial 1.csv,1,16,1,64000,8463a1defdef903e59164ddda3da80a81df084f2f395986d1bc414e45b500190,9/10/2022 4:09:26 PM
Bearing (1) Inner & Bearing (2) Combination 50 Trial 10.csv,Fault data split 50/Bearing (1) Inner & Bearing (2) Combination 50 Trial 10.csv,1,16,10,64000,12cb9d37fd801be539859180c2d2cbf3f2364e10c9b34f57421a89a44f233a84,9/10/2022 4:11:44 PM
Bearing (1) Inner & Bearing (2) Combination 50 Trial 11.csv,Fault data split 50/Bearing (1) Inner & Bearing (2) Combination 50 Trial 11.csv,1,16,11,64000,fb832775f1afc881522ddbf0fdb7543c6f7d26bcdb36bb47c33b480c87484043,9/10/2022 4:12:00 PM
Bearing (1) Inner & Bearing (2) Combination 50 Trial 12.csv,Fault data split 50/Bearing (1) Inner & Bearing (2) Combination 50 Trial 12.csv,1,16,12,64000,90aabcd718fde9a770b914900fad7814bc639c2bfbd59e3303d90b55791b1bca,9/10/2022 4:12:15 PM
Bearing (1) Inner & Bearing (2) Combination 50 Trial 13.csv,Fault data split 50/Bearing (1) Inner & Bearing (2) Combination 50 Trial 13.csv,1,16,13,64000,7743002cc4249c5e2f83bf2236650e217caf9e235b9c918391b73cea06aa5b6e,9/10/2022 4:12:31 PM
Bearing (1) Inner & Bearing (2) Combination 50 Trial 14.csv,Fault data split 50/Bearing (1) Inner & Bearing (2) Combination 50 Trial 14.csv,1,16,14,64000,1a8328204614f6b6b3cab71a4c476bf33ff49bbe49db913a95f3582e0f59b687,9/10/2022 4:12:48 PM
Bearing (1) Inner & Bearing (2) Combination 50 Trial 15.csv,Fault data split 50/Bearing (1) Inner & Bearing (2) Combination 50 Trial 15.csv,1,16,15,64000,bc95411a53a169b92b0307f3540048610aef66798dee254e1b0dfacd6fe9fc22,9/10/2022 4:13:04 PM
Bearing (1) Inner & Bearing (2) Combination 50 Trial 16.csv,Fault data split 50/Bearing (1) Inner & Bearing (2) Combination 50 Trial 16.csv,1,16,16,64000,aa69f9fd033882cc1859be94f4fa2173f9d11c0f4a96a30298729caff1800949,9/10/2022 4:13:19 PM
Bearing (1) Inner & Bearing (2) Combination 50 Trial 17.csv,Fault data split 50/Bearing (1) Inner & Bearing (2) Combination 50 Trial 17.csv,1,16,17,64000,e14cfab6ed7a1de24ddff47fefa785f364b79ef3729cb40ce8d60e8c42a93b11,9/10/2022 4:13:36 PM
Bearing (1) Inner & Bearing (2) Combination 50 Trial 18.csv,Fault data split 50/Bearing (1) Inner & Bearing (2) Combination 50 Trial 18.csv,1,16,18,64000,6c163de57dd6a9cbc8308724522ba4c8d76e0206520e11900f454d1f6eac1f04,9/10/2022 4:13:53 PM
Bearing (1) Inner & Bearing (2) Combination 50 Trial 19.csv,Fault data split 50/Bearing (1) Inner & Bearing (2) Combination 50 Trial 19.csv,1,16,19,64000,abda2caa2b3cb4adcdf2561b87d9097180547ec2faa2c1a3e7edea99c51bb41a,9/10/2022 4:14:08 PM
Bearing (1) Inner & Bearing (2) Combination 50 Trial 2.csv,Fault data split 50/Bearing (1) Inner & Bearing (2) Combination 50 Trial 2.csv,1,16,2,64000,3e21ec1fd3c3a03faef270c93cfc86f898dac160dedc0875b099d5d328fce34b,9/10/2022 4:09:43 PM
Bearing (1) Inner & Bearing (2) Combination 50 Trial 20.csv,Fault data split 50/Bearing (1) Inner & Bearing (2) Combination 50 Trial 20.csv,1,16,20,64000,ca539f48afaa264d6dd163841e4c2a552871f9a9430d49836f2f8c387beddaa3,9/10/2022 4:14:24 PM
Bearing (1) Inner & Bearing (2) Combination 50 Trial 21.csv,Fault data split 50/Bearing (1) Inner & Bearing (2) Combination 50 Trial 21.csv,1,16,21,64000,c9219f1895e402451d4a6901207ad5fa4bb29e4f8649e58569b5eceef19b3cc8,9/10/2022 4:14:40 PM
Bearing (1) Inner & Bearing (2) Combination 50 Trial 22.csv,Fault data split 50/Bearing (1) Inner & Bearing (2) Combination 50 Trial 22.csv,1,16,22,64000,79e7a0b6034a639b90f10068ca004ea7bdf19a2acd336f4439e2ce8fe632d680,9/10/2022 4:14:56 PM
Bearing (1) Inner & Bearing (2) Combination 50 Trial 23.csv,Fault data split 50/Bearing (1) Inner & Bearing (2) Combination 50 Trial 23.csv,1,16,23,64000,85c98c418c0c3f49032379b954652754dbda4b2c3df2febb39cef85bb0c66628,9/10/2022 4:15:11 PM
Bearing (1) Inner & Bearing (2) Combination 50 Trial 24.csv,Fault data split 50/Bearing (1) Inner & Bearing (2) Combination 50 Trial 24.csv,1,16,24,64000,a06bc3b8bc10f1f2fb21d609487876c26fbda3d7cb7ecc982572e8e0e08a6472,9/10/2022 4:15:28 PM
Bearing (1) Inner & Bearing (2) Combination 50 Trial 25.csv,Fault data split 50/Bearing (1) Inner & Bearing (2) Combination 50 Trial 25.csv,1,16,25,64000,ed7c97eefdce146274224cc1b4650d1122f766d295a37b5e0752f3bd91e5e52d,9/10/2022 4:15:44 PM
Bearing (1) Inner & Bearing (2) Combination 50 Trial 3.csv,Fault data split 50/Bearing (1) Inner & Bearing (2) Combination 50 Trial 3.csv,1,16,3,64000,42b2f618f34934cefe54084b88229d3430736998f869cf12b0d15b44fe119c44,9/10/2022 4:09:58 PM
Bearing (1) Inner & Bearing (2) Combination 50 Trial 4.csv,Fault data split 50/Bearing (1) Inner & Bearing (2) Combination 50 Trial 4.csv,1,16,4,64000,56dc35ab314519e172be6dd6c9e9225cef131c5965fcca81f58c6e349292d6c2,9/10/2022 4:10:14 PM
Bearing (1) Inner & Bearing (2) Combination 50 Trial 5.csv,Fault data split 50/Bearing (1) Inner & Bearing (2) Combination 50 Trial 5.csv,1,16,5,64000,9408af3969edbddea26c49ce6386597cd5f02d36704257196e6eef599abd74ac,9/10/2022 4:10:29 PM
Bearing (1) Inner & Bearing (2) Combination 50 Trial 6.csv,Fault data split 50/Bearing (1) Inner & Bearing (2) Combination 50 Trial 6.csv,1,16,6,64000,ee5cb6369c56b74ef9c5cc0e74c21e4fd1d06cc771da68e160298ae673f3b89f,9/10/2022 4:10:44 PM
Bearing (1) Inner & Bearing (2) Combination 50 Trial 7.csv,Fault data split 50/Bearing (1) Inner & Bearing (2) Combination 50 Trial 7.csv,1,16,7,64000,d67e49ddc35f6b62d011c2cbcd7d8f4a7972cba44f5f1585c3446c16cff53812,9/10/2022 4:10:59 PM
Bearing (1) Inner & Bearing (2) Combination 50 Trial 8.csv,Fault data split 50/Bearing (1) Inner & Bearing (2) Combination 50 Trial 8.csv,1,16,8,64000,3045966de354779c03e3d0e5eef24aa3fc659520cd781c3d651825c83ae07e85,9/10/2022 4:11:13 PM
Bearing (1) Inner & Bearing (2) Combination 50 Trial 9.csv,Fault data split 50/Bearing (1) Inner & Bearing (2) Combination 50 Trial 9.csv,1,16,9,64000,4a14678ee47848d2ce36263f4d04115dccc65b0981140d20c5b1fe74951f7af1,9/10/2022 4:11:29 PM
Bearing (1) Inner & Bearing (2) Outer 50 Trial 1.csv,Fault data split 50/Bearing (1) Inner & Bearing (2) Outer 50 Trial 1.csv,1,17,1,64000,96d76707c0a561c262734748216b593be5e1adc739098098e9dc0e990070a64e,9/10/2022 5:33:20 PM
Bearing (1) Inner & Bearing (2) Outer 50 Trial 10.csv,Fault data split 50/Bearing (1) Inner & Bearing (2) Outer 50 Trial 10.csv,1,17,10,64000,d98a717b0e11c862a8922a24384fc1778392351c3c29a64fde5196c8b2ddd746,9/10/2022 5:35:29 PM
Bearing (1) Inner & Bearing (2) Outer 50 Trial 11.csv,Fault data split 50/Bearing (1) Inner & Bearing (2) Outer 50 Trial 11.csv,1,17,11,64000,fb1419d1063c69ce17e23d8e117d5bf337204e19857f78d3363341e5babded61,9/10/2022 5:35:42 PM
Bearing (1) Inner & Bearing (2) Outer 50 Trial 12.csv,Fault data split 50/Bearing (1) Inner & Bearing (2) Outer 50 Trial 12.csv,1,17,12,64000,888eb9862ae5fd00866adea4ab5d0018c615e2f3377da8f5e0de20c0dc98fa6f,9/10/2022 5:35:58 PM
Bearing (1) Inner & Bearing (2) Outer 50 Trial 13.csv,Fault data split 50/Bearing (1) Inner & Bearing (2) Outer 50 Trial 13.csv,1,17,13,64000,6920ff5002a78a587ef3018439cfa43342770ec0a4eca0d5c65cecd12f1493ef,9/10/2022 5:36:12 PM
Bearing (1) Inner & Bearing (2) Outer 50 Trial 14.csv,Fault data split 50/Bearing (1) Inner & Bearing (2) Outer 50 Trial 14.csv,1,17,14,64000,e3012bb2c0388134c494087a4530a2fda998c248633a879c6e00a54fff9c5eab,9/10/2022 5:36:26 PM
Bearing (1) Inner & Bearing (2) Outer 50 Trial 15.csv,Fault data split 50/Bearing (1) Inner & Bearing (2) Outer 50 Trial 15.csv,1,17,15,64000,6fe1d2e2607f563e94f8ace65013ba84534e8dd36fe2635a21a64bf655942041,9/10/2022 5:36:42 PM
Bearing (1) Inner & Bearing (2) Outer 50 Trial 16.csv,Fault data split 50/Bearing (1) Inner & Bearing (2) Outer 50 Trial 16.csv,1,17,16,64000,edf3a1114bde52d4ac408b2c0b38c0f319116e582f091195698c6110596dcbfa,9/10/2022 5:36:57 PM
Bearing (1) Inner & Bearing (2) Outer 50 Trial 17.csv,Fault data split 50/Bearing (1) Inner & Bearing (2) Outer 50 Trial 17.csv,1,17,17,64000,8acb40b4a5f45b56c930ff64abce6cb7fb6de2c04ce4a6b89e1859f1601dd872,9/10/2022 5:37:14 PM
Bearing (1) Inner & Bearing (2) Outer 50 Trial 18.csv,Fault data split 50/Bearing (1) Inner & Bearing (2) Outer 50 Trial 18.csv,1,17,18,64000,74478a8bd69c76e6d9d12fda5f83b4235dc14205562909bb63215e18b60c94f5,9/10/2022 5:37:31 PM
Bearing (1) Inner & Bearing (2) Outer 50 Trial 19.csv,Fault data split 50/Bearing (1) Inner & Bearing (2) Outer 50 Trial 19.csv,1,17,19,64000,ebfb636af3bfc4e8bdbff0ad76f00ad2ef2a79d2ef3192f0238c1b744ccaa47c,9/10/2022 5:37:44 PM
Bearing (1) Inner & Bearing (2) Outer 50 Trial 2.csv,Fault data split 50/Bearing (1) Inner & Bearing (2) Outer 50 Trial 2.csv,1,17,2,64000,fdb189ef334a9e0ad164eac988f3086a8dadd20aceb5f6884d80471269a5c2c2,9/10/2022 5:33:35 PM
Bearing (1) Inner & Bearing (2) Outer 50 Trial 20.csv,Fault data split 50/Bearing (1) Inner & Bearing (2) Outer 50 Trial 20.csv,1,17,20,64000,28c53a15ad76377c9c25de733960649d43320b4ee0cc5970c686a6c77e6a62eb,9/10/2022 5:38:00 PM
Bearing (1) Inner & Bearing (2) Outer 50 Trial 21.csv,Fault data split 50/Bearing (1) Inner & Bearing (2) Outer 50 Trial 21.csv,1,17,21,64000,906c694fd53b32eb936ec783e5c932688a642e5b988a8f9df4873f6357764778,9/10/2022 5:38:16 PM
Bearing (1) Inner & Bearing (2) Outer 50 Trial 22.csv,Fault data split 50/Bearing (1) Inner & Bearing (2) Outer 50 Trial 22.csv,1,17,22,64000,f60c8956b54fec3fa10b85402ec3b1f00397255d3392ff76777f18ca2eb77307,9/10/2022 5:38:32 PM
Bearing (1) Inner & Bearing (2) Outer 50 Trial 23.csv,Fault data split 50/Bearing (1) Inner & Bearing (2) Outer 50 Trial 23.csv,1,17,23,64000,68cb5c7ffd29f064d20a4eead9a7b6ba3b2acdfa5baca4c0f271698e74e92ff2,9/10/2022 5:38:48 PM
Bearing (1) Inner & Bearing (2) Outer 50 Trial 24.csv,Fault data split 50/Bearing (1) Inner & Bearing (2) Outer 50 Trial 24.csv,1,17,24,64000,5696a7c45b100ffb3f5f80c9936867b684958e75b9071eb2c2ff3f1147807be4,9/10/2022 5:39:08 PM
Bearing (1) Inner & Bearing (2) Outer 50 Trial 25.csv,Fault data split 50/Bearing (1) Inner & Bearing (2) Outer 50 Trial 25.csv,1,17,25,64000,c8204e56f6db7a9cca9e1d7efc092b11f09398b6e4b9ce08e51cfe0da55c2de1,9/10/2022 5:39:35 PM
Bearing (1) Inner & Bearing (2) Outer 50 Trial 3.csv,Fault data split 50/Bearing (1) Inner & Bearing (2) Outer 50 Trial 3.csv,1,17,3,64000,6a9ed884f4192caaae98d0ed77515f5d6839ac203966e5087ce68fea7e171b73,9/10/2022 5:33:49 PM
Bearing (1) Inner & Bearing (2) Outer 50 Trial 4.csv,Fault data split 50/Bearing (1) Inner & Bearing (2) Outer 50 Trial 4.csv,1,17,4,64000,62762944b4d88a7f2c677dad5d27f3fcbe7f79afb4b7c7da7d837ca8ff61c4e7,9/10/2022 5:34:03 PM
Bearing (1) Inner & Bearing (2) Outer 50 Trial 5.csv,Fault data split 50/Bearing (1) Inner & Bearing (2) Outer 50 Trial 5.csv,1,17,5,64000,88c730555e4315eeae495045f71a97f4a5d09ebace08a92547aa3e4c82084458,9/10/2022 5:34:17 PM
Bearing (1) Inner & Bearing (2) Outer 50 Trial 6.csv,Fault data split 50/Bearing (1) Inner & Bearing (2) Outer 50 Trial 6.csv,1,17,6,64000,7a868f6dbe7fc28cda504637887456136459508c00678ae05e17f276f1ab4c32,9/10/2022 5:34:31 PM
Bearing (1) Inner & Bearing (2) Outer 50 Trial 7.csv,Fault data split 50/Bearing (1) Inner & Bearing (2) Outer 50 Trial 7.csv,1,17,7,64000,7fcc812ef13d5760e9c937e0677d8c8b0eefa574bbfe9484637ccfebbb96d6f0,9/10/2022 5:34:46 PM
Bearing (1) Inner & Bearing (2) Outer 50 Trial 8.csv,Fault data split 50/Bearing (1) Inner & Bearing (2) Outer 50 Trial 8.csv,1,17,8,64000,54c06c2252ec98e51ed2907a63f944d53ededd087cdc97daef3486ba2c598a59,9/10/2022 5:35:00 PM
Bearing (1) Inner & Bearing (2) Outer 50 Trial 9.csv,Fault data split 50/Bearing (1) Inner & Bearing (2) Outer 50 Trial 9.csv,1,17,9,64000,1291fc63a3a5487a268f5e850d62d2e0b5ba4914d519ad06418a6b9bd1e05a8f,9/10/2022 5:35:15 PM
Bearing (1) Inner & Shaft Fault ( Coupling End Bent) 50 Trial 1.csv,Fault data split 50/Bearing (1) Inner & Shaft Fault ( Coupling End Bent) 50 Trial 1.csv,1,18,1,64000,e65b3abcf37366f1926a5f4aa3bb5c89c5b78ccb4178957f9046eb2d7bbe6b07,9/20/2022 11:51:57 AM
Bearing (1) Inner & Shaft Fault ( Coupling End Bent) 50 Trial 10.csv,Fault data split 50/Bearing (1) Inner & Shaft Fault ( Coupling End Bent) 50 Trial 10.csv,1,18,10,64000,ced42e7d7997aae9dc4641e41f8e28fd7c1e8365540a1711343af32e5562919a,9/20/2022 11:54:53 AM
Bearing (1) Inner & Shaft Fault ( Coupling End Bent) 50 Trial 11.csv,Fault data split 50/Bearing (1) Inner & Shaft Fault ( Coupling End Bent) 50 Trial 11.csv,1,18,11,64000,4c9a6b855db5c14c4566c5b079442c3ae36b0b8dbcc334e1b673d265d0d222b5,9/20/2022 11:55:24 AM
Bearing (1) Inner & Shaft Fault ( Coupling End Bent) 50 Trial 12.csv,Fault data split 50/Bearing (1) Inner & Shaft Fault ( Coupling End Bent) 50 Trial 12.csv,1,18,12,64000,aa9ad89477a164e4821549c89c82012bcf0362422789fd5606c4dc80222bc1fd,9/20/2022 11:55:38 AM
Bearing (1) Inner & Shaft Fault ( Coupling End Bent) 50 Trial 13.csv,Fault data split 50/Bearing (1) Inner & Shaft Fault ( Coupling End Bent) 50 Trial 13.csv,1,18,13,64000,068c51f117d885085f43a12749ea248f48a74ab5e2f213e878a4cca7d6a7f2f9,9/20/2022 11:55:53 AM
Bearing (1) Inner & Shaft Fault ( Coupling End Bent) 50 Trial 14.csv,Fault data split 50/Bearing (1) Inner & Shaft Fault ( Coupling End Bent) 50 Trial 14.csv,1,18,14,64000,5e07683583db9fe310ef5a999067f4ec56d7c82eafeb80a97c43f001589c1db2,9/20/2022 11:56:09 AM
Bearing (1) Inner & Shaft Fault ( Coupling End Bent) 50 Trial 15.csv,Fault data split 50/Bearing (1) Inner & Shaft Fault ( Coupling End Bent) 50 Trial 15.csv,1,18,15,64000,23290e646755dd1ac4c12cb7772b3891c78f12db704ea3deb3dfaa287c0c61e2,9/20/2022 11:56:26 AM
Bearing (1) Inner & Shaft Fault ( Coupling End Bent) 50 Trial 16.csv,Fault data split 50/Bearing (1) Inner & Shaft Fault ( Coupling End Bent) 50 Trial 16.csv,1,18,16,64000,173a4dc9fcb1b5208bfaefed9d7ec5ec61a210775e669721ac6590e970d8e93d,9/20/2022 11:56:42 AM
Bearing (1) Inner & Shaft Fault ( Coupling End Bent) 50 Trial 17.csv,Fault data split 50/Bearing (1) Inner & Shaft Fault ( Coupling End Bent) 50 Trial 17.csv,1,18,17,64000,40fd95b04fa532f73f9fb77f2445655e8f23e28b3a49f602a63ae5d21c3c89d3,9/20/2022 11:56:58 AM
Bearing (1) Inner & Shaft Fault ( Coupling End Bent) 50 Trial 18.csv,Fault data split 50/Bearing (1) Inner & Shaft Fault ( Coupling End Bent) 50 Trial 18.csv,1,18,18,64000,4f900c0beeac4007cd220b603566b9f4378c3ffd72a1a80d8a6920ea3f50ffd5,9/20/2022 11:57:14 AM
Bearing (1) Inner & Shaft Fault ( Coupling End Bent) 50 Trial 19.csv,Fault data split 50/Bearing (1) Inner & Shaft Fault ( Coupling End Bent) 50 Trial 19.csv,1,18,19,64000,686c71428953c2d5d5809eff67eaa0650eeebd2e463c311ab7a8aa03d80b040e,9/20/2022 11:57:30 AM
Bearing (1) Inner & Shaft Fault ( Coupling End Bent) 50 Trial 2.csv,Fault data split 50/Bearing (1) Inner & Shaft Fault ( Coupling End Bent) 50 Trial 2.csv,1,18,2,64000,718961544accd04db5e5d4668c4f921d6325541621d3c8a833ccb40449928bbb,9/20/2022 11:52:21 AM
Bearing (1) Inner & Shaft Fault ( Coupling End Bent) 50 Trial 20.csv,Fault data split 50/Bearing (1) Inner & Shaft Fault ( Coupling End Bent) 50 Trial 20.csv,1,18,20,64000,d88c4ac4ab49c4c940cdc8995cb1f6bc9905ef35fa46648fa4f90e51d1899ec0,9/20/2022 11:57:48 AM
Bearing (1) Inner & Shaft Fault ( Coupling End Bent) 50 Trial 21.csv,Fault data split 50/Bearing (1) Inner & Shaft Fault ( Coupling End Bent) 50 Trial 21.csv,1,18,21,64000,f57c3be030ce85965ad7ace61263cfc31012812d71212b37e01dbdf3f13aebc5,9/20/2022 11:58:03 AM
Bearing (1) Inner & Shaft Fault ( Coupling End Bent) 50 Trial 22.csv,Fault data split 50/Bearing (1) Inner & Shaft Fault ( Coupling End Bent) 50 Trial 22.csv,1,18,22,64000,41d2d45b41584bd772312d98834c91680cd4032fdf5d2179675dbc019316cd06,9/20/2022 11:58:21 AM
Bearing (1) Inner & Shaft Fault ( Coupling End Bent) 50 Trial 23.csv,Fault data split 50/Bearing (1) Inner & Shaft Fault ( Coupling End Bent) 50 Trial 23.csv,1,18,23,64000,30de856b441a1c66391219a9152a4e348479dd278cbd4c1535f0a7e07726d56a,9/20/2022 11:58:38 AM
Bearing (1) Inner & Shaft Fault ( Coupling End Bent) 50 Trial 24.csv,Fault data split 50/Bearing (1) Inner & Shaft Fault ( Coupling End Bent) 50 Trial 24.csv,1,18,24,64000,232d9cd3d1bc5ab754d067687aa03d9e9cd6d8dcf5a1955e697c45ef9dbcff14,9/20/2022 11:58:57 AM
Bearing (1) Inner & Shaft Fault ( Coupling End Bent) 50 Trial 25.csv,Fault data split 50/Bearing (1) Inner & Shaft Fault ( Coupling End Bent) 50 Trial 25.csv,1,18,25,64000,84adf67955e173a464f30199fa9d1b0e4f4a7bb4843430c9bdd36f9c2e455240,9/20/2022 11:59:12 AM
Bearing (1) Inner & Shaft Fault ( Coupling End Bent) 50 Trial 3.csv,Fault data split 50/Bearing (1) Inner & Shaft Fault ( Coupling End Bent) 50 Trial 3.csv,1,18,3,64000,cbf9c46361d3974d7f9a36c46930a918445593977fcf96a90ebb893fd210a07d,9/20/2022 11:52:38 AM
Bearing (1) Inner & Shaft Fault ( Coupling End Bent) 50 Trial 4.csv,Fault data split 50/Bearing (1) Inner & Shaft Fault ( Coupling End Bent) 50 Trial 4.csv,1,18,4,64000,8924d2727dec8c987dbd0bdee2362c44aa294e6c3e488a37167b7c6464c6fc67,9/20/2022 11:52:55 AM
Bearing (1) Inner & Shaft Fault ( Coupling End Bent) 50 Trial 5.csv,Fault data split 50/Bearing (1) Inner & Shaft Fault ( Coupling End Bent) 50 Trial 5.csv,1,18,5,64000,7294be0d8c9e526730bc948f668550e7e9854fbf78c15db1ca01b39877eb69d0,9/20/2022 11:53:25 AM
Bearing (1) Inner & Shaft Fault ( Coupling End Bent) 50 Trial 6.csv,Fault data split 50/Bearing (1) Inner & Shaft Fault ( Coupling End Bent) 50 Trial 6.csv,1,18,6,64000,81778a6461476361e7cbef5911954ce464a36753b46613b7f214dd11a7ad8c78,9/20/2022 11:53:43 AM
Bearing (1) Inner & Shaft Fault ( Coupling End Bent) 50 Trial 7.csv,Fault data split 50/Bearing (1) Inner & Shaft Fault ( Coupling End Bent) 50 Trial 7.csv,1,18,7,64000,e1033931022e3374c5e51ebe3bf169a9a50002c76f88a936bc7e6bc2f84b6b9c,9/20/2022 11:53:59 AM
Bearing (1) Inner & Shaft Fault ( Coupling End Bent) 50 Trial 8.csv,Fault data split 50/Bearing (1) Inner & Shaft Fault ( Coupling End Bent) 50 Trial 8.csv,1,18,8,64000,6083d281d2e429491bf8f5c955e0d93ca1bd55c5bc5e9360cd83f61ae1105d80,9/20/2022 11:54:17 AM
Bearing (1) Inner & Shaft Fault ( Coupling End Bent) 50 Trial 9.csv,Fault data split 50/Bearing (1) Inner & Shaft Fault ( Coupling End Bent) 50 Trial 9.csv,1,18,9,64000,5802e6b45735de6d0919d54e1086e7c9a870489e745fa10654a853825fa1db2f,9/20/2022 11:54:32 AM
Bearing (1) Inner & Shaft Fault (Centerally bent) 50 Trial 1.csv,Fault data split 50/Bearing (1) Inner & Shaft Fault (Centerally bent) 50 Trial 1.csv,1,19,1,64000,389d380b40aa26911a21df0ef0afaa3f56b3502f97cdd6b818c4a2299f5deedc,9/29/2022 12:35:02 PM
Bearing (1) Inner & Shaft Fault (Centerally bent) 50 Trial 10.csv,Fault data split 50/Bearing (1) Inner & Shaft Fault (Centerally bent) 50 Trial 10.csv,1,19,10,64000,38d4fb2d6047cc8e552990fd6123b56ae85b3bb50a412c975537e877a5b90924,9/29/2022 12:37:34 PM
Bearing (1) Inner & Shaft Fault (Centerally bent) 50 Trial 11.csv,Fault data split 50/Bearing (1) Inner & Shaft Fault (Centerally bent) 50 Trial 11.csv,1,19,11,64000,bf0df514435ca2b5e772aa885528e4d92b71b6e11ed05535c23947f62dbd9b9b,9/29/2022 12:37:48 PM
Bearing (1) Inner & Shaft Fault (Centerally bent) 50 Trial 12.csv,Fault data split 50/Bearing (1) Inner & Shaft Fault (Centerally bent) 50 Trial 12.csv,1,19,12,64000,d7368f30416ad32d057d5e8b3e07952dedfdae13ffbd17000706d477d95f833f,9/29/2022 12:38:04 PM
Bearing (1) Inner & Shaft Fault (Centerally bent) 50 Trial 13.csv,Fault data split 50/Bearing (1) Inner & Shaft Fault (Centerally bent) 50 Trial 13.csv,1,19,13,64000,e2f04dfeada1854d19ab6020e1b6bcd9903f2e692a7b4be001448f232bdd38d8,9/29/2022 12:38:18 PM
Bearing (1) Inner & Shaft Fault (Centerally bent) 50 Trial 14.csv,Fault data split 50/Bearing (1) Inner & Shaft Fault (Centerally bent) 50 Trial 14.csv,1,19,14,64000,8511451f42aff1c15adc8470d588e838528ce9b196b0020ae881114b3b80145e,9/29/2022 12:38:32 PM
Bearing (1) Inner & Shaft Fault (Centerally bent) 50 Trial 15.csv,Fault data split 50/Bearing (1) Inner & Shaft Fault (Centerally bent) 50 Trial 15.csv,1,19,15,64000,6fe4f502618328fe3a600540a050f37f54f8ecbe2f78982a70a6b85de3f670d7,9/29/2022 12:38:49 PM
Bearing (1) Inner & Shaft Fault (Centerally bent) 50 Trial 16.csv,Fault data split 50/Bearing (1) Inner & Shaft Fault (Centerally bent) 50 Trial 16.csv,1,19,16,64000,10413a41adf297b4e7a7a0b38fb746871ccd9ebb7b99f34aa38222f921e5da4d,9/29/2022 12:39:04 PM
Bearing (1) Inner & Shaft Fault (Centerally bent) 50 Trial 17.csv,Fault data split 50/Bearing (1) Inner & Shaft Fault (Centerally bent) 50 Trial 17.csv,1,19,17,64000,052b02ddf865606342388dd58dcc036b6fd8fd387659d7d26a1104be0bdcd5d2,9/29/2022 12:39:19 PM
Bearing (1) Inner & Shaft Fault (Centerally bent) 50 Trial 18.csv,Fault data split 50/Bearing (1) Inner & Shaft Fault (Centerally bent) 50 Trial 18.csv,1,19,18,64000,f5dfec966c3f278f789b67ae4776eb2c2d94f660afe16e0591447e29a732da93,9/29/2022 12:39:33 PM
Bearing (1) Inner & Shaft Fault (Centerally bent) 50 Trial 19.csv,Fault data split 50/Bearing (1) Inner & Shaft Fault (Centerally bent) 50 Trial 19.csv,1,19,19,64000,a37b1e71e07b6f774ec241d17f618415ec8b9f93a2792b4eb0f796bfd06bede0,9/29/2022 12:39:48 PM
Bearing (1) Inner & Shaft Fault (Centerally bent) 50 Trial 2.csv,Fault data split 50/Bearing (1) Inner & Shaft Fault (Centerally bent) 50 Trial 2.csv,1,19,2,64000,49ff813a9413a413d8490ef5e91dc2b3ad136b895eb7bf6c167d40ead1bc331b,9/29/2022 12:35:18 PM
Bearing (1) Inner & Shaft Fault (Centerally bent) 50 Trial 20.csv,Fault data split 50/Bearing (1) Inner & Shaft Fault (Centerally bent) 50 Trial 20.csv,1,19,20,64000,77cfd64117d584c86973acb7cb7122b01b2f349c4a0b2872afcb5eedd611c5c5,9/29/2022 12:40:03 PM
Bearing (1) Inner & Shaft Fault (Centerally bent) 50 Trial 21.csv,Fault data split 50/Bearing (1) Inner & Shaft Fault (Centerally bent) 50 Trial 21.csv,1,19,21,64000,8fbfa30884a0ff3bee810d74ca18e9a93dbff274ad5e65922cc516794cfc2b9c,9/29/2022 12:40:20 PM
Bearing (1) Inner & Shaft Fault (Centerally bent) 50 Trial 22.csv,Fault data split 50/Bearing (1) Inner & Shaft Fault (Centerally bent) 50 Trial 22.csv,1,19,22,64000,e52acb655bdcc2db62f2140496a73a5a4e58e6a551e638847dc2e6dcfac10111,9/29/2022 12:40:36 PM
Bearing (1) Inner & Shaft Fault (Centerally bent) 50 Trial 23.csv,Fault data split 50/Bearing (1) Inner & Shaft Fault (Centerally bent) 50 Trial 23.csv,1,19,23,64000,327dcaf2bedc5354e8a176b195cfcb686b780f410b3fdbd7a87610f5c25e6373,9/29/2022 12:40:50 PM
Bearing (1) Inner & Shaft Fault (Centerally bent) 50 Trial 24.csv,Fault data split 50/Bearing (1) Inner & Shaft Fault (Centerally bent) 50 Trial 24.csv,1,19,24,64000,982967edf0e14338853fba4996d0c5e79407f5c662571e5264be696cb0de00ec,9/29/2022 12:41:05 PM
Bearing (1) Inner & Shaft Fault (Centerally bent) 50 Trial 25.csv,Fault data split 50/Bearing (1) Inner & Shaft Fault (Centerally bent) 50 Trial 25.csv,1,19,25,64000,712e0e61b76c2a2a472b6823a934694791e1f092da64ffe4fe7fa6d8a8bb94b2,9/29/2022 12:41:20 PM
Bearing (1) Inner & Shaft Fault (Centerally bent) 50 Trial 3.csv,Fault data split 50/Bearing (1) Inner & Shaft Fault (Centerally bent) 50 Trial 3.csv,1,19,3,64000,43824d158caf1ee098fb33d5bc9044b81eee05432de2fb388848c88146aeb6c2,9/29/2022 12:35:34 PM
Bearing (1) Inner & Shaft Fault (Centerally bent) 50 Trial 4.csv,Fault data split 50/Bearing (1) Inner & Shaft Fault (Centerally bent) 50 Trial 4.csv,1,19,4,64000,b40cc27a6df9a8003cc733a2ca47fee260f0483aacacba06b85b3c044dcfe00f,9/29/2022 12:35:52 PM
Bearing (1) Inner & Shaft Fault (Centerally bent) 50 Trial 5.csv,Fault data split 50/Bearing (1) Inner & Shaft Fault (Centerally bent) 50 Trial 5.csv,1,19,5,64000,e6c70159ca825a6acdb7f718effb5e987f6682884f91c4c151e78796ba8920c7,9/29/2022 12:36:18 PM
Bearing (1) Inner & Shaft Fault (Centerally bent) 50 Trial 6.csv,Fault data split 50/Bearing (1) Inner & Shaft Fault (Centerally bent) 50 Trial 6.csv,1,19,6,64000,dec4dc6242d941e9f3333e9ae19a7efd2d95b7a98842db86c437bb285e678496,9/29/2022 12:36:34 PM
Bearing (1) Inner & Shaft Fault (Centerally bent) 50 Trial 7.csv,Fault data split 50/Bearing (1) Inner & Shaft Fault (Centerally bent) 50 Trial 7.csv,1,19,7,64000,12ff1426244b9c5b6cdeb6c1d1de167a19ef5e615cac590ec3d745e7af76327b,9/29/2022 12:36:50 PM
Bearing (1) Inner & Shaft Fault (Centerally bent) 50 Trial 8.csv,Fault data split 50/Bearing (1) Inner & Shaft Fault (Centerally bent) 50 Trial 8.csv,1,19,8,64000,c75166523837e0ba0d75c5ee4d4e09585648d6d32bb349991eee822f3914b654,9/29/2022 12:37:04 PM
Bearing (1) Inner & Shaft Fault (Centerally bent) 50 Trial 9.csv,Fault data split 50/Bearing (1) Inner & Shaft Fault (Centerally bent) 50 Trial 9.csv,1,19,9,64000,ca5f576e25e1e8d9c68eecf224064844f1046a451bd34000f3eb6d6eb51b35f2,9/29/2022 12:37:18 PM
Bearing (1) Inner 50 Trial 1.csv,Fault data split 50/Bearing (1) Inner 50 Trial 1.csv,1,13,1,64000,1c81ff0910c015c4db89a7360ae0b4a338ecc756f0edee15966bbb6a2bbe8ff0,9/10/2022 7:09:05 PM
Bearing (1) Inner 50 Trial 10.csv,Fault data split 50/Bearing (1) Inner 50 Trial 10.csv,1,13,10,64000,bce7f868925798961b80cbad3c1423458c8d5ea5bc43af389838d8622a1ed1ac,9/10/2022 7:11:49 PM
Bearing (1) Inner 50 Trial 11.csv,Fault data split 50/Bearing (1) Inner 50 Trial 11.csv,1,13,11,64000,021e160983751191628f649a77d935e18dd99882fdb1c819cf21dc2d5710a0b6,9/10/2022 7:12:12 PM
Bearing (1) Inner 50 Trial 12.csv,Fault data split 50/Bearing (1) Inner 50 Trial 12.csv,1,13,12,64000,a76abce99f0354b687a4fa0d0436a94ac4fdc63ca265339f486b416e0abb7411,9/10/2022 7:12:37 PM
Bearing (1) Inner 50 Trial 13.csv,Fault data split 50/Bearing (1) Inner 50 Trial 13.csv,1,13,13,64000,822d7983518ff9f4f812e68b42fd62423beb4595e450a9288b0b91896270514d,9/10/2022 7:12:55 PM
Bearing (1) Inner 50 Trial 14.csv,Fault data split 50/Bearing (1) Inner 50 Trial 14.csv,1,13,14,64000,8a93630bc6ea06d789ff9d2c7c9f893df484dac785030bd963a16cebc65a479e,9/10/2022 7:13:11 PM
Bearing (1) Inner 50 Trial 15.csv,Fault data split 50/Bearing (1) Inner 50 Trial 15.csv,1,13,15,64000,093fdc94bd7a09a50c79f7c306947b670f4676d5a15fb167e148494032717141,9/10/2022 7:13:26 PM
Bearing (1) Inner 50 Trial 16.csv,Fault data split 50/Bearing (1) Inner 50 Trial 16.csv,1,13,16,64000,0ae046b22e8be9799f9be4ea3979d74aa16540f430cb52ca96a81e8151104b32,9/10/2022 7:13:41 PM
Bearing (1) Inner 50 Trial 17.csv,Fault data split 50/Bearing (1) Inner 50 Trial 17.csv,1,13,17,64000,ee128dbe613ea3cc8ba0e2e93a10fa5dc0abccf8030a6b0a912463e0078765ef,9/10/2022 7:13:56 PM
Bearing (1) Inner 50 Trial 18.csv,Fault data split 50/Bearing (1) Inner 50 Trial 18.csv,1,13,18,64000,e08925cba2a82a0380e6040c48791cafe1f8424ce97f961badd2e28e14f859d5,9/10/2022 7:14:12 PM
Bearing (1) Inner 50 Trial 19.csv,Fault data split 50/Bearing (1) Inner 50 Trial 19.csv,1,13,19,64000,ab5b621bd6f6a959be0eaf4698e9aad6fec12d7b8c172b7010363a798f085b42,9/10/2022 7:14:26 PM
Bearing (1) Inner 50 Trial 2.csv,Fault data split 50/Bearing (1) Inner 50 Trial 2.csv,1,13,2,64000,0ec2e40ae862a4fdcaa4fc6ecbf2a6ec8f322aaaad74b0560a19cbe52c8b7cc9,9/10/2022 7:09:38 PM
Bearing (1) Inner 50 Trial 20.csv,Fault data split 50/Bearing (1) Inner 50 Trial 20.csv,1,13,20,64000,631ae8b47a6569e570dab3a20a65ba58f5c0905c3a118eef4566653282f85586,9/10/2022 7:14:47 PM
Bearing (1) Inner 50 Trial 21.csv,Fault data split 50/Bearing (1) Inner 50 Trial 21.csv,1,13,21,64000,5b10faa8dfae33df7deaf545034152568d025d1bdcf402fa6adade7f9e7682b3,9/10/2022 7:15:05 PM
Bearing (1) Inner 50 Trial 22.csv,Fault data split 50/Bearing (1) Inner 50 Trial 22.csv,1,13,22,64000,26a51d9cc628716ad0304e1a99ff4a3fc885a3abe3e537cbac674e58b37b7bd9,9/10/2022 7:15:24 PM
Bearing (1) Inner 50 Trial 23.csv,Fault data split 50/Bearing (1) Inner 50 Trial 23.csv,1,13,23,64000,f6dca5906c91dfcbe82bcff4c97a6c0c8dc0d16801fbd7f883e784bca1f544df,9/10/2022 7:15:40 PM
Bearing (1) Inner 50 Trial 24.csv,Fault data split 50/Bearing (1) Inner 50 Trial 24.csv,1,13,24,64000,721e4fce97857543587d837a72992182561662e1c1befa43441542119d041cd1,9/10/2022 7:16:01 PM
Bearing (1) Inner 50 Trial 25.csv,Fault data split 50/Bearing (1) Inner 50 Trial 25.csv,1,13,25,64000,403931a0733a9307d4309dcd3a30d46d691565746b5e2561277e7d7a9efa4864,9/10/2022 7:16:19 PM
Bearing (1) Inner 50 Trial 3.csv,Fault data split 50/Bearing (1) Inner 50 Trial 3.csv,1,13,3,64000,bde5b6daffce630d55c0b2c08e5d98f4fe23b9561e7721691b7a3c8c2b6301b0,9/10/2022 7:09:57 PM
Bearing (1) Inner 50 Trial 4.csv,Fault data split 50/Bearing (1) Inner 50 Trial 4.csv,1,13,4,64000,0c1479526b12789e1e3cb9817d3bd388e9f63013dd7d93205bbdbc7b405092ee,9/10/2022 7:10:11 PM
Bearing (1) Inner 50 Trial 5.csv,Fault data split 50/Bearing (1) Inner 50 Trial 5.csv,1,13,5,64000,96d2c5281526b7a5d67fc05dbdf202606591b4a9a605c5362211e078efc028c9,9/10/2022 7:10:27 PM
Bearing (1) Inner 50 Trial 6.csv,Fault data split 50/Bearing (1) Inner 50 Trial 6.csv,1,13,6,64000,9613bbad713a4858f84dac87b486113c8be737e883ac7a893f5ccf62cbd24810,9/10/2022 7:10:43 PM
Bearing (1) Inner 50 Trial 7.csv,Fault data split 50/Bearing (1) Inner 50 Trial 7.csv,1,13,7,64000,baa1f49d22df4e4ea261db089e4dcec37de27cf2a5e159a25af114db8cd5d80b,9/10/2022 7:10:59 PM
Bearing (1) Inner 50 Trial 8.csv,Fault data split 50/Bearing (1) Inner 50 Trial 8.csv,1,13,8,64000,e858730e991a4af9cdee0df57eac2a9ec425bb50ce2575767ae0256220ae2606,9/10/2022 7:11:15 PM
Bearing (1) Inner 50 Trial 9.csv,Fault data split 50/Bearing (1) Inner 50 Trial 9.csv,1,13,9,64000,e94f9acd5914022d75ac023f77cf8edc9c9a3621585a3c33affca42a26f20d75,9/10/2022 7:11:30 PM
Bearing (1) Outer & Bearing (2) Ball 50 Trial 1.csv,Fault data split 50/Bearing (1) Outer & Bearing (2) Ball 50 Trial 1.csv,1,20,1,64000,1b4136fb178e80b2134cc7f5c58a7b2c857f954c8cc8658de4c2a9b350b7ffa6,8/30/2022 11:43:02 AM
Bearing (1) Outer & Bearing (2) Ball 50 Trial 10.csv,Fault data split 50/Bearing (1) Outer & Bearing (2) Ball 50 Trial 10.csv,1,20,10,64000,4e18e483a2131fd78e42843aa42dd158b03aa033b94714fe9eb11d56d37acaba,8/30/2022 11:45:26 AM
Bearing (1) Outer & Bearing (2) Ball 50 Trial 11.csv,Fault data split 50/Bearing (1) Outer & Bearing (2) Ball 50 Trial 11.csv,1,20,11,64000,fcd0a022ea0a3ab5b32d805d0e20182ab1d85053cec8c19adfe1aa62e5c9374d,8/30/2022 11:45:45 AM
Bearing (1) Outer & Bearing (2) Ball 50 Trial 12.csv,Fault data split 50/Bearing (1) Outer & Bearing (2) Ball 50 Trial 12.csv,1,20,12,64000,6108920a44688f02dfdf4ebbc3434c0b69af1525a0924682b8d1e12f37b73fde,8/30/2022 11:46:01 AM
Bearing (1) Outer & Bearing (2) Ball 50 Trial 13.csv,Fault data split 50/Bearing (1) Outer & Bearing (2) Ball 50 Trial 13.csv,1,20,13,64000,79aa9f3d6f33ecf53d4dd091923e276428471b05516c2c9f5249d15a0ebd6ca6,8/30/2022 11:46:16 AM
Bearing (1) Outer & Bearing (2) Ball 50 Trial 14.csv,Fault data split 50/Bearing (1) Outer & Bearing (2) Ball 50 Trial 14.csv,1,20,14,64000,b19eb86156da4204d8f214c7945f71df287aac10e52a639e9c804d7d14cb1bee,8/30/2022 11:46:31 AM
Bearing (1) Outer & Bearing (2) Ball 50 Trial 15.csv,Fault data split 50/Bearing (1) Outer & Bearing (2) Ball 50 Trial 15.csv,1,20,15,64000,5992f02996e233c1cef95e381ee49c42c4778c18c59c5f4cd73a6687de965dc9,8/30/2022 11:46:45 AM
Bearing (1) Outer & Bearing (2) Ball 50 Trial 16.csv,Fault data split 50/Bearing (1) Outer & Bearing (2) Ball 50 Trial 16.csv,1,20,16,64000,178745b1894b3348ed66889a76132869400918557e53e3dcbfde1d11324f018f,8/30/2022 11:47:00 AM
Bearing (1) Outer & Bearing (2) Ball 50 Trial 17.csv,Fault data split 50/Bearing (1) Outer & Bearing (2) Ball 50 Trial 17.csv,1,20,17,64000,4f3de5ba470c6d7c24eecddaa7ea59cba9766b4142ca1b3ad5a1ed1268f1904c,8/30/2022 11:47:17 AM
Bearing (1) Outer & Bearing (2) Ball 50 Trial 18.csv,Fault data split 50/Bearing (1) Outer & Bearing (2) Ball 50 Trial 18.csv,1,20,18,64000,f717b8a6aadd4832319a71271cdb5e5566e165f83581e75c35b7d54b868c847d,8/30/2022 11:47:32 AM
Bearing (1) Outer & Bearing (2) Ball 50 Trial 19.csv,Fault data split 50/Bearing (1) Outer & Bearing (2) Ball 50 Trial 19.csv,1,20,19,64000,7277ea57cf995335f41a0154184f634d399432a5f8561c08393409696028c7ba,8/30/2022 11:47:48 AM
Bearing (1) Outer & Bearing (2) Ball 50 Trial 2.csv,Fault data split 50/Bearing (1) Outer & Bearing (2) Ball 50 Trial 2.csv,1,20,2,64000,07f5f6fd5d2f99ed33832f87e91be87586d90ef841886b0d08c7ade9eb945fa1,8/30/2022 11:43:20 AM
Bearing (1) Outer & Bearing (2) Ball 50 Trial 20.csv,Fault data split 50/Bearing (1) Outer & Bearing (2) Ball 50 Trial 20.csv,1,20,20,64000,ee00f6c4ab88579f68516cd1707544d0dcc6352e836bf442a8631060d0b24e2d,8/30/2022 11:48:07 AM
Bearing (1) Outer & Bearing (2) Ball 50 Trial 21.csv,Fault data split 50/Bearing (1) Outer & Bearing (2) Ball 50 Trial 21.csv,1,20,21,64000,20e26001e163f92fabf642ce71d980380004609df1870655e27ecc41931f8295,8/30/2022 11:48:38 AM
Bearing (1) Outer & Bearing (2) Ball 50 Trial 22.csv,Fault data split 50/Bearing (1) Outer & Bearing (2) Ball 50 Trial 22.csv,1,20,22,64000,c469a9fcb9cd1eb6e6ce74f6715d8f149f5be1234a955f77b9fecebc53a34838,8/30/2022 11:48:53 AM
Bearing (1) Outer & Bearing (2) Ball 50 Trial 23.csv,Fault data split 50/Bearing (1) Outer & Bearing (2) Ball 50 Trial 23.csv,1,20,23,64000,a175165364f5d5ad2632ee68683255cd5c21e5ac84cd79a471b4f56d8f97a8cf,8/30/2022 11:49:08 AM
Bearing (1) Outer & Bearing (2) Ball 50 Trial 24.csv,Fault data split 50/Bearing (1) Outer & Bearing (2) Ball 50 Trial 24.csv,1,20,24,64000,0a405cf06e520aee0192c7a24b1371f7b2330ee657452aa4ad2eb8dc0eb3d6af,8/30/2022 11:49:25 AM
Bearing (1) Outer & Bearing (2) Ball 50 Trial 25.csv,Fault data split 50/Bearing (1) Outer & Bearing (2) Ball 50 Trial 25.csv,1,20,25,64000,608d9d752181a3a887e7fe6254ff2f94447df5ceaf7287436dd371b74a9f66e4,8/30/2022 11:49:40 AM
Bearing (1) Outer & Bearing (2) Ball 50 Trial 3.csv,Fault data split 50/Bearing (1) Outer & Bearing (2) Ball 50 Trial 3.csv,1,20,3,64000,8289b3217656fb5eeae9997e74ad1210036d31693fd59a6182ba771726ae7a20,8/30/2022 11:43:36 AM
Bearing (1) Outer & Bearing (2) Ball 50 Trial 4.csv,Fault data split 50/Bearing (1) Outer & Bearing (2) Ball 50 Trial 4.csv,1,20,4,64000,3ea87185ebae32fd57e0b6a155e529053aee64fbace09757aa864fb459406515,8/30/2022 11:43:51 AM
Bearing (1) Outer & Bearing (2) Ball 50 Trial 5.csv,Fault data split 50/Bearing (1) Outer & Bearing (2) Ball 50 Trial 5.csv,1,20,5,64000,ec583b40f7bfd9a29051a6e72ee18f43d3728850d46b803e2e057391c38543d1,8/30/2022 11:44:07 AM
Bearing (1) Outer & Bearing (2) Ball 50 Trial 6.csv,Fault data split 50/Bearing (1) Outer & Bearing (2) Ball 50 Trial 6.csv,1,20,6,64000,35032288ac2d4bf0df4f83b38b481bf3c47928ffec5b3acfeb12e70b5e389080,8/30/2022 11:44:23 AM
Bearing (1) Outer & Bearing (2) Ball 50 Trial 7.csv,Fault data split 50/Bearing (1) Outer & Bearing (2) Ball 50 Trial 7.csv,1,20,7,64000,467691e3e163335666a845e4dcc3b812d56ac16eb4a0822a8850d91d1da798df,8/30/2022 11:44:40 AM
Bearing (1) Outer & Bearing (2) Ball 50 Trial 8.csv,Fault data split 50/Bearing (1) Outer & Bearing (2) Ball 50 Trial 8.csv,1,20,8,64000,8879288dee8e39ed3d6e95a2bcdcd9d394048cf0fe83c3d31ed1fd434e6c4bcd,8/30/2022 11:44:56 AM
Bearing (1) Outer & Bearing (2) Ball 50 Trial 9.csv,Fault data split 50/Bearing (1) Outer & Bearing (2) Ball 50 Trial 9.csv,1,20,9,64000,f6c08cd81ca57e0570ee1f75fc90f39215b26c298f3d37da0402a3feb1b92145,8/30/2022 11:45:11 AM
Bearing (1) Outer & Bearing (2) Combination 50 Trial 1.csv,Fault data split 50/Bearing (1) Outer & Bearing (2) Combination 50 Trial 1.csv,1,21,1,64000,b2569f66b0ac276c558a80e760aab58ef12c44945fc263575acf81e393a68b41,8/30/2022 11:17:17 AM
Bearing (1) Outer & Bearing (2) Combination 50 Trial 10.csv,Fault data split 50/Bearing (1) Outer & Bearing (2) Combination 50 Trial 10.csv,1,21,10,64000,8bdae32cdcb82374488aef771b37f3a60e1bb9af3633b1243f63f0aa8227dead,8/30/2022 11:19:53 AM
Bearing (1) Outer & Bearing (2) Combination 50 Trial 11.csv,Fault data split 50/Bearing (1) Outer & Bearing (2) Combination 50 Trial 11.csv,1,21,11,64000,aa5006e2fc23e96695fbbd9758e7f2053944a5597e42072f0a23121f186044d1,8/30/2022 11:20:08 AM
Bearing (1) Outer & Bearing (2) Combination 50 Trial 12.csv,Fault data split 50/Bearing (1) Outer & Bearing (2) Combination 50 Trial 12.csv,1,21,12,64000,75ee8f75fdc67e5a788dc74560be83fb22c92bd4642a9118d075ce46095ccddf,8/30/2022 11:20:43 AM
Bearing (1) Outer & Bearing (2) Combination 50 Trial 13.csv,Fault data split 50/Bearing (1) Outer & Bearing (2) Combination 50 Trial 13.csv,1,21,13,64000,8a4f624044181785fc51f5bf3b5d225387e23f8ab09525342ea10f5c54d0cb7a,8/30/2022 11:20:57 AM
Bearing (1) Outer & Bearing (2) Combination 50 Trial 14.csv,Fault data split 50/Bearing (1) Outer & Bearing (2) Combination 50 Trial 14.csv,1,21,14,64000,6adde0eb6a33894a2ecd412a743b21d1e572aa19c9e7a9e6d0fc358ad6fbebf7,8/30/2022 11:21:15 AM
Bearing (1) Outer & Bearing (2) Combination 50 Trial 15.csv,Fault data split 50/Bearing (1) Outer & Bearing (2) Combination 50 Trial 15.csv,1,21,15,64000,a0d92219a39457657ad3f989a00691dc2b5e7123054e5e0cbeda8202d4475b26,8/30/2022 11:21:32 AM
Bearing (1) Outer & Bearing (2) Combination 50 Trial 16.csv,Fault data split 50/Bearing (1) Outer & Bearing (2) Combination 50 Trial 16.csv,1,21,16,64000,5e7e97069b319cd8016580ea94e0a5d56d7da718188a79329ad3f746e4c8cae3,8/30/2022 11:21:49 AM
Bearing (1) Outer & Bearing (2) Combination 50 Trial 17.csv,Fault data split 50/Bearing (1) Outer & Bearing (2) Combination 50 Trial 17.csv,1,21,17,64000,b5f504bcb4b6ccce78f2aa2f6e2a8a08b7efc2ee0f781a16d8d7d109b5f2ba99,8/30/2022 11:22:10 AM
Bearing (1) Outer & Bearing (2) Combination 50 Trial 18.csv,Fault data split 50/Bearing (1) Outer & Bearing (2) Combination 50 Trial 18.csv,1,21,18,64000,39d567f253120779243a8f2319f5d026b081200095aad9202ea12a07d694ef5e,8/30/2022 11:22:27 AM
Bearing (1) Outer & Bearing (2) Combination 50 Trial 19.csv,Fault data split 50/Bearing (1) Outer & Bearing (2) Combination 50 Trial 19.csv,1,21,19,64000,e40ab7fa6207d276394699b687bd0a3353acbec227662a30adc8cbafe561d44f,8/30/2022 11:22:45 AM
Bearing (1) Outer & Bearing (2) Combination 50 Trial 2.csv,Fault data split 50/Bearing (1) Outer & Bearing (2) Combination 50 Trial 2.csv,1,21,2,64000,6fbc520755d391982d73638c6ae4d598a0f9bd5b783b7613a14ad0af3b2a957a,8/30/2022 11:17:35 AM
Bearing (1) Outer & Bearing (2) Combination 50 Trial 20.csv,Fault data split 50/Bearing (1) Outer & Bearing (2) Combination 50 Trial 20.csv,1,21,20,64000,d781c07117ec025074606b4b7db8a63ee749a7026641c2e794f899fd5254e38c,8/30/2022 11:23:03 AM
Bearing (1) Outer & Bearing (2) Combination 50 Trial 21.csv,Fault data split 50/Bearing (1) Outer & Bearing (2) Combination 50 Trial 21.csv,1,21,21,64000,f5d882205b417c52d22691771afae62c44446721a99bb21b2898c45657d257e9,8/30/2022 11:23:20 AM
Bearing (1) Outer & Bearing (2) Combination 50 Trial 22.csv,Fault data split 50/Bearing (1) Outer & Bearing (2) Combination 50 Trial 22.csv,1,21,22,64000,5272a2d0b5b1f85ffb24215ce77a6c3c5bb52db726c2a9a47c201d0ae010a9cc,8/30/2022 11:23:41 AM
Bearing (1) Outer & Bearing (2) Combination 50 Trial 23.csv,Fault data split 50/Bearing (1) Outer & Bearing (2) Combination 50 Trial 23.csv,1,21,23,64000,4b18282ec750c270692e2695f90b89e1d9bda45dacf79fe582064d65ade24909,8/30/2022 11:23:59 AM
Bearing (1) Outer & Bearing (2) Combination 50 Trial 24.csv,Fault data split 50/Bearing (1) Outer & Bearing (2) Combination 50 Trial 24.csv,1,21,24,64000,0c5f59fe215360ff9d6ed7fc9ff756423a532950d8a0339296566f795a80a326,8/30/2022 11:24:15 AM
Bearing (1) Outer & Bearing (2) Combination 50 Trial 25.csv,Fault data split 50/Bearing (1) Outer & Bearing (2) Combination 50 Trial 25.csv,1,21,25,64000,75e656a7e846188ed8f28ac6dde86e928e9679d3bd856eaa64438ebdedcdade5,8/30/2022 11:24:33 AM
Bearing (1) Outer & Bearing (2) Combination 50 Trial 3.csv,Fault data split 50/Bearing (1) Outer & Bearing (2) Combination 50 Trial 3.csv,1,21,3,64000,849153c5d313c4f642bee6f2929c090aee0cc87d98dd0e5bf47708c63ec5fb27,8/30/2022 11:17:52 AM
Bearing (1) Outer & Bearing (2) Combination 50 Trial 4.csv,Fault data split 50/Bearing (1) Outer & Bearing (2) Combination 50 Trial 4.csv,1,21,4,64000,8b2be95379bd46a076c888cb138318abe3e7245142bd55b8679ad5319097a412,8/30/2022 11:18:10 AM
Bearing (1) Outer & Bearing (2) Combination 50 Trial 5.csv,Fault data split 50/Bearing (1) Outer & Bearing (2) Combination 50 Trial 5.csv,1,21,5,64000,10327608044d84e90bb82c6b8716a83e73ce7ee53af542401f953083cfd52fdc,8/30/2022 11:18:27 AM
Bearing (1) Outer & Bearing (2) Combination 50 Trial 6.csv,Fault data split 50/Bearing (1) Outer & Bearing (2) Combination 50 Trial 6.csv,1,21,6,64000,034fa2a451d176a60ca412aedf9f9a856a315c2d5547c6a8d9fe887c4070789c,8/30/2022 11:18:43 AM
Bearing (1) Outer & Bearing (2) Combination 50 Trial 7.csv,Fault data split 50/Bearing (1) Outer & Bearing (2) Combination 50 Trial 7.csv,1,21,7,64000,7aedcc11381d69cfbf39031d6f4c78df8fd12d6f6f19abeb10e44afd9021ae0f,8/30/2022 11:19:00 AM
Bearing (1) Outer & Bearing (2) Combination 50 Trial 8.csv,Fault data split 50/Bearing (1) Outer & Bearing (2) Combination 50 Trial 8.csv,1,21,8,64000,16017a0001bfcb7aed6dab536a0a6398fc76ba9322f18ce2e46548778dec008c,8/30/2022 11:19:17 AM
Bearing (1) Outer & Bearing (2) Combination 50 Trial 9.csv,Fault data split 50/Bearing (1) Outer & Bearing (2) Combination 50 Trial 9.csv,1,21,9,64000,72e7048d9623fefa76722a76abd46fed396861ef8e416f6a8c73c90f0be4af91,8/30/2022 11:19:35 AM
Bearing (1) Outer & Bearing (2) Inner 50 Trial 1.csv,Fault data split 50/Bearing (1) Outer & Bearing (2) Inner 50 Trial 1.csv,1,22,1,64000,0ccdfb9551a06363237c84ef8a9c16a6f8d4bd55eea7cd4fee889d26be7e254a,8/30/2022 10:05:08 AM
Bearing (1) Outer & Bearing (2) Inner 50 Trial 10.csv,Fault data split 50/Bearing (1) Outer & Bearing (2) Inner 50 Trial 10.csv,1,22,10,64000,fb2cb2f675d76806846cfcbf52e5ee3aaaefa8c4103d57b26c820d1c651503e3,8/30/2022 10:07:40 AM
Bearing (1) Outer & Bearing (2) Inner 50 Trial 11.csv,Fault data split 50/Bearing (1) Outer & Bearing (2) Inner 50 Trial 11.csv,1,22,11,64000,180ce317747f30dfb07f38bae8aee89e9d312c70c6cfe5cdefb1ee69024907ff,8/30/2022 10:07:56 AM
Bearing (1) Outer & Bearing (2) Inner 50 Trial 12.csv,Fault data split 50/Bearing (1) Outer & Bearing (2) Inner 50 Trial 12.csv,1,22,12,64000,4f7588e806c6f6d1a9e33c72fabdd2d13ae06c80370c15e749c5c05b08fc95ec,8/30/2022 10:08:12 AM
Bearing (1) Outer & Bearing (2) Inner 50 Trial 13.csv,Fault data split 50/Bearing (1) Outer & Bearing (2) Inner 50 Trial 13.csv,1,22,13,64000,7bf45d9a90abeedceb5a215bd890114feaeefc76001d9cfd6a28ee1965fda98f,8/30/2022 10:08:28 AM
Bearing (1) Outer & Bearing (2) Inner 50 Trial 14.csv,Fault data split 50/Bearing (1) Outer & Bearing (2) Inner 50 Trial 14.csv,1,22,14,64000,f32f86c20af05ade9db60531b76b47173cde4c45b3492f7462f199a96beef1a8,8/30/2022 10:08:46 AM
Bearing (1) Outer & Bearing (2) Inner 50 Trial 15.csv,Fault data split 50/Bearing (1) Outer & Bearing (2) Inner 50 Trial 15.csv,1,22,15,64000,b9c472ecab522b572d47eed6f38ee7a54164a711fe30af7a09a91f1937238fbb,8/30/2022 10:09:09 AM
Bearing (1) Outer & Bearing (2) Inner 50 Trial 16.csv,Fault data split 50/Bearing (1) Outer & Bearing (2) Inner 50 Trial 16.csv,1,22,16,64000,924419f55e15fe0445bc8f76cd13ee9849b38cfcfb30bd4bf56a8778c8581b43,8/30/2022 10:09:25 AM
Bearing (1) Outer & Bearing (2) Inner 50 Trial 17.csv,Fault data split 50/Bearing (1) Outer & Bearing (2) Inner 50 Trial 17.csv,1,22,17,64000,d53a4631cc0f886739c9abfaeca9a5f865f40f510b2a927e371376ee2386fd54,8/30/2022 10:09:46 AM
Bearing (1) Outer & Bearing (2) Inner 50 Trial 18.csv,Fault data split 50/Bearing (1) Outer & Bearing (2) Inner 50 Trial 18.csv,1,22,18,64000,3bcfe24811bb841682ecb66a4d88d3fd85de9358eb78327425efadc14c4158aa,8/30/2022 10:10:02 AM
Bearing (1) Outer & Bearing (2) Inner 50 Trial 19.csv,Fault data split 50/Bearing (1) Outer & Bearing (2) Inner 50 Trial 19.csv,1,22,19,64000,e5513b7d0b48bd2a3e1e8bce612f90fde93b3e118815fdf2a2fd559a72455105,8/30/2022 10:10:26 AM
Bearing (1) Outer & Bearing (2) Inner 50 Trial 2.csv,Fault data split 50/Bearing (1) Outer & Bearing (2) Inner 50 Trial 2.csv,1,22,2,64000,6629463211897adb3c6a9bca36f5901b9e3cec7b8bd9af8ba07832a450596cf1,8/30/2022 10:05:24 AM
Bearing (1) Outer & Bearing (2) Inner 50 Trial 20.csv,Fault data split 50/Bearing (1) Outer & Bearing (2) Inner 50 Trial 20.csv,1,22,20,64000,18676a0fd56cb58875c2aa3e74ac9a4a230aa290239eda70ecee3956ae2e13e1,8/30/2022 10:10:44 AM
Bearing (1) Outer & Bearing (2) Inner 50 Trial 21.csv,Fault data split 50/Bearing (1) Outer & Bearing (2) Inner 50 Trial 21.csv,1,22,21,64000,44893a1cf2af9cb8bb3536b124d2cf4bd3e16a31ec37c324238301315bc59428,8/30/2022 10:11:01 AM
Bearing (1) Outer & Bearing (2) Inner 50 Trial 22.csv,Fault data split 50/Bearing (1) Outer & Bearing (2) Inner 50 Trial 22.csv,1,22,22,64000,fd52e264dfa9a16a3b88b6ab16b1274a5547df39f2dec0954f4b0beed45c2269,8/30/2022 10:11:17 AM
Bearing (1) Outer & Bearing (2) Inner 50 Trial 23.csv,Fault data split 50/Bearing (1) Outer & Bearing (2) Inner 50 Trial 23.csv,1,22,23,64000,937fe425b37a6f5a5939c0a08d35cdea6788a189e064b543d1fc6fb94cfaf22d,8/30/2022 10:11:35 AM
Bearing (1) Outer & Bearing (2) Inner 50 Trial 24.csv,Fault data split 50/Bearing (1) Outer & Bearing (2) Inner 50 Trial 24.csv,1,22,24,64000,904beab0d4f39592038f01b56b24d014535a1ee162e6d1935f653a4de22b13b4,8/30/2022 10:11:51 AM
Bearing (1) Outer & Bearing (2) Inner 50 Trial 25.csv,Fault data split 50/Bearing (1) Outer & Bearing (2) Inner 50 Trial 25.csv,1,22,25,64000,97eb581aef174a11dc7225f92faa0f0ef13cb7d0c105f0bebb849ada0f323555,8/30/2022 10:12:08 AM
Bearing (1) Outer & Bearing (2) Inner 50 Trial 3.csv,Fault data split 50/Bearing (1) Outer & Bearing (2) Inner 50 Trial 3.csv,1,22,3,64000,57899c1aab2bc7b5b1102a5024fe8601ea1bef53d4431ed39c9712904cab7119,8/30/2022 10:05:40 AM
Bearing (1) Outer & Bearing (2) Inner 50 Trial 4.csv,Fault data split 50/Bearing (1) Outer & Bearing (2) Inner 50 Trial 4.csv,1,22,4,64000,4b4da0b3f1e75e2e983a534ce85e4b3970c6cbb27f4c9add4a8758a8484088db,8/30/2022 10:05:54 AM
Bearing (1) Outer & Bearing (2) Inner 50 Trial 5.csv,Fault data split 50/Bearing (1) Outer & Bearing (2) Inner 50 Trial 5.csv,1,22,5,64000,03737cacd836c055cf954b09da382b46ab700fe3ac1efb20cd0902f9f6ad8c6b,8/30/2022 10:06:10 AM
Bearing (1) Outer & Bearing (2) Inner 50 Trial 6.csv,Fault data split 50/Bearing (1) Outer & Bearing (2) Inner 50 Trial 6.csv,1,22,6,64000,c3b9ce344a824d7ccb480333df80f5754dee4824d9958949ac07865f0ac56caa,8/30/2022 10:06:27 AM
Bearing (1) Outer & Bearing (2) Inner 50 Trial 7.csv,Fault data split 50/Bearing (1) Outer & Bearing (2) Inner 50 Trial 7.csv,1,22,7,64000,1da8088e496a998972c67e5bc942756b8f96654b37bfa947e7e279d5284c1961,8/30/2022 10:06:47 AM
Bearing (1) Outer & Bearing (2) Inner 50 Trial 8.csv,Fault data split 50/Bearing (1) Outer & Bearing (2) Inner 50 Trial 8.csv,1,22,8,64000,64cad2dd7f48231f98bc2b78f553eec95d71ac6a8b9cdc9e9aa60fc7d7b1db8c,8/30/2022 10:07:03 AM
Bearing (1) Outer & Bearing (2) Inner 50 Trial 9.csv,Fault data split 50/Bearing (1) Outer & Bearing (2) Inner 50 Trial 9.csv,1,22,9,64000,79d1d2feaa65ee23fd8ff98bdbbb221f0ffd6085ee2701058a55bc0fcdf968c1,8/30/2022 10:07:22 AM
Bearing (1) Outer & Shaft Fault ( Coupling End Bent) 50 Trial 1.csv,Fault data split 50/Bearing (1) Outer & Shaft Fault ( Coupling End Bent) 50 Trial 1.csv,1,24,1,64000,646575d14d4e384423355608d9ebb40dd1648418ccfb57f158be4565ee51b720,9/23/2022 6:55:12 PM
Bearing (1) Outer & Shaft Fault ( Coupling End Bent) 50 Trial 10.csv,Fault data split 50/Bearing (1) Outer & Shaft Fault ( Coupling End Bent) 50 Trial 10.csv,1,24,10,64000,6eeb8a0bf455d31ea2baf157dadc7a709d969e84e6a9c1d08d81f7faa3d0392e,9/23/2022 6:58:00 PM
Bearing (1) Outer & Shaft Fault ( Coupling End Bent) 50 Trial 11.csv,Fault data split 50/Bearing (1) Outer & Shaft Fault ( Coupling End Bent) 50 Trial 11.csv,1,24,11,64000,b65043f439eae1572cc2e43a3fe8bc77e539926e7046149cdd59eb672a91c333,9/23/2022 6:58:15 PM
Bearing (1) Outer & Shaft Fault ( Coupling End Bent) 50 Trial 12.csv,Fault data split 50/Bearing (1) Outer & Shaft Fault ( Coupling End Bent) 50 Trial 12.csv,1,24,12,64000,3f73ea2d0762c0911ab5aaeee6a0eb5ed20bfcbc530ea0a1d8fccf569dec6991,9/23/2022 6:58:32 PM
Bearing (1) Outer & Shaft Fault ( Coupling End Bent) 50 Trial 13.csv,Fault data split 50/Bearing (1) Outer & Shaft Fault ( Coupling End Bent) 50 Trial 13.csv,1,24,13,64000,97651cc2813459a8ef42ae0e181775fe9d41290d3772611f35e2de1f38743204,9/23/2022 6:58:48 PM
Bearing (1) Outer & Shaft Fault ( Coupling End Bent) 50 Trial 14.csv,Fault data split 50/Bearing (1) Outer & Shaft Fault ( Coupling End Bent) 50 Trial 14.csv,1,24,14,64000,d460249a59cea27dbb235c6c7df765def084a9d81914dc2df2ea54a39de52de3,9/23/2022 6:59:02 PM
Bearing (1) Outer & Shaft Fault ( Coupling End Bent) 50 Trial 15.csv,Fault data split 50/Bearing (1) Outer & Shaft Fault ( Coupling End Bent) 50 Trial 15.csv,1,24,15,64000,1e8447c76ec20425831d961b57720d1ab8ec9b8f292e96d455192500e23a73b5,9/23/2022 6:59:17 PM
Bearing (1) Outer & Shaft Fault ( Coupling End Bent) 50 Trial 16.csv,Fault data split 50/Bearing (1) Outer & Shaft Fault ( Coupling End Bent) 50 Trial 16.csv,1,24,16,64000,328cb16fcc6ba77557fe46eb77daf27df72e478859fd0ec27174e92fd19c31d7,9/23/2022 6:59:35 PM
Bearing (1) Outer & Shaft Fault ( Coupling End Bent) 50 Trial 17.csv,Fault data split 50/Bearing (1) Outer & Shaft Fault ( Coupling End Bent) 50 Trial 17.csv,1,24,17,64000,5010e38235a656f9108abf34dba26305b2ffc1596781c1f831bd79a5949f2ab4,9/23/2022 6:59:57 PM
Bearing (1) Outer & Shaft Fault ( Coupling End Bent) 50 Trial 18.csv,Fault data split 50/Bearing (1) Outer & Shaft Fault ( Coupling End Bent) 50 Trial 18.csv,1,24,18,64000,4a44f0e1588a3f4f4412a52e7ddceb57a23862465dd0897c9d644200d2997e2a,9/23/2022 7:00:20 PM
Bearing (1) Outer & Shaft Fault ( Coupling End Bent) 50 Trial 19.csv,Fault data split 50/Bearing (1) Outer & Shaft Fault ( Coupling End Bent) 50 Trial 19.csv,1,24,19,64000,83012bf2760510ffd3dcb4101f0329542cb4331e3506549e9b434943fe513e04,9/23/2022 7:00:39 PM
Bearing (1) Outer & Shaft Fault ( Coupling End Bent) 50 Trial 2.csv,Fault data split 50/Bearing (1) Outer & Shaft Fault ( Coupling End Bent) 50 Trial 2.csv,1,24,2,64000,c355ec3082bada29f4ed65233537de4518f3be39b34ccc963598a8389de1442a,9/23/2022 6:55:50 PM
Bearing (1) Outer & Shaft Fault ( Coupling End Bent) 50 Trial 20.csv,Fault data split 50/Bearing (1) Outer & Shaft Fault ( Coupling End Bent) 50 Trial 20.csv,1,24,20,64000,6e80da16d3824334364f7f6a49949eedd4ee849fb8b53d645a9379fbbf31cbcf,9/23/2022 7:00:57 PM
Bearing (1) Outer & Shaft Fault ( Coupling End Bent) 50 Trial 21.csv,Fault data split 50/Bearing (1) Outer & Shaft Fault ( Coupling End Bent) 50 Trial 21.csv,1,24,21,64000,f373d6ba8317d901f8a6d51e9b91469772517538b58312479e21eca0e58c9396,9/23/2022 7:01:14 PM
Bearing (1) Outer & Shaft Fault ( Coupling End Bent) 50 Trial 22.csv,Fault data split 50/Bearing (1) Outer & Shaft Fault ( Coupling End Bent) 50 Trial 22.csv,1,24,22,64000,e4af7fc1dc692e1618c5e3bbb4f2b7db1f27b8e2e4e22782e71612abd56affff,9/23/2022 7:01:33 PM
Bearing (1) Outer & Shaft Fault ( Coupling End Bent) 50 Trial 23.csv,Fault data split 50/Bearing (1) Outer & Shaft Fault ( Coupling End Bent) 50 Trial 23.csv,1,24,23,64000,3ec5c4e26def5148fba3bde9d0381954a871f63efc47e080e03b5082be8e839d,9/23/2022 7:01:47 PM
Bearing (1) Outer & Shaft Fault ( Coupling End Bent) 50 Trial 24.csv,Fault data split 50/Bearing (1) Outer & Shaft Fault ( Coupling End Bent) 50 Trial 24.csv,1,24,24,64000,907cf1b9cc5a3e6f1a3061f810992a07674c6412e1a896da631f52399480d10b,9/23/2022 7:02:04 PM
Bearing (1) Outer & Shaft Fault ( Coupling End Bent) 50 Trial 25.csv,Fault data split 50/Bearing (1) Outer & Shaft Fault ( Coupling End Bent) 50 Trial 25.csv,1,24,25,64000,f4ac0a2d1953a329f1957d135f30171f5de9c9904f85b7a0226ce2b8806c2fb3,9/23/2022 7:02:21 PM
Bearing (1) Outer & Shaft Fault ( Coupling End Bent) 50 Trial 3.csv,Fault data split 50/Bearing (1) Outer & Shaft Fault ( Coupling End Bent) 50 Trial 3.csv,1,24,3,64000,7d20d8bc91186fb6f53e2dab11d3f372bc9b293372c0bd69fcf36e4b6c4050b6,9/23/2022 6:56:06 PM
Bearing (1) Outer & Shaft Fault ( Coupling End Bent) 50 Trial 4.csv,Fault data split 50/Bearing (1) Outer & Shaft Fault ( Coupling End Bent) 50 Trial 4.csv,1,24,4,64000,271737f24b39341f4a7626aba9363f69640c7acdde0ec41c80e4a6178fed2d36,9/23/2022 6:56:23 PM
Bearing (1) Outer & Shaft Fault ( Coupling End Bent) 50 Trial 5.csv,Fault data split 50/Bearing (1) Outer & Shaft Fault ( Coupling End Bent) 50 Trial 5.csv,1,24,5,64000,3eff02bb2884d0c2965068ecedbaa7b8a823c5eeaeea8084c1c521773d708319,9/23/2022 6:56:38 PM
Bearing (1) Outer & Shaft Fault ( Coupling End Bent) 50 Trial 6.csv,Fault data split 50/Bearing (1) Outer & Shaft Fault ( Coupling End Bent) 50 Trial 6.csv,1,24,6,64000,513242d3c655238d883108e17a05150d400e73acc816364f2b52456af630a98c,9/23/2022 6:56:57 PM
Bearing (1) Outer & Shaft Fault ( Coupling End Bent) 50 Trial 7.csv,Fault data split 50/Bearing (1) Outer & Shaft Fault ( Coupling End Bent) 50 Trial 7.csv,1,24,7,64000,1aed87c7a7a6e6c0a599d606369215bf4f4408078d6cb45a91e2e9bf7ed29a84,9/23/2022 6:57:12 PM
Bearing (1) Outer & Shaft Fault ( Coupling End Bent) 50 Trial 8.csv,Fault data split 50/Bearing (1) Outer & Shaft Fault ( Coupling End Bent) 50 Trial 8.csv,1,24,8,64000,15d323806e4d839df359baf2632da8a1f63250c09fba0a6350930f421c74d9a5,9/23/2022 6:57:29 PM
Bearing (1) Outer & Shaft Fault ( Coupling End Bent) 50 Trial 9.csv,Fault data split 50/Bearing (1) Outer & Shaft Fault ( Coupling End Bent) 50 Trial 9.csv,1,24,9,64000,9c31988e595487b2660af497d431a3abc76c49942299873f05a4eec8bbd89d99,9/23/2022 6:57:44 PM
Bearing (1) Outer & Shaft Fault (Centerally bent) 50 Trial 1.csv,Fault data split 50/Bearing (1) Outer & Shaft Fault (Centerally bent) 50 Trial 1.csv,1,23,1,64000,6bfc9c943d0f7094801c137811faee78f81b12ac7f59b66b4e5d1ffb487c3cd7,9/29/2022 2:42:13 PM
Bearing (1) Outer & Shaft Fault (Centerally bent) 50 Trial 10.csv,Fault data split 50/Bearing (1) Outer & Shaft Fault (Centerally bent) 50 Trial 10.csv,1,23,10,64000,ec779b1bf2f981eae0aeb44e2e5d4ee57ee71f962cfb3e886de1de3141557a1c,9/29/2022 2:45:26 PM
Bearing (1) Outer & Shaft Fault (Centerally bent) 50 Trial 11.csv,Fault data split 50/Bearing (1) Outer & Shaft Fault (Centerally bent) 50 Trial 11.csv,1,23,11,64000,67dab01a857be1d302ed8870383043daa5cf6e9321279ca0d1d26bfeee3a8482,9/29/2022 2:45:41 PM
Bearing (1) Outer & Shaft Fault (Centerally bent) 50 Trial 12.csv,Fault data split 50/Bearing (1) Outer & Shaft Fault (Centerally bent) 50 Trial 12.csv,1,23,12,64000,18170f5093dcea0941fc0613296d1a858bd0240f69a0ebff9ff7b9da74345c11,9/29/2022 2:45:59 PM
Bearing (1) Outer & Shaft Fault (Centerally bent) 50 Trial 13.csv,Fault data split 50/Bearing (1) Outer & Shaft Fault (Centerally bent) 50 Trial 13.csv,1,23,13,64000,8f923c3ac8b050618a13087df1e92670f916e7dcf638b62f4cf11c20724208a5,9/29/2022 2:46:16 PM
Bearing (1) Outer & Shaft Fault (Centerally bent) 50 Trial 14.csv,Fault data split 50/Bearing (1) Outer & Shaft Fault (Centerally bent) 50 Trial 14.csv,1,23,14,64000,6c851d27602985d166b57fbcb64e305ba7eaa884ab98df299ef141be85d74f55,9/29/2022 2:46:37 PM
Bearing (1) Outer & Shaft Fault (Centerally bent) 50 Trial 15.csv,Fault data split 50/Bearing (1) Outer & Shaft Fault (Centerally bent) 50 Trial 15.csv,1,23,15,64000,efbd3cbd7e299ac0eaf89d2ea41e6e3ff533e9c321eade4e2b45fdbc24d7ee3a,9/29/2022 2:46:54 PM
Bearing (1) Outer & Shaft Fault (Centerally bent) 50 Trial 16.csv,Fault data split 50/Bearing (1) Outer & Shaft Fault (Centerally bent) 50 Trial 16.csv,1,23,16,64000,99af9fbdfd6fe0366711dfd4f5c2af447a722dcfad010d6e8aa970b19521d20c,9/29/2022 2:47:09 PM
Bearing (1) Outer & Shaft Fault (Centerally bent) 50 Trial 17.csv,Fault data split 50/Bearing (1) Outer & Shaft Fault (Centerally bent) 50 Trial 17.csv,1,23,17,64000,1234fc780b741df8af5ad5754f758bbbd0eb8d69a282cd24e976f7b772aff15e,9/29/2022 2:47:25 PM
Bearing (1) Outer & Shaft Fault (Centerally bent) 50 Trial 18.csv,Fault data split 50/Bearing (1) Outer & Shaft Fault (Centerally bent) 50 Trial 18.csv,1,23,18,64000,7e4c410931d1b6f8718248aa5680251e0910eca534b006cabb9b251ea81ab9c5,9/29/2022 2:47:47 PM
Bearing (1) Outer & Shaft Fault (Centerally bent) 50 Trial 19.csv,Fault data split 50/Bearing (1) Outer & Shaft Fault (Centerally bent) 50 Trial 19.csv,1,23,19,64000,decfe7ecc2e4ae6aba1cc7ef4bb864c9bce3fb5257e05b113a99cd7ac50bfbe7,9/29/2022 2:48:03 PM
Bearing (1) Outer & Shaft Fault (Centerally bent) 50 Trial 2.csv,Fault data split 50/Bearing (1) Outer & Shaft Fault (Centerally bent) 50 Trial 2.csv,1,23,2,64000,eee19c71fd943270fd1c2e97b127db54729d43b17f966a0882dfad7c72e2bc43,9/29/2022 2:42:27 PM
Bearing (1) Outer & Shaft Fault (Centerally bent) 50 Trial 20.csv,Fault data split 50/Bearing (1) Outer & Shaft Fault (Centerally bent) 50 Trial 20.csv,1,23,20,64000,e161f6a914f0fa150e4d52e3e7da34cdfc44e59d6ee7afcf2adae96fd4f797e1,9/29/2022 2:48:18 PM
Bearing (1) Outer & Shaft Fault (Centerally bent) 50 Trial 21.csv,Fault data split 50/Bearing (1) Outer & Shaft Fault (Centerally bent) 50 Trial 21.csv,1,23,21,64000,5beac807577180a75599bd7a542cafbd8227d638a5b74be99f932d81df91c320,9/29/2022 2:48:36 PM
Bearing (1) Outer & Shaft Fault (Centerally bent) 50 Trial 22.csv,Fault data split 50/Bearing (1) Outer & Shaft Fault (Centerally bent) 50 Trial 22.csv,1,23,22,64000,7961c58f69f69fafcde234e51cfb5e6aef2a47f30f9001393d1de43602878ff3,9/29/2022 2:48:53 PM
Bearing (1) Outer & Shaft Fault (Centerally bent) 50 Trial 23.csv,Fault data split 50/Bearing (1) Outer & Shaft Fault (Centerally bent) 50 Trial 23.csv,1,23,23,64000,6942b146c269b407969ddc363ebe618d544591358ee3dcabeec720b982b9e144,9/29/2022 2:49:12 PM
Bearing (1) Outer & Shaft Fault (Centerally bent) 50 Trial 24.csv,Fault data split 50/Bearing (1) Outer & Shaft Fault (Centerally bent) 50 Trial 24.csv,1,23,24,64000,da9aaac9d23d6cc3166833212fc06a8007b1b29be9195f88a976341d31f756e2,9/29/2022 2:49:28 PM
Bearing (1) Outer & Shaft Fault (Centerally bent) 50 Trial 25.csv,Fault data split 50/Bearing (1) Outer & Shaft Fault (Centerally bent) 50 Trial 25.csv,1,23,25,64000,97f84dc749fd6e36d1bfb74ef5f14e5dd0e36273cf1638f198ffa5157c5471ed,9/29/2022 2:49:49 PM
Bearing (1) Outer & Shaft Fault (Centerally bent) 50 Trial 3.csv,Fault data split 50/Bearing (1) Outer & Shaft Fault (Centerally bent) 50 Trial 3.csv,1,23,3,64000,62b16d37b86e907ebe63f6b7db9cf053dd97bc9fe4b9002d4a3789fb51c1b660,9/29/2022 2:43:08 PM
Bearing (1) Outer & Shaft Fault (Centerally bent) 50 Trial 4.csv,Fault data split 50/Bearing (1) Outer & Shaft Fault (Centerally bent) 50 Trial 4.csv,1,23,4,64000,ff3b0acb8386eb6e70ddd2bfdbaf5d7031ad16d4d9aad4788c377e496c240ed3,9/29/2022 2:43:29 PM
Bearing (1) Outer & Shaft Fault (Centerally bent) 50 Trial 5.csv,Fault data split 50/Bearing (1) Outer & Shaft Fault (Centerally bent) 50 Trial 5.csv,1,23,5,64000,6f1ef13e8c9b37b8cccd42204a60cd35b72e505965aa4a4fabd11ef3240b0abf,9/29/2022 2:43:46 PM
Bearing (1) Outer & Shaft Fault (Centerally bent) 50 Trial 6.csv,Fault data split 50/Bearing (1) Outer & Shaft Fault (Centerally bent) 50 Trial 6.csv,1,23,6,64000,cf66aa1d8929010707ed5de48ba254bba4b01f2e493069a39cc07654e203b932,9/29/2022 2:44:04 PM
Bearing (1) Outer & Shaft Fault (Centerally bent) 50 Trial 7.csv,Fault data split 50/Bearing (1) Outer & Shaft Fault (Centerally bent) 50 Trial 7.csv,1,23,7,64000,c93785bd36d172cd2c61c446c7de4153ce5187bf97795aecec0c61052accacf4,9/29/2022 2:44:25 PM
Bearing (1) Outer & Shaft Fault (Centerally bent) 50 Trial 8.csv,Fault data split 50/Bearing (1) Outer & Shaft Fault (Centerally bent) 50 Trial 8.csv,1,23,8,64000,f473ea0b1bd876bdef167b99e7d5bdca81315f80136e31e497c5a8edbdd5da28,9/29/2022 2:44:45 PM
Bearing (1) Outer & Shaft Fault (Centerally bent) 50 Trial 9.csv,Fault data split 50/Bearing (1) Outer & Shaft Fault (Centerally bent) 50 Trial 9.csv,1,23,9,64000,28ee3657894e69bb42220cea094f45e0b214a0426ac01e6b5b6e8f08be4c5bc6,9/29/2022 2:45:04 PM
Bearing (1) Outer 50 Trial 1.csv,Fault data split 50/Bearing (1) Outer 50 Trial 1.csv,1,14,1,64000,67ea2ef5f2be23bf16b6e9cd7496d1136bb4c4fa3803971a9f5d3156f1c471e5,9/6/2022 11:42:27 AM
Bearing (1) Outer 50 Trial 10.csv,Fault data split 50/Bearing (1) Outer 50 Trial 10.csv,1,14,10,64000,028340a5ec8b249652e0ea90457ed144085e9f4e36a8ea2a2d857db200f37ebc,9/6/2022 11:44:56 AM
Bearing (1) Outer 50 Trial 11.csv,Fault data split 50/Bearing (1) Outer 50 Trial 11.csv,1,14,11,64000,be35733e817fd581456aaa49e4af67b1fd9f0096ded9ae231d4412baf9dd1116,9/6/2022 11:45:12 AM
Bearing (1) Outer 50 Trial 12.csv,Fault data split 50/Bearing (1) Outer 50 Trial 12.csv,1,14,12,64000,909e78dfaa49d4502e55ed3cc36208b81a085574a6e0388e989d0edf71b01340,9/6/2022 11:45:27 AM
Bearing (1) Outer 50 Trial 13.csv,Fault data split 50/Bearing (1) Outer 50 Trial 13.csv,1,14,13,64000,424d2b9bc565ea9d6560874e8938047dfc97df2252cccbaa29c20355bffd1892,9/6/2022 11:45:43 AM
Bearing (1) Outer 50 Trial 14.csv,Fault data split 50/Bearing (1) Outer 50 Trial 14.csv,1,14,14,64000,d2a65e006ffd0fed2227c14deef265125aeca47831ded6b8e2c388f7230c66f3,9/6/2022 11:46:01 AM
Bearing (1) Outer 50 Trial 15.csv,Fault data split 50/Bearing (1) Outer 50 Trial 15.csv,1,14,15,64000,31ad1c2311ff2ba02afb299b6472803f378034614a1f01a6b2697763546e85f9,9/6/2022 11:46:17 AM
Bearing (1) Outer 50 Trial 16.csv,Fault data split 50/Bearing (1) Outer 50 Trial 16.csv,1,14,16,64000,ed89318ca7ccf46671625f549cc26be1c80dc22fb3b74d369e271694c5079ddc,9/6/2022 11:46:36 AM
Bearing (1) Outer 50 Trial 17.csv,Fault data split 50/Bearing (1) Outer 50 Trial 17.csv,1,14,17,64000,7658633b4cab8ff907fbffafd2c21fc2c669d7fe24621dfaade615399375a400,9/6/2022 11:46:54 AM
Bearing (1) Outer 50 Trial 18.csv,Fault data split 50/Bearing (1) Outer 50 Trial 18.csv,1,14,18,64000,f3381e0d3af3a45ab1570fd02797ab0762e1204e19bcdb85933d5726b46fde45,9/6/2022 11:47:09 AM
Bearing (1) Outer 50 Trial 19.csv,Fault data split 50/Bearing (1) Outer 50 Trial 19.csv,1,14,19,64000,de49df2e5db7d685e123d1742b399bd4f8fd71c0621f0714d5abe98c793c17fb,9/6/2022 11:47:25 AM
Bearing (1) Outer 50 Trial 2.csv,Fault data split 50/Bearing (1) Outer 50 Trial 2.csv,1,14,2,64000,4cb68fa1f160f3c062451743ae6539986237ddf552b2bdc8b2fe38496681da6d,9/6/2022 11:42:43 AM
Bearing (1) Outer 50 Trial 20.csv,Fault data split 50/Bearing (1) Outer 50 Trial 20.csv,1,14,20,64000,dc88776e2ac68caef2c4bca0c47c4807b545ee540b7d44adc69762f3f303b6d5,9/6/2022 11:47:41 AM
Bearing (1) Outer 50 Trial 21.csv,Fault data split 50/Bearing (1) Outer 50 Trial 21.csv,1,14,21,64000,0097d985a70e42838efd58da5b61a3f32e750a6e09bd822744a6aff59fef320c,9/6/2022 11:47:57 AM
Bearing (1) Outer 50 Trial 22.csv,Fault data split 50/Bearing (1) Outer 50 Trial 22.csv,1,14,22,64000,530ce059eba3c8f1648b472e59c9341808ccf9c1bc7035ac82a8cbb3b3b9e711,9/6/2022 11:48:15 AM
Bearing (1) Outer 50 Trial 23.csv,Fault data split 50/Bearing (1) Outer 50 Trial 23.csv,1,14,23,64000,853f37a97993adaff3736a53514f27aa00b5bdd0846674be61acca55ccf7c857,9/6/2022 11:48:31 AM
Bearing (1) Outer 50 Trial 24.csv,Fault data split 50/Bearing (1) Outer 50 Trial 24.csv,1,14,24,64000,25948bfae7e401086b5a3a4516364d07d6c37f09af76ba6e7545703bdbe1799c,9/6/2022 11:48:49 AM
Bearing (1) Outer 50 Trial 25.csv,Fault data split 50/Bearing (1) Outer 50 Trial 25.csv,1,14,25,64000,f498d71d498d163197adcee1c0bc72dd6c52b72525c5bc4ecc0e9088aaa2f5a1,9/6/2022 11:49:06 AM
Bearing (1) Outer 50 Trial 3.csv,Fault data split 50/Bearing (1) Outer 50 Trial 3.csv,1,14,3,64000,f9758327031fb7672aae91c4d6a0965495b88aba45ee0eb22b108a5910f5d4cb,9/6/2022 11:43:00 AM
Bearing (1) Outer 50 Trial 4.csv,Fault data split 50/Bearing (1) Outer 50 Trial 4.csv,1,14,4,64000,51a558f27ac55cf6293429f3afbf5d2fbbcbd9862228eab5f19daf27be8ffc1a,9/6/2022 11:43:16 AM
Bearing (1) Outer 50 Trial 5.csv,Fault data split 50/Bearing (1) Outer 50 Trial 5.csv,1,14,5,64000,5a41fb8f0236da0e08e1ed46b1005bf5dd7a8e1766b1d9a038987cb260df9ecd,9/6/2022 11:43:34 AM
Bearing (1) Outer 50 Trial 6.csv,Fault data split 50/Bearing (1) Outer 50 Trial 6.csv,1,14,6,64000,06769e53c46083efdd63fc75e75d095d468b2e95b6ecd6bbcac384e8db8f97c7,9/6/2022 11:43:51 AM
Bearing (1) Outer 50 Trial 7.csv,Fault data split 50/Bearing (1) Outer 50 Trial 7.csv,1,14,7,64000,90d5f1c54d17c85ac1fda98ed6395f9013a38e23f712e06371632719698c2895,9/6/2022 11:44:08 AM
Bearing (1) Outer 50 Trial 8.csv,Fault data split 50/Bearing (1) Outer 50 Trial 8.csv,1,14,8,64000,d950ba6a1f3a1cd312e0497327317893b5fd0c8c46704f711c3af7daed8b9821,9/6/2022 11:44:24 AM
Bearing (1) Outer 50 Trial 9.csv,Fault data split 50/Bearing (1) Outer 50 Trial 9.csv,1,14,9,64000,2c783f6532ce371c38bc33b555978ef54932003d55da0c9320f331c1f4ab4b2a,9/6/2022 11:44:41 AM
Bearing (2) Ball & Shaft Fault ( Coupling End Bent) 50 Trial 1.csv,Fault data split 50/Bearing (2) Ball & Shaft Fault ( Coupling End Bent) 50 Trial 1.csv,1,26,1,64000,b36c038a360c511e46aaf1e8163d47b60685aed98f85702b62cba1935e477946,9/23/2022 8:10:37 PM
Bearing (2) Ball & Shaft Fault ( Coupling End Bent) 50 Trial 10.csv,Fault data split 50/Bearing (2) Ball & Shaft Fault ( Coupling End Bent) 50 Trial 10.csv,1,26,10,64000,2f12f16e4e9523e68dccbe698a731b4281a26228a68b5aea1dbc019e1a9e98fe,9/23/2022 8:13:01 PM
Bearing (2) Ball & Shaft Fault ( Coupling End Bent) 50 Trial 11.csv,Fault data split 50/Bearing (2) Ball & Shaft Fault ( Coupling End Bent) 50 Trial 11.csv,1,26,11,64000,96b54ac56e1231c78a21845395e9f17a007928343a9ffd8cf9e390d223c053d8,9/23/2022 8:13:17 PM
Bearing (2) Ball & Shaft Fault ( Coupling End Bent) 50 Trial 12.csv,Fault data split 50/Bearing (2) Ball & Shaft Fault ( Coupling End Bent) 50 Trial 12.csv,1,26,12,64000,0c41b6f408b4c59d56bcd14eb31a7dea991d3953dd8b1ac5fc0bab795eef9ecc,9/23/2022 8:13:32 PM
Bearing (2) Ball & Shaft Fault ( Coupling End Bent) 50 Trial 13.csv,Fault data split 50/Bearing (2) Ball & Shaft Fault ( Coupling End Bent) 50 Trial 13.csv,1,26,13,64000,37cb042fe380e830a3a7f4ee6725501e6b77df9a867a0ce5705feedeed2e51d8,9/23/2022 8:13:47 PM
Bearing (2) Ball & Shaft Fault ( Coupling End Bent) 50 Trial 14.csv,Fault data split 50/Bearing (2) Ball & Shaft Fault ( Coupling End Bent) 50 Trial 14.csv,1,26,14,64000,28068a584437a1fcdd6d4f28ae340ef9d2799f2a2a9ec25c777520007eeee3d4,9/23/2022 8:14:05 PM
Bearing (2) Ball & Shaft Fault ( Coupling End Bent) 50 Trial 15.csv,Fault data split 50/Bearing (2) Ball & Shaft Fault ( Coupling End Bent) 50 Trial 15.csv,1,26,15,64000,649efac218a7a4079c713e9e8b6588bd281fe8b5de034a1a7dfebd18f4f80e5b,9/23/2022 8:14:19 PM
Bearing (2) Ball & Shaft Fault ( Coupling End Bent) 50 Trial 16.csv,Fault data split 50/Bearing (2) Ball & Shaft Fault ( Coupling End Bent) 50 Trial 16.csv,1,26,16,64000,801fe301ba1c736ce77866d4e2e4fed70819b35bf399dfc47f29f7ed5079cd68,9/23/2022 8:14:35 PM
Bearing (2) Ball & Shaft Fault ( Coupling End Bent) 50 Trial 17.csv,Fault data split 50/Bearing (2) Ball & Shaft Fault ( Coupling End Bent) 50 Trial 17.csv,1,26,17,64000,beb710ab704eb50ba13b9dc6a6b32f7b6c4f2031004fb53f1a9ebcf625565cab,9/23/2022 8:14:51 PM
Bearing (2) Ball & Shaft Fault ( Coupling End Bent) 50 Trial 18.csv,Fault data split 50/Bearing (2) Ball & Shaft Fault ( Coupling End Bent) 50 Trial 18.csv,1,26,18,64000,aa71b9adb92b452e320f416a1a00ecaf9d2b0c5612f7f8405c86ef1265e349e3,9/23/2022 8:15:07 PM
Bearing (2) Ball & Shaft Fault ( Coupling End Bent) 50 Trial 19.csv,Fault data split 50/Bearing (2) Ball & Shaft Fault ( Coupling End Bent) 50 Trial 19.csv,1,26,19,64000,6d92c822a51faa140fb5177a1cccef94d3c6c42c4ce7bd52a3ccf9ae90f81b1d,9/23/2022 8:15:21 PM
Bearing (2) Ball & Shaft Fault ( Coupling End Bent) 50 Trial 2.csv,Fault data split 50/Bearing (2) Ball & Shaft Fault ( Coupling End Bent) 50 Trial 2.csv,1,26,2,64000,c88e5be315531c7d1783bf4039d448fa4bada6d3c38ff947fc070a22a094ce4f,9/23/2022 8:10:58 PM
Bearing (2) Ball & Shaft Fault ( Coupling End Bent) 50 Trial 20.csv,Fault data split 50/Bearing (2) Ball & Shaft Fault ( Coupling End Bent) 50 Trial 20.csv,1,26,20,64000,0c869493dc2f56d39d19773c5a1910efd15ec99cd0368188f27d00b3c05c0c2d,9/23/2022 8:15:35 PM
Bearing (2) Ball & Shaft Fault ( Coupling End Bent) 50 Trial 21.csv,Fault data split 50/Bearing (2) Ball & Shaft Fault ( Coupling End Bent) 50 Trial 21.csv,1,26,21,64000,0bba2b7c9238201efa4936344748f7fcb6c4d1e6e9bbfcc70d7ad79dbb02e9fd,9/23/2022 8:15:50 PM
Bearing (2) Ball & Shaft Fault ( Coupling End Bent) 50 Trial 22.csv,Fault data split 50/Bearing (2) Ball & Shaft Fault ( Coupling End Bent) 50 Trial 22.csv,1,26,22,64000,540080aece17cb6bcb5e0fc8f64f238e2a7240c0f3b82f31a2aa14acfe52141b,9/23/2022 8:16:06 PM
Bearing (2) Ball & Shaft Fault ( Coupling End Bent) 50 Trial 23.csv,Fault data split 50/Bearing (2) Ball & Shaft Fault ( Coupling End Bent) 50 Trial 23.csv,1,26,23,64000,fe0fe17f72c86db6419de91dc72d255ee6f9d33626e77b550ead9d5e60bdf290,9/23/2022 8:16:21 PM
Bearing (2) Ball & Shaft Fault ( Coupling End Bent) 50 Trial 24.csv,Fault data split 50/Bearing (2) Ball & Shaft Fault ( Coupling End Bent) 50 Trial 24.csv,1,26,24,64000,1331cbfb35875a75181192fe8d844d9ad8c638831c8ea8be2c82ea065a7972a8,9/23/2022 8:16:37 PM
Bearing (2) Ball & Shaft Fault ( Coupling End Bent) 50 Trial 25.csv,Fault data split 50/Bearing (2) Ball & Shaft Fault ( Coupling End Bent) 50 Trial 25.csv,1,26,25,64000,6710dcd34c910b731003fb1d4fc8e8889010e2083f2fa50a32e06e952e7f60c7,9/23/2022 8:16:53 PM
Bearing (2) Ball & Shaft Fault ( Coupling End Bent) 50 Trial 3.csv,Fault data split 50/Bearing (2) Ball & Shaft Fault ( Coupling End Bent) 50 Trial 3.csv,1,26,3,64000,507484cb7c051685f5187235a54dca5e8620329ab671b12e67bf820c6b78ceec,9/23/2022 8:11:12 PM
Bearing (2) Ball & Shaft Fault ( Coupling End Bent) 50 Trial 4.csv,Fault data split 50/Bearing (2) Ball & Shaft Fault ( Coupling End Bent) 50 Trial 4.csv,1,26,4,64000,a97780c8f1a7d01fa4f3fcd1e7d5ee6a9ef3039c88dce1dcd9ab9a0649572482,9/23/2022 8:11:28 PM
Bearing (2) Ball & Shaft Fault ( Coupling End Bent) 50 Trial 5.csv,Fault data split 50/Bearing (2) Ball & Shaft Fault ( Coupling End Bent) 50 Trial 5.csv,1,26,5,64000,81676fd20266a654ea65140a5a0d7df5f5aa542167d026a6c008c8136aba45eb,9/23/2022 8:11:45 PM
Bearing (2) Ball & Shaft Fault ( Coupling End Bent) 50 Trial 6.csv,Fault data split 50/Bearing (2) Ball & Shaft Fault ( Coupling End Bent) 50 Trial 6.csv,1,26,6,64000,6e71ea6ba7913f66d3608349a08cc7aff00dadd008e65be8659162a96515c583,9/23/2022 8:12:00 PM
Bearing (2) Ball & Shaft Fault ( Coupling End Bent) 50 Trial 7.csv,Fault data split 50/Bearing (2) Ball & Shaft Fault ( Coupling End Bent) 50 Trial 7.csv,1,26,7,64000,335b47d37a354cb0af431ff03f7905d78761b592199206216eea42911d6be091,9/23/2022 8:12:15 PM
Bearing (2) Ball & Shaft Fault ( Coupling End Bent) 50 Trial 8.csv,Fault data split 50/Bearing (2) Ball & Shaft Fault ( Coupling End Bent) 50 Trial 8.csv,1,26,8,64000,097ff46f40ef55c303f9a11b44df833f82fb1e2d563dd1e37cdc48e3247deefd,9/23/2022 8:12:31 PM
Bearing (2) Ball & Shaft Fault ( Coupling End Bent) 50 Trial 9.csv,Fault data split 50/Bearing (2) Ball & Shaft Fault ( Coupling End Bent) 50 Trial 9.csv,1,26,9,64000,f3cc4d2de80fe4e994c0fd8ad3c6d7b140cdd46061ef9539b410531e7cfe41d8,9/23/2022 8:12:46 PM
Bearing (2) Ball & Shaft Fault (Centerally bent) 50 Trial 1.csv,Fault data split 50/Bearing (2) Ball & Shaft Fault (Centerally bent) 50 Trial 1.csv,1,25,1,64000,54111a4edab10981ea29f067d9d627e6891bd55b0f30a4b8e68849a580368e3a,10/4/2022 1:06:14 PM
Bearing (2) Ball & Shaft Fault (Centerally bent) 50 Trial 10.csv,Fault data split 50/Bearing (2) Ball & Shaft Fault (Centerally bent) 50 Trial 10.csv,1,25,10,64000,6e18f66af59e5a1d5786aced4dbbfd7abc8e766fdecd909a742d2188776e47f2,10/4/2022 1:08:28 PM
Bearing (2) Ball & Shaft Fault (Centerally bent) 50 Trial 11.csv,Fault data split 50/Bearing (2) Ball & Shaft Fault (Centerally bent) 50 Trial 11.csv,1,25,11,64000,c3124cc8bb154aef69964c730fcaf8b3fe4c6af0d030360d05dd28170faeb433,10/4/2022 1:08:42 PM
Bearing (2) Ball & Shaft Fault (Centerally bent) 50 Trial 12.csv,Fault data split 50/Bearing (2) Ball & Shaft Fault (Centerally bent) 50 Trial 12.csv,1,25,12,64000,0bf55540d47ac88fba205bfd9681d15d41ea80e79c99949ce2632585a8d87564,10/4/2022 1:08:57 PM
Bearing (2) Ball & Shaft Fault (Centerally bent) 50 Trial 13.csv,Fault data split 50/Bearing (2) Ball & Shaft Fault (Centerally bent) 50 Trial 13.csv,1,25,13,64000,8ea6fa7d95aff778fbd1099517bd34eeef08e13dcae2548d89f070356d9439d2,10/4/2022 1:09:13 PM
Bearing (2) Ball & Shaft Fault (Centerally bent) 50 Trial 14.csv,Fault data split 50/Bearing (2) Ball & Shaft Fault (Centerally bent) 50 Trial 14.csv,1,25,14,64000,efb506ebb0febfe5ef6cd5e11c78a1c378d93ebe758db9516a31a0277ec8517d,10/4/2022 1:09:30 PM
Bearing (2) Ball & Shaft Fault (Centerally bent) 50 Trial 15.csv,Fault data split 50/Bearing (2) Ball & Shaft Fault (Centerally bent) 50 Trial 15.csv,1,25,15,64000,177ae96c2a5ac444131979b5769c70553017ec61e4dd22eecfd7181231f14072,10/4/2022 1:09:45 PM
Bearing (2) Ball & Shaft Fault (Centerally bent) 50 Trial 16.csv,Fault data split 50/Bearing (2) Ball & Shaft Fault (Centerally bent) 50 Trial 16.csv,1,25,16,64000,4bc171342c764816d42e3058f2e7d41ffceff2ca164f4b9ce5261ca113289648,10/4/2022 1:10:01 PM
Bearing (2) Ball & Shaft Fault (Centerally bent) 50 Trial 17.csv,Fault data split 50/Bearing (2) Ball & Shaft Fault (Centerally bent) 50 Trial 17.csv,1,25,17,64000,570bf70b4c753ef88ed593918126285d5ec39dfe0bcd2471eaa76cec1105f504,10/4/2022 1:10:17 PM
Bearing (2) Ball & Shaft Fault (Centerally bent) 50 Trial 18.csv,Fault data split 50/Bearing (2) Ball & Shaft Fault (Centerally bent) 50 Trial 18.csv,1,25,18,64000,158d89e5c9d35cd57e727185e95e45e1fbaa1dc6c29c1a0096aec2e877e4a837,10/4/2022 1:10:39 PM
Bearing (2) Ball & Shaft Fault (Centerally bent) 50 Trial 19.csv,Fault data split 50/Bearing (2) Ball & Shaft Fault (Centerally bent) 50 Trial 19.csv,1,25,19,64000,7c3df748a751bed8223a2a31379df7d8902ddb466f0157c1a1823f8a843a4a65,10/4/2022 1:10:58 PM
Bearing (2) Ball & Shaft Fault (Centerally bent) 50 Trial 2.csv,Fault data split 50/Bearing (2) Ball & Shaft Fault (Centerally bent) 50 Trial 2.csv,1,25,2,64000,652b89c91b34e358a7a747225542c194eda9b27b22dc93797c084355e4bc4ed8,10/4/2022 1:06:28 PM
Bearing (2) Ball & Shaft Fault (Centerally bent) 50 Trial 20.csv,Fault data split 50/Bearing (2) Ball & Shaft Fault (Centerally bent) 50 Trial 20.csv,1,25,20,64000,c03c07cd1b1d83d761344fe35debae6a8d62e3782e24ee37015ac4c2cb09edc6,10/4/2022 1:11:14 PM
Bearing (2) Ball & Shaft Fault (Centerally bent) 50 Trial 21.csv,Fault data split 50/Bearing (2) Ball & Shaft Fault (Centerally bent) 50 Trial 21.csv,1,25,21,64000,75cff4af78b22fce5ea40ff6bd76293ade71304ec625a7f96ec21edc614babbc,10/4/2022 1:11:29 PM
Bearing (2) Ball & Shaft Fault (Centerally bent) 50 Trial 22.csv,Fault data split 50/Bearing (2) Ball & Shaft Fault (Centerally bent) 50 Trial 22.csv,1,25,22,64000,fc729061dcdee8e2178f8fdb27512db5551620cc555cc0c2d27f98bb97acd458,10/4/2022 1:11:43 PM
Bearing (2) Ball & Shaft Fault (Centerally bent) 50 Trial 23.csv,Fault data split 50/Bearing (2) Ball & Shaft Fault (Centerally bent) 50 Trial 23.csv,1,25,23,64000,6590dcce39a66839063c4f7cf9f0ab713de937343149a99ece5c18fab3f9b659,10/4/2022 1:11:57 PM
Bearing (2) Ball & Shaft Fault (Centerally bent) 50 Trial 24.csv,Fault data split 50/Bearing (2) Ball & Shaft Fault (Centerally bent) 50 Trial 24.csv,1,25,24,64000,730944e52141fe098a1fe7bdd84c33b2e2c97988b8d46ba88c9e2a92f6a8d22e,10/4/2022 1:12:13 PM
Bearing (2) Ball & Shaft Fault (Centerally bent) 50 Trial 25.csv,Fault data split 50/Bearing (2) Ball & Shaft Fault (Centerally bent) 50 Trial 25.csv,1,25,25,64000,945b2d2c03003d02ed22de8a8e40e7a6ea3459d093326c24285651205a0a4bee,10/4/2022 1:12:29 PM
Bearing (2) Ball & Shaft Fault (Centerally bent) 50 Trial 3.csv,Fault data split 50/Bearing (2) Ball & Shaft Fault (Centerally bent) 50 Trial 3.csv,1,25,3,64000,0b866194df3f9e7284758f9ea0a7738cd724992bf432d7c826a5866dc487866d,10/4/2022 1:06:42 PM
Bearing (2) Ball & Shaft Fault (Centerally bent) 50 Trial 4.csv,Fault data split 50/Bearing (2) Ball & Shaft Fault (Centerally bent) 50 Trial 4.csv,1,25,4,64000,b5e5f0babbcf15e65d3df1eeed79b37624630433be822c62c28c2bf04c3b1e1d,10/4/2022 1:06:59 PM
Bearing (2) Ball & Shaft Fault (Centerally bent) 50 Trial 5.csv,Fault data split 50/Bearing (2) Ball & Shaft Fault (Centerally bent) 50 Trial 5.csv,1,25,5,64000,ec8667049519b2e7bc5394445c62910e9de75ce287743fff8f4b057d375bee3a,10/4/2022 1:07:14 PM
Bearing (2) Ball & Shaft Fault (Centerally bent) 50 Trial 6.csv,Fault data split 50/Bearing (2) Ball & Shaft Fault (Centerally bent) 50 Trial 6.csv,1,25,6,64000,661e34187cecac435aa40f9e8bb21f0d93187a25efdc3da23a63d461ac12fb50,10/4/2022 1:07:28 PM
Bearing (2) Ball & Shaft Fault (Centerally bent) 50 Trial 7.csv,Fault data split 50/Bearing (2) Ball & Shaft Fault (Centerally bent) 50 Trial 7.csv,1,25,7,64000,c35c691041802ce82b6124c801ee0f6d36f4cdb947919b69d7aa2de87c7f0540,10/4/2022 1:07:44 PM
Bearing (2) Ball & Shaft Fault (Centerally bent) 50 Trial 8.csv,Fault data split 50/Bearing (2) Ball & Shaft Fault (Centerally bent) 50 Trial 8.csv,1,25,8,64000,547d94f3218b277d6ca8187931dff249d6be5c14e2d6efbd7c342fa838dbde51,10/4/2022 1:07:59 PM
Bearing (2) Ball & Shaft Fault (Centerally bent) 50 Trial 9.csv,Fault data split 50/Bearing (2) Ball & Shaft Fault (Centerally bent) 50 Trial 9.csv,1,25,9,64000,8b893c56f8449c39fbdb2af49752e688de87dc466df2063d4f525bd9bb892b4a,10/4/2022 1:08:14 PM
Bearing (2) Ball 50 Trial 1.csv,Fault data split 50/Bearing (2) Ball 50 Trial 1.csv,1,29,1,64000,9f97121644c40aa499de4be853af93c601da28a4c013114b834f42d14e8b23c4,10/4/2022 2:28:20 PM
Bearing (2) Ball 50 Trial 10.csv,Fault data split 50/Bearing (2) Ball 50 Trial 10.csv,1,29,10,64000,730af1049a3fc8ee81296540e32e9ba5644410198767a15f1cf3c0c154022aa5,10/4/2022 2:30:55 PM
Bearing (2) Ball 50 Trial 11.csv,Fault data split 50/Bearing (2) Ball 50 Trial 11.csv,1,29,11,64000,46f68d32a1ec3b1dc9c94bacab1f64c36dcf7d35bfdfc8864c40b0e014cbca42,10/4/2022 2:31:10 PM
Bearing (2) Ball 50 Trial 12.csv,Fault data split 50/Bearing (2) Ball 50 Trial 12.csv,1,29,12,64000,36f9b8b072ea4b994d16408b3e7ae929e8f1643bc53c9229800340a2574d4589,10/4/2022 2:31:38 PM
Bearing (2) Ball 50 Trial 13.csv,Fault data split 50/Bearing (2) Ball 50 Trial 13.csv,1,29,13,64000,a376366bf50fec40a5b4c36f7c645880c0f38b87b88849e6510f6f96bb393696,10/4/2022 2:31:55 PM
Bearing (2) Ball 50 Trial 14.csv,Fault data split 50/Bearing (2) Ball 50 Trial 14.csv,1,29,14,64000,c747adf72aff5d19b1fa9852f8e3dd44b9a4005cb780337aa1632306f54d01aa,10/4/2022 2:32:12 PM
Bearing (2) Ball 50 Trial 15.csv,Fault data split 50/Bearing (2) Ball 50 Trial 15.csv,1,29,15,64000,363c84dcbc7fc26358a105869a237acd34d7319999429b861aed7533ec021c3e,10/4/2022 2:32:29 PM
Bearing (2) Ball 50 Trial 16.csv,Fault data split 50/Bearing (2) Ball 50 Trial 16.csv,1,29,16,64000,18c19fa1ad81610a14131504284caf81edde543acc7a6ef2f12e1e93f5dde565,10/4/2022 2:32:45 PM
Bearing (2) Ball 50 Trial 17.csv,Fault data split 50/Bearing (2) Ball 50 Trial 17.csv,1,29,17,34044,abed563ec76081d4f12b91ef0c74d3c95a48882af28f188fc0b5aeb378e1e536,10/4/2022 2:33:03 PM
Bearing (2) Ball 50 Trial 18.csv,Fault data split 50/Bearing (2) Ball 50 Trial 18.csv,1,29,18,64000,3c0ac2f7dfc7de13588df2b2f83cabfcf915805bb59f09d3cffe571ac86548a8,10/4/2022 2:33:21 PM
Bearing (2) Ball 50 Trial 19.csv,Fault data split 50/Bearing (2) Ball 50 Trial 19.csv,1,29,19,64000,a0183f26d3bd0fe0c04ae7efcd01f9cd668ee5202b352ddc8846c65ab75200fa,10/4/2022 2:33:37 PM
Bearing (2) Ball 50 Trial 2.csv,Fault data split 50/Bearing (2) Ball 50 Trial 2.csv,1,29,2,64000,ea5940122f6a1e0bfcaea22f9cce158cad5f1cd9824c50d49daf8e6c48f3f963,10/4/2022 2:28:38 PM
Bearing (2) Ball 50 Trial 20.csv,Fault data split 50/Bearing (2) Ball 50 Trial 20.csv,1,29,20,64000,143a6d2224f51da6bcca36fca677b1ba874e17ae17d72e3f6baa3219122384a7,10/4/2022 2:33:56 PM
Bearing (2) Ball 50 Trial 21.csv,Fault data split 50/Bearing (2) Ball 50 Trial 21.csv,1,29,21,64000,35a2716996416b52c14a34be840d17def577ee5bbff92fc4fd3db12db79c5a41,10/4/2022 2:34:12 PM
Bearing (2) Ball 50 Trial 22.csv,Fault data split 50/Bearing (2) Ball 50 Trial 22.csv,1,29,22,64000,944753a0040ecd05b6ddac379ff218c5645d919e11336966c52942854dc192c7,10/4/2022 2:34:28 PM
Bearing (2) Ball 50 Trial 23.csv,Fault data split 50/Bearing (2) Ball 50 Trial 23.csv,1,29,23,64000,d8ee406ec36934acaebf0963d38076217a2804edfde54b5ed544cd74257dda67,10/4/2022 2:34:43 PM
Bearing (2) Ball 50 Trial 24.csv,Fault data split 50/Bearing (2) Ball 50 Trial 24.csv,1,29,24,64000,28c85df8decc5e1add75c1c4e16ce5a32eec22313a96d54688e4b3f33429bf31,10/4/2022 2:35:01 PM
Bearing (2) Ball 50 Trial 25.csv,Fault data split 50/Bearing (2) Ball 50 Trial 25.csv,1,29,25,64000,1e3dd430ff87fd9b359e3884db58edee10d143a09df5c4b85b208ba043a892fc,10/4/2022 2:36:07 PM
Bearing (2) Ball 50 Trial 3.csv,Fault data split 50/Bearing (2) Ball 50 Trial 3.csv,1,29,3,64000,d358b649ea85da20fbb8e3090c703c680008a8532e915edec3827e4b4085400c,10/4/2022 2:28:54 PM
Bearing (2) Ball 50 Trial 4.csv,Fault data split 50/Bearing (2) Ball 50 Trial 4.csv,1,29,4,64000,0e9b703e21c81b43c9f3d9b6dac306f083d24d1a4568dcd97acb4fe2a5c8649a,10/4/2022 2:29:13 PM
Bearing (2) Ball 50 Trial 5.csv,Fault data split 50/Bearing (2) Ball 50 Trial 5.csv,1,29,5,64000,23510b6cd80da8df6040de9b3cacce3b1afd73c891a0ccbcd6d4248bfd316788,10/4/2022 2:29:29 PM
Bearing (2) Ball 50 Trial 6.csv,Fault data split 50/Bearing (2) Ball 50 Trial 6.csv,1,29,6,64000,b94804cdd342bef10e8faffd97634634466513f1760c7c13f8d67abacb9e6dbe,10/4/2022 2:29:47 PM
Bearing (2) Ball 50 Trial 7.csv,Fault data split 50/Bearing (2) Ball 50 Trial 7.csv,1,29,7,64000,6ba7568ed8631b98d2f2190602cc7f4a34fb30ba236801b082b5a684c8e361f8,10/4/2022 2:30:03 PM
Bearing (2) Ball 50 Trial 8.csv,Fault data split 50/Bearing (2) Ball 50 Trial 8.csv,1,29,8,64000,8e780b5f277194235cae6cf0f8a7b80ac3771707b6b023341d126f30e281f68e,10/4/2022 2:30:21 PM
Bearing (2) Ball 50 Trial 9.csv,Fault data split 50/Bearing (2) Ball 50 Trial 9.csv,1,29,9,64000,60666a9974778764519868496e77ea708ccd9380db9fa0fbc7805b7b3ea09f86,10/4/2022 2:30:38 PM
Bearing (2) Combination & Shaft Fault ( Coupling End Bent) 50 Trial 1.csv,Fault data split 50/Bearing (2) Combination & Shaft Fault ( Coupling End Bent) 50 Trial 1.csv,1,28,1,64000,5dde9cadbc323be7ca6cdccb4f729d7589e2af4fc24344324063359b1ce51e80,9/29/2022 10:37:21 AM
Bearing (2) Combination & Shaft Fault ( Coupling End Bent) 50 Trial 10.csv,Fault data split 50/Bearing (2) Combination & Shaft Fault ( Coupling End Bent) 50 Trial 10.csv,1,28,10,64000,1c23c7d25b5f09957480facdbbf73fa710a6669bd2466c55fb9bd6d88f16f04c,9/29/2022 10:40:10 AM
Bearing (2) Combination & Shaft Fault ( Coupling End Bent) 50 Trial 11.csv,Fault data split 50/Bearing (2) Combination & Shaft Fault ( Coupling End Bent) 50 Trial 11.csv,1,28,11,64000,f362e0042c1a6fcdc6bd2dcaf93de209de25cf9201af82d931503168e817cdb2,9/29/2022 10:40:27 AM
Bearing (2) Combination & Shaft Fault ( Coupling End Bent) 50 Trial 12.csv,Fault data split 50/Bearing (2) Combination & Shaft Fault ( Coupling End Bent) 50 Trial 12.csv,1,28,12,64000,7aca18567395fb92a4072f475a0a7cd5741fae3017845b962a56085dd38c00e5,9/29/2022 10:40:42 AM
Bearing (2) Combination & Shaft Fault ( Coupling End Bent) 50 Trial 13.csv,Fault data split 50/Bearing (2) Combination & Shaft Fault ( Coupling End Bent) 50 Trial 13.csv,1,28,13,64000,fdbf8789c85f367175b306f53ba240e7b7e0a5d7ca55e129ead743e1610cc880,9/29/2022 10:40:57 AM
Bearing (2) Combination & Shaft Fault ( Coupling End Bent) 50 Trial 14.csv,Fault data split 50/Bearing (2) Combination & Shaft Fault ( Coupling End Bent) 50 Trial 14.csv,1,28,14,64000,4acd1a294fb2d17aefcf05c61d7ac8f5e72db9e1fc597718af28c80dfef5e091,9/29/2022 10:41:12 AM
Bearing (2) Combination & Shaft Fault ( Coupling End Bent) 50 Trial 15.csv,Fault data split 50/Bearing (2) Combination & Shaft Fault ( Coupling End Bent) 50 Trial 15.csv,1,28,15,64000,44340849a5996706811339f024c14c308d5325ff8e07e1ef1be1452f80553ce5,9/29/2022 10:41:29 AM
Bearing (2) Combination & Shaft Fault ( Coupling End Bent) 50 Trial 16.csv,Fault data split 50/Bearing (2) Combination & Shaft Fault ( Coupling End Bent) 50 Trial 16.csv,1,28,16,64000,f1a2ac1c2c6b350a76568613f59852f77522e57dce9ffe45dff4298bbba1ce13,9/29/2022 10:41:44 AM
Bearing (2) Combination & Shaft Fault ( Coupling End Bent) 50 Trial 17.csv,Fault data split 50/Bearing (2) Combination & Shaft Fault ( Coupling End Bent) 50 Trial 17.csv,1,28,17,64000,0e054a5affb78cfd968a15dceb0ded3b9e44e1ae0c7dc26a83c1dde8788776f0,9/29/2022 10:42:01 AM
Bearing (2) Combination & Shaft Fault ( Coupling End Bent) 50 Trial 18.csv,Fault data split 50/Bearing (2) Combination & Shaft Fault ( Coupling End Bent) 50 Trial 18.csv,1,28,18,64000,268f3b0e2f81cda933c604481b06939f9e10a045d2c49d48aa3fc6d019d09558,9/29/2022 10:42:16 AM
Bearing (2) Combination & Shaft Fault ( Coupling End Bent) 50 Trial 19.csv,Fault data split 50/Bearing (2) Combination & Shaft Fault ( Coupling End Bent) 50 Trial 19.csv,1,28,19,64000,3b2025dbedb11252412bcc7242883492bda0e70077e5d08bb7528fef858a2c3e,9/29/2022 10:42:32 AM
Bearing (2) Combination & Shaft Fault ( Coupling End Bent) 50 Trial 2.csv,Fault data split 50/Bearing (2) Combination & Shaft Fault ( Coupling End Bent) 50 Trial 2.csv,1,28,2,64000,36dfa3f9388395f73918c99f289c24c549d5d7d136d819290c95341e459972bc,9/29/2022 10:37:47 AM
Bearing (2) Combination & Shaft Fault ( Coupling End Bent) 50 Trial 20.csv,Fault data split 50/Bearing (2) Combination & Shaft Fault ( Coupling End Bent) 50 Trial 20.csv,1,28,20,64000,11a6fc7f5545088923053735e49806e40d5fd7086b7d1e12ac335596504c8ba0,9/29/2022 10:42:47 AM
Bearing (2) Combination & Shaft Fault ( Coupling End Bent) 50 Trial 21.csv,Fault data split 50/Bearing (2) Combination & Shaft Fault ( Coupling End Bent) 50 Trial 21.csv,1,28,21,64000,fb7e220446356325ff8b309ead47ef1212adeb4041a8762205a998ce3154211b,9/29/2022 10:43:01 AM
Bearing (2) Combination & Shaft Fault ( Coupling End Bent) 50 Trial 22.csv,Fault data split 50/Bearing (2) Combination & Shaft Fault ( Coupling End Bent) 50 Trial 22.csv,1,28,22,64000,01f72860d06d9e4037d5c2ca7e054b8d0e0fb092a7d7935b6ac4b201cce7843a,9/29/2022 10:43:17 AM
Bearing (2) Combination & Shaft Fault ( Coupling End Bent) 50 Trial 23.csv,Fault data split 50/Bearing (2) Combination & Shaft Fault ( Coupling End Bent) 50 Trial 23.csv,1,28,23,64000,6bd4429ac92b26829375b4d1f5ec6be605753633929d7dbbdbd7e193c0365b1c,9/29/2022 10:43:32 AM
Bearing (2) Combination & Shaft Fault ( Coupling End Bent) 50 Trial 24.csv,Fault data split 50/Bearing (2) Combination & Shaft Fault ( Coupling End Bent) 50 Trial 24.csv,1,28,24,64000,973c03356c315d28a6c7342427dc46556011e082887a3edc64252de64da6554e,9/29/2022 10:43:47 AM
Bearing (2) Combination & Shaft Fault ( Coupling End Bent) 50 Trial 25.csv,Fault data split 50/Bearing (2) Combination & Shaft Fault ( Coupling End Bent) 50 Trial 25.csv,1,28,25,64000,fa0f39a8ed1fb68fc2e6a870629e560a013cf15ee7cdd4dc3b42836d19d9fc94,9/29/2022 10:44:10 AM
Bearing (2) Combination & Shaft Fault ( Coupling End Bent) 50 Trial 3.csv,Fault data split 50/Bearing (2) Combination & Shaft Fault ( Coupling End Bent) 50 Trial 3.csv,1,28,3,64000,48880ce1d898f420fcf683c16e02ceeeeafef7dd96d36f04550aee961c68204b,9/29/2022 10:38:03 AM
Bearing (2) Combination & Shaft Fault ( Coupling End Bent) 50 Trial 4.csv,Fault data split 50/Bearing (2) Combination & Shaft Fault ( Coupling End Bent) 50 Trial 4.csv,1,28,4,64000,a9c4ca8f1a720d28074bd6cb8b5aa251b97b623bbf22e83cdb3288f1f5d07565,9/29/2022 10:38:22 AM
Bearing (2) Combination & Shaft Fault ( Coupling End Bent) 50 Trial 5.csv,Fault data split 50/Bearing (2) Combination & Shaft Fault ( Coupling End Bent) 50 Trial 5.csv,1,28,5,64000,79c27e538c6c941a87474215afce0c64377b8a92072182c5da192c8e59446416,9/29/2022 10:38:44 AM
Bearing (2) Combination & Shaft Fault ( Coupling End Bent) 50 Trial 6.csv,Fault data split 50/Bearing (2) Combination & Shaft Fault ( Coupling End Bent) 50 Trial 6.csv,1,28,6,64000,d5c4b34cc043896f9cf4852417963f82e6f5ea67cdc12eec855703bd9db1a00d,9/29/2022 10:38:59 AM
Bearing (2) Combination & Shaft Fault ( Coupling End Bent) 50 Trial 7.csv,Fault data split 50/Bearing (2) Combination & Shaft Fault ( Coupling End Bent) 50 Trial 7.csv,1,28,7,64000,673638ef6dc985648da5c704e605e878d67c59a1a18564d79967c4e1cbeff877,9/29/2022 10:39:17 AM
Bearing (2) Combination & Shaft Fault ( Coupling End Bent) 50 Trial 8.csv,Fault data split 50/Bearing (2) Combination & Shaft Fault ( Coupling End Bent) 50 Trial 8.csv,1,28,8,64000,bfa423256bb35e80fa6f2c182ab4984d662a6d7caa79c802409afb9d1b78a95e,9/29/2022 10:39:33 AM
Bearing (2) Combination & Shaft Fault ( Coupling End Bent) 50 Trial 9.csv,Fault data split 50/Bearing (2) Combination & Shaft Fault ( Coupling End Bent) 50 Trial 9.csv,1,28,9,64000,01d84329bc18fa0b2e4b6cdfc77e6fcc737d4279d2c38237dda2d5ae7cc76dd9,9/29/2022 10:39:50 AM
Bearing (2) Combination & Shaft Fault (Centerally bent) 50 Trial 1.csv,Fault data split 50/Bearing (2) Combination & Shaft Fault (Centerally bent) 50 Trial 1.csv,1,27,1,64000,3260c259f0466ea24b3c1b105a056f2fd8dd2631f242b83fe80c0bcee3988d7f,10/4/2022 12:14:19 PM
Bearing (2) Combination & Shaft Fault (Centerally bent) 50 Trial 10.csv,Fault data split 50/Bearing (2) Combination & Shaft Fault (Centerally bent) 50 Trial 10.csv,1,27,10,64000,914acc6ee34bb0b4801fbadad8e9b1c0c949aa64309d0889ff1ce999429422a9,10/4/2022 12:16:41 PM
Bearing (2) Combination & Shaft Fault (Centerally bent) 50 Trial 11.csv,Fault data split 50/Bearing (2) Combination & Shaft Fault (Centerally bent) 50 Trial 11.csv,1,27,11,64000,03ddf105e8d80b1fc3e6bfb707817877697ca6b242d058ac5b684ca888542183,10/4/2022 12:16:55 PM
Bearing (2) Combination & Shaft Fault (Centerally bent) 50 Trial 12.csv,Fault data split 50/Bearing (2) Combination & Shaft Fault (Centerally bent) 50 Trial 12.csv,1,27,12,64000,99bb7e04828caedfd23ca6c06d1908aee34328947c6d7560d1add878f03104ad,10/4/2022 12:17:10 PM
Bearing (2) Combination & Shaft Fault (Centerally bent) 50 Trial 13.csv,Fault data split 50/Bearing (2) Combination & Shaft Fault (Centerally bent) 50 Trial 13.csv,1,27,13,64000,727df4692febf57e5da20d37fbd4b4309b929a38f3f7147d675866b9d9a054ec,10/4/2022 12:17:28 PM
Bearing (2) Combination & Shaft Fault (Centerally bent) 50 Trial 14.csv,Fault data split 50/Bearing (2) Combination & Shaft Fault (Centerally bent) 50 Trial 14.csv,1,27,14,64000,1facd74e291fdea3255e4b441405d8ea3fc58f757d564addbf93d6473e01ee73,10/4/2022 12:17:43 PM
Bearing (2) Combination & Shaft Fault (Centerally bent) 50 Trial 15.csv,Fault data split 50/Bearing (2) Combination & Shaft Fault (Centerally bent) 50 Trial 15.csv,1,27,15,64000,b8541c7fed5e08a210d031df1a6b50b2a89ecf6c2723a2990e56d490763f8884,10/4/2022 12:18:03 PM
Bearing (2) Combination & Shaft Fault (Centerally bent) 50 Trial 16.csv,Fault data split 50/Bearing (2) Combination & Shaft Fault (Centerally bent) 50 Trial 16.csv,1,27,16,64000,b67f95f92c416fce111c3cfd0050023bd4bed809b9d859d5194c6617bf6aa624,10/4/2022 12:18:18 PM
Bearing (2) Combination & Shaft Fault (Centerally bent) 50 Trial 17.csv,Fault data split 50/Bearing (2) Combination & Shaft Fault (Centerally bent) 50 Trial 17.csv,1,27,17,64000,7ba6637175c3a77c0564f27e5d81dbfb7bce1eb154e93da0c96c064a3e52a7ea,10/4/2022 12:18:35 PM
Bearing (2) Combination & Shaft Fault (Centerally bent) 50 Trial 18.csv,Fault data split 50/Bearing (2) Combination & Shaft Fault (Centerally bent) 50 Trial 18.csv,1,27,18,64000,6b738c63a1055db7131630d226f7584d9287a2eb09eb41a7ccd23ada6b6e690d,10/4/2022 12:18:56 PM
Bearing (2) Combination & Shaft Fault (Centerally bent) 50 Trial 19.csv,Fault data split 50/Bearing (2) Combination & Shaft Fault (Centerally bent) 50 Trial 19.csv,1,27,19,64000,72d8ef8c0e9edaba84c83dcc49c9228429dcc8e3e70623c0a86606a38c294e94,10/4/2022 12:19:15 PM
Bearing (2) Combination & Shaft Fault (Centerally bent) 50 Trial 2.csv,Fault data split 50/Bearing (2) Combination & Shaft Fault (Centerally bent) 50 Trial 2.csv,1,27,2,64000,bc3f37346333dafc86a592e00389cb7702e512bc8150af61c55f622bc8c31f8b,10/4/2022 12:14:42 PM
Bearing (2) Combination & Shaft Fault (Centerally bent) 50 Trial 20.csv,Fault data split 50/Bearing (2) Combination & Shaft Fault (Centerally bent) 50 Trial 20.csv,1,27,20,64000,5ea3329e770b253eaebbaf548cfb6b5e90c572b3a05cadffc5f8c93316567596,10/4/2022 12:19:36 PM
Bearing (2) Combination & Shaft Fault (Centerally bent) 50 Trial 21.csv,Fault data split 50/Bearing (2) Combination & Shaft Fault (Centerally bent) 50 Trial 21.csv,1,27,21,64000,7e593cf8bb90e1b0e587648e6389e25aeecee7366d011e41ecf15b070e36b830,10/4/2022 12:19:50 PM
Bearing (2) Combination & Shaft Fault (Centerally bent) 50 Trial 22.csv,Fault data split 50/Bearing (2) Combination & Shaft Fault (Centerally bent) 50 Trial 22.csv,1,27,22,64000,de0f2979c5926c1adbe495d009e16d0b9203e50baad53aac4f5aa7bdc7e9baf6,10/4/2022 12:20:06 PM
Bearing (2) Combination & Shaft Fault (Centerally bent) 50 Trial 23.csv,Fault data split 50/Bearing (2) Combination & Shaft Fault (Centerally bent) 50 Trial 23.csv,1,27,23,64000,cf1a8cb14616588a49a16977fdb12145208cea940dfbd06b4e65c4f4857b31d3,10/4/2022 12:20:28 PM
Bearing (2) Combination & Shaft Fault (Centerally bent) 50 Trial 24.csv,Fault data split 50/Bearing (2) Combination & Shaft Fault (Centerally bent) 50 Trial 24.csv,1,27,24,64000,09132a088ff10af6d883acd59866ab8e9188a7cf99273aadab44487637c92423,10/4/2022 12:20:44 PM
Bearing (2) Combination & Shaft Fault (Centerally bent) 50 Trial 25.csv,Fault data split 50/Bearing (2) Combination & Shaft Fault (Centerally bent) 50 Trial 25.csv,1,27,25,64000,42ca9229105749910d98cc82691e427dce3e4337a2c8917773c104018731f4fb,10/4/2022 12:21:01 PM
Bearing (2) Combination & Shaft Fault (Centerally bent) 50 Trial 3.csv,Fault data split 50/Bearing (2) Combination & Shaft Fault (Centerally bent) 50 Trial 3.csv,1,27,3,64000,42419009657f39f7e20c9c9ea83e65e5b3001d2c9608cfd36c11e82b9a62bd87,10/4/2022 12:14:57 PM
Bearing (2) Combination & Shaft Fault (Centerally bent) 50 Trial 4.csv,Fault data split 50/Bearing (2) Combination & Shaft Fault (Centerally bent) 50 Trial 4.csv,1,27,4,64000,f2e4487121565b76328bbe1476e68fa3ae0d911e9fb36e2b90e7d295d4216773,10/4/2022 12:15:12 PM
Bearing (2) Combination & Shaft Fault (Centerally bent) 50 Trial 5.csv,Fault data split 50/Bearing (2) Combination & Shaft Fault (Centerally bent) 50 Trial 5.csv,1,27,5,64000,3de3094a0607d3da3b1f999f9b9f15bb3666a2f871e6374473f1d77f5758640a,10/4/2022 12:15:26 PM
Bearing (2) Combination & Shaft Fault (Centerally bent) 50 Trial 6.csv,Fault data split 50/Bearing (2) Combination & Shaft Fault (Centerally bent) 50 Trial 6.csv,1,27,6,64000,cfb92c7301c9bf602795764633b2ac0621e408d1f252697e0408bdd49ccec595,10/4/2022 12:15:40 PM
Bearing (2) Combination & Shaft Fault (Centerally bent) 50 Trial 7.csv,Fault data split 50/Bearing (2) Combination & Shaft Fault (Centerally bent) 50 Trial 7.csv,1,27,7,64000,0761e62c62a1e8b9f663247119c510d6601b6c02be8ec0002ea768c4fdd92b06,10/4/2022 12:15:55 PM
Bearing (2) Combination & Shaft Fault (Centerally bent) 50 Trial 8.csv,Fault data split 50/Bearing (2) Combination & Shaft Fault (Centerally bent) 50 Trial 8.csv,1,27,8,64000,0782b4a781af1b94b54df1b3cb96ddd2ba02707de1622f2f622f8cadfdacd5af,10/4/2022 12:16:13 PM
Bearing (2) Combination & Shaft Fault (Centerally bent) 50 Trial 9.csv,Fault data split 50/Bearing (2) Combination & Shaft Fault (Centerally bent) 50 Trial 9.csv,1,27,9,64000,0527b244c13e19aaa5186c21e4224d3247780a296daea206e08dd551347969f8,10/4/2022 12:16:27 PM
Bearing (2) Combination 50 Trial 1.csv,Fault data split 50/Bearing (2) Combination 50 Trial 1.csv,1,30,1,64000,92ee1e5381ea0e2124f9c8c4477b04c0bd1ac3152d708e74ec27ee1b49a8ff9d,10/25/2022 12:03:57 PM
Bearing (2) Combination 50 Trial 10.csv,Fault data split 50/Bearing (2) Combination 50 Trial 10.csv,1,30,10,64000,43e6fa8d592766b48d16527d4a0ba40e37546138332f31bd249e7eaa725861df,10/25/2022 12:06:54 PM
Bearing (2) Combination 50 Trial 11.csv,Fault data split 50/Bearing (2) Combination 50 Trial 11.csv,1,30,11,64000,611a0bebf1012d71ca9326ce9692163f046deb7c59674b4963b26711686bd537,10/25/2022 12:07:16 PM
Bearing (2) Combination 50 Trial 12.csv,Fault data split 50/Bearing (2) Combination 50 Trial 12.csv,1,30,12,64000,4de4ea3cb3396d0f872764d55d27073df7d323ef45a816052986d3deabc29709,10/25/2022 12:07:31 PM
Bearing (2) Combination 50 Trial 13.csv,Fault data split 50/Bearing (2) Combination 50 Trial 13.csv,1,30,13,64000,de56407dac328f7b4b1a794cd5564826ab7621d2ef9cf8220908bbf146da6fba,10/25/2022 12:07:50 PM
Bearing (2) Combination 50 Trial 14.csv,Fault data split 50/Bearing (2) Combination 50 Trial 14.csv,1,30,14,64000,3559fbd6a2663725f4ac53de0beb34c2bf5a3024a69da028fff19d8cacaef304,10/25/2022 12:08:07 PM
Bearing (2) Combination 50 Trial 15.csv,Fault data split 50/Bearing (2) Combination 50 Trial 15.csv,1,30,15,64000,9c57ab0f324c0f5baf8f9b27d9fbcb53f8824cf6630506578d0a08fb05b72a4f,10/25/2022 12:08:28 PM
Bearing (2) Combination 50 Trial 16.csv,Fault data split 50/Bearing (2) Combination 50 Trial 16.csv,1,30,16,64000,6d9a707d4dceaf598255bb092e7c1092edb73609f8b0bc859590280a4e8cc13e,10/25/2022 12:08:44 PM
Bearing (2) Combination 50 Trial 17.csv,Fault data split 50/Bearing (2) Combination 50 Trial 17.csv,1,30,17,64000,ab2490d366c34f930e0b7aadd219c0f229f42f0c520c57a8735f0c0c42a459bd,10/25/2022 12:09:00 PM
Bearing (2) Combination 50 Trial 18.csv,Fault data split 50/Bearing (2) Combination 50 Trial 18.csv,1,30,18,64000,89ea63ce2931842a399f92fcce4f0a284a82e91ce063b304ba456198ce1d5298,10/25/2022 12:09:18 PM
Bearing (2) Combination 50 Trial 19.csv,Fault data split 50/Bearing (2) Combination 50 Trial 19.csv,1,30,19,64000,6d7ca73a42982726e9c993c39349c563d7bdee44b1ada7fe92d84d38947a4885,10/25/2022 12:09:36 PM
Bearing (2) Combination 50 Trial 2.csv,Fault data split 50/Bearing (2) Combination 50 Trial 2.csv,1,30,2,64000,f934b471251e440c8b92d1846e4f69548e96511482708ff771863cfbaeeb011c,10/25/2022 12:04:14 PM
Bearing (2) Combination 50 Trial 20.csv,Fault data split 50/Bearing (2) Combination 50 Trial 20.csv,1,30,20,64000,0d434ccc3b8f326ac9f90c2fc8d87e6dca01e69a9718a9d7b020764878426666,10/25/2022 12:09:56 PM
Bearing (2) Combination 50 Trial 21.csv,Fault data split 50/Bearing (2) Combination 50 Trial 21.csv,1,30,21,64000,4dac339086285827a6b7e0571ea0f1de1683a6264a205596417eddac7d1240ad,10/25/2022 12:10:13 PM
Bearing (2) Combination 50 Trial 22.csv,Fault data split 50/Bearing (2) Combination 50 Trial 22.csv,1,30,22,64000,c02b0540c66c28b7e8c13c26ff04dd8c4c670865c243f25e9da2eea59bd15b74,10/25/2022 12:10:30 PM
Bearing (2) Combination 50 Trial 23.csv,Fault data split 50/Bearing (2) Combination 50 Trial 23.csv,1,30,23,64000,9f5dfe7428f388aeb8743ad2e1d102858e7a7b7243d5517d6864f67485c37dc8,10/25/2022 12:10:47 PM
Bearing (2) Combination 50 Trial 24.csv,Fault data split 50/Bearing (2) Combination 50 Trial 24.csv,1,30,24,64000,4d3115834fa1930ce67050aa101261c5fa6b522fa18e7d3ca805eb2e4bb1c010,10/25/2022 12:11:05 PM
Bearing (2) Combination 50 Trial 25.csv,Fault data split 50/Bearing (2) Combination 50 Trial 25.csv,1,30,25,64000,28a395e96af1310cddcc8babc6d35faf652d4f347b553d82a83fb96a2ce93bb7,10/25/2022 12:11:30 PM
Bearing (2) Combination 50 Trial 3.csv,Fault data split 50/Bearing (2) Combination 50 Trial 3.csv,1,30,3,64000,7d13cf18637ff0124091ebac5bdda3c449a4cc30a52650ebf863da3b937868ee,10/25/2022 12:04:36 PM
Bearing (2) Combination 50 Trial 4.csv,Fault data split 50/Bearing (2) Combination 50 Trial 4.csv,1,30,4,64000,afe1907cd6a80b05c005c9fe2704e581c1cead502497698998c9e7cb64f62191,10/25/2022 12:04:56 PM
Bearing (2) Combination 50 Trial 5.csv,Fault data split 50/Bearing (2) Combination 50 Trial 5.csv,1,30,5,64000,264664955574c403684bf23b93dcf6c5fceb480332c29376998538ed9027cb00,10/25/2022 12:05:15 PM
Bearing (2) Combination 50 Trial 6.csv,Fault data split 50/Bearing (2) Combination 50 Trial 6.csv,1,30,6,64000,8b750e858b354727a830d4d66181bdd90adeb6f13a761da020ccf83203831f6d,10/25/2022 12:05:39 PM
Bearing (2) Combination 50 Trial 7.csv,Fault data split 50/Bearing (2) Combination 50 Trial 7.csv,1,30,7,64000,d0592c4ad2392ae62515f319d4017a3f3bea86754654e8416fc3765ca1416ea9,10/25/2022 12:05:56 PM
Bearing (2) Combination 50 Trial 8.csv,Fault data split 50/Bearing (2) Combination 50 Trial 8.csv,1,30,8,64000,88ea52170e98cb1cb9d63c816e64fafdea6e6d0cc14c3e50fb4fb02b2a70db3d,10/25/2022 12:06:17 PM
Bearing (2) Combination 50 Trial 9.csv,Fault data split 50/Bearing (2) Combination 50 Trial 9.csv,1,30,9,64000,d3ee575d791f6b20ed91c114b3482c79bf28fac16180d25d43674f052762db5a,10/25/2022 12:06:38 PM
Bearing (2) Inner & Shaft Fault ( Coupling End Bent) 50 Trial 1.csv,Fault data split 50/Bearing (2) Inner & Shaft Fault ( Coupling End Bent) 50 Trial 1.csv,1,34,1,64000,915cb0d4a462f263be50daf153e5155edf1291d69a50b86a3574a9f91405ac18,9/29/2022 10:08:55 AM
Bearing (2) Inner & Shaft Fault ( Coupling End Bent) 50 Trial 10.csv,Fault data split 50/Bearing (2) Inner & Shaft Fault ( Coupling End Bent) 50 Trial 10.csv,1,34,10,64000,3dc3a8d73edb897157ce915324d256b4a97e0da1ce9e7be1c6c3d380e41e1781,9/29/2022 10:11:36 AM
Bearing (2) Inner & Shaft Fault ( Coupling End Bent) 50 Trial 11.csv,Fault data split 50/Bearing (2) Inner & Shaft Fault ( Coupling End Bent) 50 Trial 11.csv,1,34,11,64000,b6047c69cc07df7897a84f3edc6235ce7184cbc38bd7e06c3b342c00bbdf572f,9/29/2022 10:11:52 AM
Bearing (2) Inner & Shaft Fault ( Coupling End Bent) 50 Trial 12.csv,Fault data split 50/Bearing (2) Inner & Shaft Fault ( Coupling End Bent) 50 Trial 12.csv,1,34,12,64000,6131ef1e6bd7c4e6fd3f903bad50e916476a14113948672f9efa2840710f4e1a,9/29/2022 10:12:15 AM
Bearing (2) Inner & Shaft Fault ( Coupling End Bent) 50 Trial 13.csv,Fault data split 50/Bearing (2) Inner & Shaft Fault ( Coupling End Bent) 50 Trial 13.csv,1,34,13,64000,2c18ad1b9c7cd80ea5c84fdf537710b42b7fcec1e654ee8d02ac5d15ca77ec93,9/29/2022 10:12:39 AM
Bearing (2) Inner & Shaft Fault ( Coupling End Bent) 50 Trial 14.csv,Fault data split 50/Bearing (2) Inner & Shaft Fault ( Coupling End Bent) 50 Trial 14.csv,1,34,14,64000,cd32431613f849136b4629b4f760a52e80943e10cc0f8235234ea1d0628826d7,9/29/2022 10:12:57 AM
Bearing (2) Inner & Shaft Fault ( Coupling End Bent) 50 Trial 15.csv,Fault data split 50/Bearing (2) Inner & Shaft Fault ( Coupling End Bent) 50 Trial 15.csv,1,34,15,64000,a15a100f447806342b3c5b0ee0a4b4c1af5155ee9f9bf518225e69a4d7309527,9/29/2022 10:13:17 AM
Bearing (2) Inner & Shaft Fault ( Coupling End Bent) 50 Trial 16.csv,Fault data split 50/Bearing (2) Inner & Shaft Fault ( Coupling End Bent) 50 Trial 16.csv,1,34,16,64000,c0c6c3ca29bff5a3f8265e36e3d06606e85eb4ca2240c528c17c3d88c0c3020d,9/29/2022 10:13:34 AM
Bearing (2) Inner & Shaft Fault ( Coupling End Bent) 50 Trial 17.csv,Fault data split 50/Bearing (2) Inner & Shaft Fault ( Coupling End Bent) 50 Trial 17.csv,1,34,17,64000,7703ad15db875028f71b5a8a4fa94a263546cc183e732f3c99fbdfd4295c0200,9/29/2022 10:13:51 AM
Bearing (2) Inner & Shaft Fault ( Coupling End Bent) 50 Trial 18.csv,Fault data split 50/Bearing (2) Inner & Shaft Fault ( Coupling End Bent) 50 Trial 18.csv,1,34,18,64000,b9fd8b79fc171d547bbc9693dc1098aba18aa8ab094a95239beb83833c594bbf,9/29/2022 10:14:07 AM
Bearing (2) Inner & Shaft Fault ( Coupling End Bent) 50 Trial 19.csv,Fault data split 50/Bearing (2) Inner & Shaft Fault ( Coupling End Bent) 50 Trial 19.csv,1,34,19,64000,7e8f0f200c90156f9328e9cae576f0967b4bc0e2cb247d6c55aaa637ae36ec38,9/29/2022 10:14:25 AM
Bearing (2) Inner & Shaft Fault ( Coupling End Bent) 50 Trial 2.csv,Fault data split 50/Bearing (2) Inner & Shaft Fault ( Coupling End Bent) 50 Trial 2.csv,1,34,2,64000,395823ea33160f444cd50e40baef197a8c5fd544a07403f6499cbf003d583549,9/29/2022 10:09:12 AM
Bearing (2) Inner & Shaft Fault ( Coupling End Bent) 50 Trial 20.csv,Fault data split 50/Bearing (2) Inner & Shaft Fault ( Coupling End Bent) 50 Trial 20.csv,1,34,20,64000,6c6174c79e3be41733fc99cbc2e6241b8508047d77fb1d3a169372e39bf1239e,9/29/2022 10:14:40 AM
Bearing (2) Inner & Shaft Fault ( Coupling End Bent) 50 Trial 21.csv,Fault data split 50/Bearing (2) Inner & Shaft Fault ( Coupling End Bent) 50 Trial 21.csv,1,34,21,64000,fd1d38f496ece00041485c94182c4c17c4afb416763d34b2505ccc684acd913d,9/29/2022 10:14:58 AM
Bearing (2) Inner & Shaft Fault ( Coupling End Bent) 50 Trial 22.csv,Fault data split 50/Bearing (2) Inner & Shaft Fault ( Coupling End Bent) 50 Trial 22.csv,1,34,22,64000,ffaef1c60df61d871d23258feb7605f4b15c138798647ee35a99d1a81fbf7b81,9/29/2022 10:15:15 AM
Bearing (2) Inner & Shaft Fault ( Coupling End Bent) 50 Trial 23.csv,Fault data split 50/Bearing (2) Inner & Shaft Fault ( Coupling End Bent) 50 Trial 23.csv,1,34,23,64000,be96839fea608498dbf6d84350aac757f69cb6822085b67a7baec8dbbd5c0dbd,9/29/2022 10:15:32 AM
Bearing (2) Inner & Shaft Fault ( Coupling End Bent) 50 Trial 24.csv,Fault data split 50/Bearing (2) Inner & Shaft Fault ( Coupling End Bent) 50 Trial 24.csv,1,34,24,64000,4db76787db28a415209579c65778f97d9bd672a2b8cc8342d3ca7e72440d60e9,9/29/2022 10:15:51 AM
Bearing (2) Inner & Shaft Fault ( Coupling End Bent) 50 Trial 25.csv,Fault data split 50/Bearing (2) Inner & Shaft Fault ( Coupling End Bent) 50 Trial 25.csv,1,34,25,64000,d69b98724e3e11393d1854a7a846de0cc602e46f04bbaf1112b36536bfdb73f4,9/29/2022 10:17:35 AM
Bearing (2) Inner & Shaft Fault ( Coupling End Bent) 50 Trial 3.csv,Fault data split 50/Bearing (2) Inner & Shaft Fault ( Coupling End Bent) 50 Trial 3.csv,1,34,3,64000,e3a4b77e35264172231f3405a4c0390cd17c1eac7dbb82790731d436a06b2d3a,9/29/2022 10:09:27 AM
Bearing (2) Inner & Shaft Fault ( Coupling End Bent) 50 Trial 4.csv,Fault data split 50/Bearing (2) Inner & Shaft Fault ( Coupling End Bent) 50 Trial 4.csv,1,34,4,64000,f07087aafade02319b5007e13405284675d9ed65d5a05ba62a46152fb7a7f9de,9/29/2022 10:09:49 AM
Bearing (2) Inner & Shaft Fault ( Coupling End Bent) 50 Trial 5.csv,Fault data split 50/Bearing (2) Inner & Shaft Fault ( Coupling End Bent) 50 Trial 5.csv,1,34,5,64000,28b8caea8321261bc98842b2bf39879c5f159e3e3b486b85659cb80cf8693d2c,9/29/2022 10:10:09 AM
Bearing (2) Inner & Shaft Fault ( Coupling End Bent) 50 Trial 6.csv,Fault data split 50/Bearing (2) Inner & Shaft Fault ( Coupling End Bent) 50 Trial 6.csv,1,34,6,64000,c98d3aee08c33743a3838d06acf1bb2f8e41d97c89620fce4f7d391d80cfcdca,9/29/2022 10:10:28 AM
Bearing (2) Inner & Shaft Fault ( Coupling End Bent) 50 Trial 7.csv,Fault data split 50/Bearing (2) Inner & Shaft Fault ( Coupling End Bent) 50 Trial 7.csv,1,34,7,64000,0ec3902abc585b88bac0c843aa16c70f6bea2dee28661fbf8c857ad088a97575,9/29/2022 10:10:43 AM
Bearing (2) Inner & Shaft Fault ( Coupling End Bent) 50 Trial 8.csv,Fault data split 50/Bearing (2) Inner & Shaft Fault ( Coupling End Bent) 50 Trial 8.csv,1,34,8,64000,9e4e39df7e68931f84da3783c37c119907e2617340476b6461034f684cb5e60e,9/29/2022 10:11:00 AM
Bearing (2) Inner & Shaft Fault ( Coupling End Bent) 50 Trial 9.csv,Fault data split 50/Bearing (2) Inner & Shaft Fault ( Coupling End Bent) 50 Trial 9.csv,1,34,9,64000,eae2248a369a76a9309fc8637ffc355a64a418865f8ccd868f4614b716d763c6,9/29/2022 10:11:22 AM
Bearing (2) Inner & Shaft Fault (Centerally bent) 50 Trial 1.csv,Fault data split 50/Bearing (2) Inner & Shaft Fault (Centerally bent) 50 Trial 1.csv,1,33,1,64000,199a8374d0a4ca6ef11def8d52ff980d3070ceba6a47175210d1c59ca832a166,10/4/2022 1:25:09 PM
Bearing (2) Inner & Shaft Fault (Centerally bent) 50 Trial 10.csv,Fault data split 50/Bearing (2) Inner & Shaft Fault (Centerally bent) 50 Trial 10.csv,1,33,10,64000,80ac9d6e5e883d1debc36a68d88782eece5ad30a4e9f9bab496db892c9e9fa05,10/4/2022 1:27:27 PM
Bearing (2) Inner & Shaft Fault (Centerally bent) 50 Trial 11.csv,Fault data split 50/Bearing (2) Inner & Shaft Fault (Centerally bent) 50 Trial 11.csv,1,33,11,64000,a036cb90318fe0a6307fef60647477821bfc46cffc998143b8f7e7fa73e46742,10/4/2022 1:27:44 PM
Bearing (2) Inner & Shaft Fault (Centerally bent) 50 Trial 12.csv,Fault data split 50/Bearing (2) Inner & Shaft Fault (Centerally bent) 50 Trial 12.csv,1,33,12,64000,eb2490ea08817ee91efd9406a13e6130115c05d57b55f5ea460446093a82712a,10/4/2022 1:28:00 PM
Bearing (2) Inner & Shaft Fault (Centerally bent) 50 Trial 13.csv,Fault data split 50/Bearing (2) Inner & Shaft Fault (Centerally bent) 50 Trial 13.csv,1,33,13,64000,d910b2651efa95f5772321227f8de73f5f1e19261efacc982833eb33dff5c53c,10/4/2022 1:28:16 PM
Bearing (2) Inner & Shaft Fault (Centerally bent) 50 Trial 14.csv,Fault data split 50/Bearing (2) Inner & Shaft Fault (Centerally bent) 50 Trial 14.csv,1,33,14,64000,654ba1e8b5e5d366043ca1f5e7e705d01db0054f6d0b644390a0ff359b66b2da,10/4/2022 1:28:36 PM
Bearing (2) Inner & Shaft Fault (Centerally bent) 50 Trial 15.csv,Fault data split 50/Bearing (2) Inner & Shaft Fault (Centerally bent) 50 Trial 15.csv,1,33,15,64000,e0f673374fd6b6eabc0608cff3ac6446e880d17229d212cab6530c409d8402e8,10/4/2022 1:28:51 PM
Bearing (2) Inner & Shaft Fault (Centerally bent) 50 Trial 16.csv,Fault data split 50/Bearing (2) Inner & Shaft Fault (Centerally bent) 50 Trial 16.csv,1,33,16,64000,b8a39075c0e9ab916e14c77daf3d88ade0ddb981f451327a2ac28363edec7afc,10/4/2022 1:29:06 PM
Bearing (2) Inner & Shaft Fault (Centerally bent) 50 Trial 17.csv,Fault data split 50/Bearing (2) Inner & Shaft Fault (Centerally bent) 50 Trial 17.csv,1,33,17,64000,4e1953c69e3aa3f016b6a3e0abb3dbbbb9b1bbb9d948be70802010a0f80d19d5,10/4/2022 1:29:22 PM
Bearing (2) Inner & Shaft Fault (Centerally bent) 50 Trial 18.csv,Fault data split 50/Bearing (2) Inner & Shaft Fault (Centerally bent) 50 Trial 18.csv,1,33,18,64000,9889dd32f552eb2d8154f0be8f03b32d03b01c6d05d1219c57fb286c36f224ac,10/4/2022 1:29:37 PM
Bearing (2) Inner & Shaft Fault (Centerally bent) 50 Trial 19.csv,Fault data split 50/Bearing (2) Inner & Shaft Fault (Centerally bent) 50 Trial 19.csv,1,33,19,64000,b6a9b2c4f3d72e990aa5dc0e4948c615890074c15e244937163d117e6471d002,10/4/2022 1:29:53 PM
Bearing (2) Inner & Shaft Fault (Centerally bent) 50 Trial 2.csv,Fault data split 50/Bearing (2) Inner & Shaft Fault (Centerally bent) 50 Trial 2.csv,1,33,2,64000,79e43436cc8e24d8fd1e400868488ba6658d83eb683eb99adc6441b6b04743e0,10/4/2022 1:25:23 PM
Bearing (2) Inner & Shaft Fault (Centerally bent) 50 Trial 20.csv,Fault data split 50/Bearing (2) Inner & Shaft Fault (Centerally bent) 50 Trial 20.csv,1,33,20,64000,24cf119c783df152fa31239194995e8e2d3e74080c12d576215f22508fc7c23b,10/4/2022 1:30:09 PM
Bearing (2) Inner & Shaft Fault (Centerally bent) 50 Trial 21.csv,Fault data split 50/Bearing (2) Inner & Shaft Fault (Centerally bent) 50 Trial 21.csv,1,33,21,64000,da568734367a061f3c81d32ad7a1859b74c042b110b55d9166a54554718db120,10/4/2022 1:30:26 PM
Bearing (2) Inner & Shaft Fault (Centerally bent) 50 Trial 22.csv,Fault data split 50/Bearing (2) Inner & Shaft Fault (Centerally bent) 50 Trial 22.csv,1,33,22,64000,13729d424154dc1b416036bb1ba5fa778f16ecc1fd3e9536918e26365d8d8d52,10/4/2022 1:30:41 PM
Bearing (2) Inner & Shaft Fault (Centerally bent) 50 Trial 23.csv,Fault data split 50/Bearing (2) Inner & Shaft Fault (Centerally bent) 50 Trial 23.csv,1,33,23,64000,3912666d9ed9e7638f9ef9c9448b98b894a645b010b6b9c101c5050322b15c46,10/4/2022 1:30:56 PM
Bearing (2) Inner & Shaft Fault (Centerally bent) 50 Trial 24.csv,Fault data split 50/Bearing (2) Inner & Shaft Fault (Centerally bent) 50 Trial 24.csv,1,33,24,64000,bc806563c0e385ed89d5376c245f07f2ff37b6d6272fd952a6c80edef5fedc02,10/4/2022 1:31:11 PM
Bearing (2) Inner & Shaft Fault (Centerally bent) 50 Trial 25.csv,Fault data split 50/Bearing (2) Inner & Shaft Fault (Centerally bent) 50 Trial 25.csv,1,33,25,64000,d2c5683c80eb0bb6888977adac1ffa0952e3757fea1f7102268e317f524878c2,10/4/2022 1:32:13 PM
Bearing (2) Inner & Shaft Fault (Centerally bent) 50 Trial 3.csv,Fault data split 50/Bearing (2) Inner & Shaft Fault (Centerally bent) 50 Trial 3.csv,1,33,3,64000,4d6e289ac6ce25cd6736c2993e06325b78c0f1f82f8e4cba0c71deca1d466c1f,10/4/2022 1:25:41 PM
Bearing (2) Inner & Shaft Fault (Centerally bent) 50 Trial 4.csv,Fault data split 50/Bearing (2) Inner & Shaft Fault (Centerally bent) 50 Trial 4.csv,1,33,4,64000,a372ba401ff53db07d6729c1444af4b2455463289073750b7f93348facf63a17,10/4/2022 1:25:57 PM
Bearing (2) Inner & Shaft Fault (Centerally bent) 50 Trial 5.csv,Fault data split 50/Bearing (2) Inner & Shaft Fault (Centerally bent) 50 Trial 5.csv,1,33,5,64000,e184b280b2fbd89f69a6cca04694a4631f552771c04fc001f823f1ac3fececae,10/4/2022 1:26:13 PM
Bearing (2) Inner & Shaft Fault (Centerally bent) 50 Trial 6.csv,Fault data split 50/Bearing (2) Inner & Shaft Fault (Centerally bent) 50 Trial 6.csv,1,33,6,64000,cfa68dbba269e9f88fa3b8e1d5dd3f43d1204b3c1065152374b64619e371e9fe,10/4/2022 1:26:28 PM
Bearing (2) Inner & Shaft Fault (Centerally bent) 50 Trial 7.csv,Fault data split 50/Bearing (2) Inner & Shaft Fault (Centerally bent) 50 Trial 7.csv,1,33,7,64000,cdae9f5b5879339fc6e3da300b2efad12bd5ffe56fe11688cb0cb1fe3f6a54a7,10/4/2022 1:26:42 PM
Bearing (2) Inner & Shaft Fault (Centerally bent) 50 Trial 8.csv,Fault data split 50/Bearing (2) Inner & Shaft Fault (Centerally bent) 50 Trial 8.csv,1,33,8,64000,793f02c82efd9deb4264c7954cdddd14703ee7540a60c1c81b6b22fbc65f4cba,10/4/2022 1:26:57 PM
Bearing (2) Inner & Shaft Fault (Centerally bent) 50 Trial 9.csv,Fault data split 50/Bearing (2) Inner & Shaft Fault (Centerally bent) 50 Trial 9.csv,1,33,9,64000,1bd1513dd7ccfbc52d3c86cb9a7ae4a475caa46ebcbd074c95b0a40c9591f8c4,10/4/2022 1:27:13 PM
Bearing (2) Inner 50 Trial 1.csv,Fault data split 50/Bearing (2) Inner 50 Trial 1.csv,1,31,1,64000,6aa17e3d00f44fcdf53533fbd8bba1d75eb7a30d4401c5eb60f65c02eda7205c,10/4/2022 2:06:49 PM
Bearing (2) Inner 50 Trial 10.csv,Fault data split 50/Bearing (2) Inner 50 Trial 10.csv,1,31,10,64000,d6ee3e6776da9ae40d85043fdb611dc406dd35b010b55fa171a26852a2bf04d8,10/4/2022 2:09:18 PM
Bearing (2) Inner 50 Trial 11.csv,Fault data split 50/Bearing (2) Inner 50 Trial 11.csv,1,31,11,64000,9691813eae192c0f0ee0bba58df61c5cce7a94e8f80cb6f02715e22fd18060c0,10/4/2022 2:09:32 PM
Bearing (2) Inner 50 Trial 12.csv,Fault data split 50/Bearing (2) Inner 50 Trial 12.csv,1,31,12,64000,788e1b3dbd2800794315970bb06c4933d09fa3fa019c36853319358a415b4c1b,10/4/2022 2:09:49 PM
Bearing (2) Inner 50 Trial 13.csv,Fault data split 50/Bearing (2) Inner 50 Trial 13.csv,1,31,13,64000,ed3c365e3da431f13e592de8320c048e7efc4ee297cb38dd8628a09637b42e90,10/4/2022 2:10:04 PM
Bearing (2) Inner 50 Trial 14.csv,Fault data split 50/Bearing (2) Inner 50 Trial 14.csv,1,31,14,64000,eb57fe7896c8a1a638ab09b492464ef9e6daf8fe2f74e440730b7eec715f80a2,10/4/2022 2:10:19 PM
Bearing (2) Inner 50 Trial 15.csv,Fault data split 50/Bearing (2) Inner 50 Trial 15.csv,1,31,15,64000,dbc0da0afbac2ff664f928e243820c1b1b4131582672cb2455a146824be524dc,10/4/2022 2:10:34 PM
Bearing (2) Inner 50 Trial 16.csv,Fault data split 50/Bearing (2) Inner 50 Trial 16.csv,1,31,16,64000,b900f76008fbb44c01ccaf0100e742275a487b75afb1657404eb5acdcdd05570,10/4/2022 2:10:51 PM
Bearing (2) Inner 50 Trial 17.csv,Fault data split 50/Bearing (2) Inner 50 Trial 17.csv,1,31,17,64000,e361a46c7167be5dbd971df1fecbba46ace44799bfc58fa0ea8470f8a94d3c6a,10/4/2022 2:11:07 PM
Bearing (2) Inner 50 Trial 18.csv,Fault data split 50/Bearing (2) Inner 50 Trial 18.csv,1,31,18,64000,2376b4edd1867603c8dcbe6255886210a973199951b5eedbdeef83da25606ef5,10/4/2022 2:11:24 PM
Bearing (2) Inner 50 Trial 19.csv,Fault data split 50/Bearing (2) Inner 50 Trial 19.csv,1,31,19,64000,77f7daa3d9a04fffe2b1ed43f71c2cf0fd9a3b997ef2e0f776b2b72814df4f67,10/4/2022 2:11:42 PM
Bearing (2) Inner 50 Trial 2.csv,Fault data split 50/Bearing (2) Inner 50 Trial 2.csv,1,31,2,64000,33c137df5d106146b466b4ba1e55a6cfa6769cd5a9af2a49a7e297af6bb1d798,10/4/2022 2:07:06 PM
Bearing (2) Inner 50 Trial 20.csv,Fault data split 50/Bearing (2) Inner 50 Trial 20.csv,1,31,20,64000,0950323f36f1db3cc194f1f007d76d9e9a2e0e1324752283567aa3471bce2195,10/4/2022 2:11:58 PM
Bearing (2) Inner 50 Trial 21.csv,Fault data split 50/Bearing (2) Inner 50 Trial 21.csv,1,31,21,64000,35d32bf0807f79f78d8afa8f5a9d20d2ca97914beaa9f303a3d1c765e7e59032,10/4/2022 2:12:16 PM
Bearing (2) Inner 50 Trial 22.csv,Fault data split 50/Bearing (2) Inner 50 Trial 22.csv,1,31,22,64000,0dcf3bde294df4f4019923b650c2dcf73386617537efe020d89b010c1ac28a93,10/4/2022 2:12:31 PM
Bearing (2) Inner 50 Trial 23.csv,Fault data split 50/Bearing (2) Inner 50 Trial 23.csv,1,31,23,64000,663c338fb32f1de0289819a4e0cbdab6ea42b3705e7fdba98cba5a13f3c73780,10/4/2022 2:12:59 PM
Bearing (2) Inner 50 Trial 24.csv,Fault data split 50/Bearing (2) Inner 50 Trial 24.csv,1,31,24,64000,d10fc65b5398ab800d42664040b21b4c5f660733d27ebec857b6ddb6816e944a,10/4/2022 2:13:14 PM
Bearing (2) Inner 50 Trial 25.csv,Fault data split 50/Bearing (2) Inner 50 Trial 25.csv,1,31,25,64000,0f160ec29adf6b5efd5ba4965928bb175800857c5228d91322e19ff63e956e1b,10/4/2022 2:13:33 PM
Bearing (2) Inner 50 Trial 3.csv,Fault data split 50/Bearing (2) Inner 50 Trial 3.csv,1,31,3,64000,66947e8fc0bd0d849c9e2964cec7274eb61734039a5b91a52aff3a3e8971ee6d,10/4/2022 2:07:21 PM
Bearing (2) Inner 50 Trial 4.csv,Fault data split 50/Bearing (2) Inner 50 Trial 4.csv,1,31,4,64000,847b716f0228ff8e58d7b809da856bc6c9ccf192bbee00992b6a2f869e7279fe,10/4/2022 2:07:37 PM
Bearing (2) Inner 50 Trial 5.csv,Fault data split 50/Bearing (2) Inner 50 Trial 5.csv,1,31,5,64000,5b983d689846e010df7dc0c079f3fd58a3dbcb7cf8b3c66183fb62d1c45f5ed6,10/4/2022 2:07:58 PM
Bearing (2) Inner 50 Trial 6.csv,Fault data split 50/Bearing (2) Inner 50 Trial 6.csv,1,31,6,64000,e86d2641953dd98061ce03702acef863ae4ef0049b64910b53aa9e2c018b2e4d,10/4/2022 2:08:13 PM
Bearing (2) Inner 50 Trial 7.csv,Fault data split 50/Bearing (2) Inner 50 Trial 7.csv,1,31,7,64000,60f3c299b80c545ec10432884dbd06a25c5328749a919cca4dfa4bf3d247643f,10/4/2022 2:08:27 PM
Bearing (2) Inner 50 Trial 8.csv,Fault data split 50/Bearing (2) Inner 50 Trial 8.csv,1,31,8,64000,60c9315404639792fd5347cce39715e334f407f8123ecdd483ecbb0a9af0419e,10/4/2022 2:08:42 PM
Bearing (2) Inner 50 Trial 9.csv,Fault data split 50/Bearing (2) Inner 50 Trial 9.csv,1,31,9,64000,de4a603a0924f29c71208dbd9bc35370a380447232975405a685b6b82292ba08,10/4/2022 2:09:02 PM
Bearing (2) Outer & Shaft Fault ( Coupling End Bent) 50 Trial 1.csv,Fault data split 50/Bearing (2) Outer & Shaft Fault ( Coupling End Bent) 50 Trial 1.csv,1,36,1,64000,27182be9619149dd7f80a93f120e6ff1ed66c4fec57f23d0a36e8fc3c177619b,9/23/2022 7:50:37 PM
Bearing (2) Outer & Shaft Fault ( Coupling End Bent) 50 Trial 10.csv,Fault data split 50/Bearing (2) Outer & Shaft Fault ( Coupling End Bent) 50 Trial 10.csv,1,36,10,64000,a2ea664b76ceff86c9646152eb58281e32530372f083991632abe8652dcce7d6,9/23/2022 7:53:00 PM
Bearing (2) Outer & Shaft Fault ( Coupling End Bent) 50 Trial 11.csv,Fault data split 50/Bearing (2) Outer & Shaft Fault ( Coupling End Bent) 50 Trial 11.csv,1,36,11,64000,443cab028c338f6c470854921cf7c888f792d0ee39c77c5b09950cba4f048791,9/23/2022 7:53:14 PM
Bearing (2) Outer & Shaft Fault ( Coupling End Bent) 50 Trial 12.csv,Fault data split 50/Bearing (2) Outer & Shaft Fault ( Coupling End Bent) 50 Trial 12.csv,1,36,12,64000,5f28d57e68f6d17b65b70111f93f991d18bfe844f2838193fac9116712433afb,9/23/2022 7:53:29 PM
Bearing (2) Outer & Shaft Fault ( Coupling End Bent) 50 Trial 13.csv,Fault data split 50/Bearing (2) Outer & Shaft Fault ( Coupling End Bent) 50 Trial 13.csv,1,36,13,64000,0a89f7a155125fd154e79f382f7a93ffac680149b0423817ca3a15d19d27a764,9/23/2022 7:53:44 PM
Bearing (2) Outer & Shaft Fault ( Coupling End Bent) 50 Trial 14.csv,Fault data split 50/Bearing (2) Outer & Shaft Fault ( Coupling End Bent) 50 Trial 14.csv,1,36,14,64000,d5702f12bb4ecc36d57264ea7f754aba055ee8a6e4a9d5cc6b6eb18847754fba,9/23/2022 7:53:59 PM
Bearing (2) Outer & Shaft Fault ( Coupling End Bent) 50 Trial 15.csv,Fault data split 50/Bearing (2) Outer & Shaft Fault ( Coupling End Bent) 50 Trial 15.csv,1,36,15,64000,699c61315537fade383ea1e26c2d01184827cf65284830ec7a87283e38495106,9/23/2022 7:54:14 PM
Bearing (2) Outer & Shaft Fault ( Coupling End Bent) 50 Trial 16.csv,Fault data split 50/Bearing (2) Outer & Shaft Fault ( Coupling End Bent) 50 Trial 16.csv,1,36,16,64000,fc08cf5b5c4ec389e191dffbc041d636d308d0bae31e94a5c148419b6ccba856,9/23/2022 7:54:29 PM
Bearing (2) Outer & Shaft Fault ( Coupling End Bent) 50 Trial 17.csv,Fault data split 50/Bearing (2) Outer & Shaft Fault ( Coupling End Bent) 50 Trial 17.csv,1,36,17,64000,0364727be28f8379d164fee42f904e64eb78ecc3b915c123c82bc6fb766114e3,9/23/2022 7:54:44 PM
Bearing (2) Outer & Shaft Fault ( Coupling End Bent) 50 Trial 18.csv,Fault data split 50/Bearing (2) Outer & Shaft Fault ( Coupling End Bent) 50 Trial 18.csv,1,36,18,64000,f2adbba4dc414c60f00e659451d9e6081e27f9b6587e24d0c57ab37fa9bb3a46,9/23/2022 7:54:59 PM
Bearing (2) Outer & Shaft Fault ( Coupling End Bent) 50 Trial 19.csv,Fault data split 50/Bearing (2) Outer & Shaft Fault ( Coupling End Bent) 50 Trial 19.csv,1,36,19,64000,a24e89a81b8e7b953f3f607133e2d1a9433dfb44cfb98e6d1aaa64be1d20361d,9/23/2022 7:55:13 PM
Bearing (2) Outer & Shaft Fault ( Coupling End Bent) 50 Trial 2.csv,Fault data split 50/Bearing (2) Outer & Shaft Fault ( Coupling End Bent) 50 Trial 2.csv,1,36,2,64000,43db8fe256bf59462c865d26ed33902c317a26832ced2bb97e670ba90b2e62dd,9/23/2022 7:50:54 PM
Bearing (2) Outer & Shaft Fault ( Coupling End Bent) 50 Trial 20.csv,Fault data split 50/Bearing (2) Outer & Shaft Fault ( Coupling End Bent) 50 Trial 20.csv,1,36,20,64000,b3737130c2f773f09ebc8c6a498cc78b1616e375aad1c32078868a4de70bebf7,9/23/2022 7:55:29 PM
Bearing (2) Outer & Shaft Fault ( Coupling End Bent) 50 Trial 21.csv,Fault data split 50/Bearing (2) Outer & Shaft Fault ( Coupling End Bent) 50 Trial 21.csv,1,36,21,64000,2b270ba3237540aaa8807f3f947819cd4a16a0ada0393c5c525274e509dc3544,9/23/2022 7:55:44 PM
Bearing (2) Outer & Shaft Fault ( Coupling End Bent) 50 Trial 22.csv,Fault data split 50/Bearing (2) Outer & Shaft Fault ( Coupling End Bent) 50 Trial 22.csv,1,36,22,64000,7bcde8a46a78b8f7049c3d7e2931cf536c07cb88c563402b1222090b5466bf6b,9/23/2022 7:56:01 PM
Bearing (2) Outer & Shaft Fault ( Coupling End Bent) 50 Trial 23.csv,Fault data split 50/Bearing (2) Outer & Shaft Fault ( Coupling End Bent) 50 Trial 23.csv,1,36,23,64000,300b2d21f3194efd539b0a340af17abf492cac46af9b102a8be088e96f045bda,9/23/2022 7:56:17 PM
Bearing (2) Outer & Shaft Fault ( Coupling End Bent) 50 Trial 24.csv,Fault data split 50/Bearing (2) Outer & Shaft Fault ( Coupling End Bent) 50 Trial 24.csv,1,36,24,64000,419dec446a66b6a5fc46faea0a27ca380208cdffec085e8f9c978039685468ab,9/23/2022 7:56:38 PM
Bearing (2) Outer & Shaft Fault ( Coupling End Bent) 50 Trial 25.csv,Fault data split 50/Bearing (2) Outer & Shaft Fault ( Coupling End Bent) 50 Trial 25.csv,1,36,25,64000,1efa956baac6e6abb0fb739c19c4f8ecb98fefa1a83657700abad103f58570ce,9/23/2022 7:56:53 PM
Bearing (2) Outer & Shaft Fault ( Coupling End Bent) 50 Trial 3.csv,Fault data split 50/Bearing (2) Outer & Shaft Fault ( Coupling End Bent) 50 Trial 3.csv,1,36,3,64000,18d160c8c843a632370b850ff713461ffea63acad094c26323f571c129d0bcd4,9/23/2022 7:51:10 PM
Bearing (2) Outer & Shaft Fault ( Coupling End Bent) 50 Trial 4.csv,Fault data split 50/Bearing (2) Outer & Shaft Fault ( Coupling End Bent) 50 Trial 4.csv,1,36,4,64000,4420d7ed6199ce0174af6e1856c302bd708f42850700791474d368727f45b163,9/23/2022 7:51:25 PM
Bearing (2) Outer & Shaft Fault ( Coupling End Bent) 50 Trial 5.csv,Fault data split 50/Bearing (2) Outer & Shaft Fault ( Coupling End Bent) 50 Trial 5.csv,1,36,5,64000,e10d875933bf94cfc5fc9cbe448a7d2554ec9d18383887fefa9fcbd68f69ae9e,9/23/2022 7:51:40 PM
Bearing (2) Outer & Shaft Fault ( Coupling End Bent) 50 Trial 6.csv,Fault data split 50/Bearing (2) Outer & Shaft Fault ( Coupling End Bent) 50 Trial 6.csv,1,36,6,64000,6264890f8395164e5e79b300c09aca7298bfd0fac71209166769c0eca09bef46,9/23/2022 7:51:54 PM
Bearing (2) Outer & Shaft Fault ( Coupling End Bent) 50 Trial 7.csv,Fault data split 50/Bearing (2) Outer & Shaft Fault ( Coupling End Bent) 50 Trial 7.csv,1,36,7,64000,77f78bf8a79252c90f7f4bd61579bce1142627d14c804d8c921fa9deb598567d,9/23/2022 7:52:08 PM
Bearing (2) Outer & Shaft Fault ( Coupling End Bent) 50 Trial 8.csv,Fault data split 50/Bearing (2) Outer & Shaft Fault ( Coupling End Bent) 50 Trial 8.csv,1,36,8,64000,2b0238a8e7a97ab609de82cc07868305e2f76d4015672e0fd7e7471f9a6960df,9/23/2022 7:52:23 PM
Bearing (2) Outer & Shaft Fault ( Coupling End Bent) 50 Trial 9.csv,Fault data split 50/Bearing (2) Outer & Shaft Fault ( Coupling End Bent) 50 Trial 9.csv,1,36,9,64000,f4764c2e6e1df8a80501443712bbb7e4b874a0549d895ab890a2627c43e9de5e,9/23/2022 7:52:45 PM
Bearing (2) Outer & Shaft Fault (Centerally bent) 50 Trial 1.csv,Fault data split 50/Bearing (2) Outer & Shaft Fault (Centerally bent) 50 Trial 1.csv,1,35,1,64000,7701252f067ee814bf41cda927b209bd6bc457aba830eeba2a9600bc84556a69,10/4/2022 11:47:02 AM
Bearing (2) Outer & Shaft Fault (Centerally bent) 50 Trial 10.csv,Fault data split 50/Bearing (2) Outer & Shaft Fault (Centerally bent) 50 Trial 10.csv,1,35,10,64000,0ab72f2bdd3b4fb85a1d46f16e0be15a2e0ce904b9dd9c50bde735aa46c3dcef,10/4/2022 11:49:26 AM
Bearing (2) Outer & Shaft Fault (Centerally bent) 50 Trial 11.csv,Fault data split 50/Bearing (2) Outer & Shaft Fault (Centerally bent) 50 Trial 11.csv,1,35,11,64000,730165801ff260aef2a2a1e45aa44e10f9d5fc0761a69ac308231aef29f6b6d2,10/4/2022 11:49:57 AM
Bearing (2) Outer & Shaft Fault (Centerally bent) 50 Trial 12.csv,Fault data split 50/Bearing (2) Outer & Shaft Fault (Centerally bent) 50 Trial 12.csv,1,35,12,64000,66d64aa85e33be2e8bb8ed522ae1bc9b02dd8a18cd1cc25addd26faf1c882305,10/4/2022 11:50:18 AM
Bearing (2) Outer & Shaft Fault (Centerally bent) 50 Trial 13.csv,Fault data split 50/Bearing (2) Outer & Shaft Fault (Centerally bent) 50 Trial 13.csv,1,35,13,64000,131f5ca261239fee9f3163634b9baa98a8404d5a109e633d9f49c031cad61264,10/4/2022 11:50:34 AM
Bearing (2) Outer & Shaft Fault (Centerally bent) 50 Trial 14.csv,Fault data split 50/Bearing (2) Outer & Shaft Fault (Centerally bent) 50 Trial 14.csv,1,35,14,64000,b7888949086cfaa9f7e76ea96b620f1d2f1299ef62e0907269fa751359aeb326,10/4/2022 11:50:52 AM
Bearing (2) Outer & Shaft Fault (Centerally bent) 50 Trial 15.csv,Fault data split 50/Bearing (2) Outer & Shaft Fault (Centerally bent) 50 Trial 15.csv,1,35,15,64000,b21fb901a4a40e3bba5f2e47647bbbaabccc50f4f7bf7ce973c8e2e2503fb837,10/4/2022 11:51:12 AM
Bearing (2) Outer & Shaft Fault (Centerally bent) 50 Trial 16.csv,Fault data split 50/Bearing (2) Outer & Shaft Fault (Centerally bent) 50 Trial 16.csv,1,35,16,64000,ca75012dfc91d46b16432ca3224d44589644a23820960a9a15598a39f9222cd6,10/4/2022 11:51:32 AM
Bearing (2) Outer & Shaft Fault (Centerally bent) 50 Trial 17.csv,Fault data split 50/Bearing (2) Outer & Shaft Fault (Centerally bent) 50 Trial 17.csv,1,35,17,64000,ebe617e5e75d60e4db949fee24d332cd2a39870909eef19b4893a1dc78b3bac8,10/4/2022 11:51:48 AM
Bearing (2) Outer & Shaft Fault (Centerally bent) 50 Trial 18.csv,Fault data split 50/Bearing (2) Outer & Shaft Fault (Centerally bent) 50 Trial 18.csv,1,35,18,64000,4b9e298b9c43249fa852158e3b9dca3c4b0d1b236a1e20bb5dcff41f411a890b,10/4/2022 11:52:06 AM
Bearing (2) Outer & Shaft Fault (Centerally bent) 50 Trial 19.csv,Fault data split 50/Bearing (2) Outer & Shaft Fault (Centerally bent) 50 Trial 19.csv,1,35,19,64000,b57f5152eb94efab9a9e6653949e8fc813d215aa49fb9168abf5a29a29e8c0c1,10/4/2022 11:52:24 AM
Bearing (2) Outer & Shaft Fault (Centerally bent) 50 Trial 2.csv,Fault data split 50/Bearing (2) Outer & Shaft Fault (Centerally bent) 50 Trial 2.csv,1,35,2,64000,fbcfae29fbe5a952a0e0f99c98869a0c99ed62462a8e0433a7214b9987bc2694,10/4/2022 11:47:22 AM
Bearing (2) Outer & Shaft Fault (Centerally bent) 50 Trial 20.csv,Fault data split 50/Bearing (2) Outer & Shaft Fault (Centerally bent) 50 Trial 20.csv,1,35,20,64000,0306013b5875f42f5e7dd2213625e75828bac6dfc0e60d180d8c6e65ef8859df,10/4/2022 11:52:38 AM
Bearing (2) Outer & Shaft Fault (Centerally bent) 50 Trial 21.csv,Fault data split 50/Bearing (2) Outer & Shaft Fault (Centerally bent) 50 Trial 21.csv,1,35,21,64000,107bc4a7f081ab8c2d1819810537cd4965b2e312d1d3559e8422df99efcba392,10/4/2022 11:52:55 AM
Bearing (2) Outer & Shaft Fault (Centerally bent) 50 Trial 22.csv,Fault data split 50/Bearing (2) Outer & Shaft Fault (Centerally bent) 50 Trial 22.csv,1,35,22,64000,477e6ac904ec95c54cac512b17801bef3b8c227acc6e8c721a99a4cdae9d2d8d,10/4/2022 11:53:09 AM
Bearing (2) Outer & Shaft Fault (Centerally bent) 50 Trial 23.csv,Fault data split 50/Bearing (2) Outer & Shaft Fault (Centerally bent) 50 Trial 23.csv,1,35,23,64000,9e5bfcb847e4474192b234d4c73ae949e7d4520fb345e5be0a4d0fd52bd81792,10/4/2022 11:53:25 AM
Bearing (2) Outer & Shaft Fault (Centerally bent) 50 Trial 24.csv,Fault data split 50/Bearing (2) Outer & Shaft Fault (Centerally bent) 50 Trial 24.csv,1,35,24,64000,54b870b7d1b856a19c03da3cf46779ba606912446a744c55f87bd148f699d8eb,10/4/2022 11:53:40 AM
Bearing (2) Outer & Shaft Fault (Centerally bent) 50 Trial 25.csv,Fault data split 50/Bearing (2) Outer & Shaft Fault (Centerally bent) 50 Trial 25.csv,1,35,25,64000,1d2d4257c09f2e92668084f90714d1e121f21ffd797213d93945850676900c37,10/4/2022 11:54:01 AM
Bearing (2) Outer & Shaft Fault (Centerally bent) 50 Trial 3.csv,Fault data split 50/Bearing (2) Outer & Shaft Fault (Centerally bent) 50 Trial 3.csv,1,35,3,64000,4e0c8ebffa9cc03bc025294b7a2e296984cf4661cb9ded11dc658fd0ecd3a91e,10/4/2022 11:47:39 AM
Bearing (2) Outer & Shaft Fault (Centerally bent) 50 Trial 4.csv,Fault data split 50/Bearing (2) Outer & Shaft Fault (Centerally bent) 50 Trial 4.csv,1,35,4,64000,8b972ebd09053a74d630de95be61047ab83488925a13ac8cfad35b6485131ee2,10/4/2022 11:47:54 AM
Bearing (2) Outer & Shaft Fault (Centerally bent) 50 Trial 5.csv,Fault data split 50/Bearing (2) Outer & Shaft Fault (Centerally bent) 50 Trial 5.csv,1,35,5,64000,05b85a442f81a75df0c74573ddc2354c9e4415b473abad8065f2111993a3aacc,10/4/2022 11:48:08 AM
Bearing (2) Outer & Shaft Fault (Centerally bent) 50 Trial 6.csv,Fault data split 50/Bearing (2) Outer & Shaft Fault (Centerally bent) 50 Trial 6.csv,1,35,6,64000,2f2398de105d98f40c6a7c9e47f09dc12462ac83d94f433533381d3654bafdd9,10/4/2022 11:48:23 AM
Bearing (2) Outer & Shaft Fault (Centerally bent) 50 Trial 7.csv,Fault data split 50/Bearing (2) Outer & Shaft Fault (Centerally bent) 50 Trial 7.csv,1,35,7,64000,044c2fe9ce731b7d218381c57a6a5535288bd52a2345ddaa6d9d058a2035ca60,10/4/2022 11:48:37 AM
Bearing (2) Outer & Shaft Fault (Centerally bent) 50 Trial 8.csv,Fault data split 50/Bearing (2) Outer & Shaft Fault (Centerally bent) 50 Trial 8.csv,1,35,8,64000,e2e41d02939aad6cb0c3ff36603d20b532bd70e3ebd767ceee4dc5cfd803fd8f,10/4/2022 11:48:57 AM
Bearing (2) Outer & Shaft Fault (Centerally bent) 50 Trial 9.csv,Fault data split 50/Bearing (2) Outer & Shaft Fault (Centerally bent) 50 Trial 9.csv,1,35,9,64000,f9ca55c863bddfd52570dcbd46014d1f231c9e3940b9421ac86f294a7bd37c45,10/4/2022 11:49:11 AM
Bearing (2) Outer 50 Trial 1.csv,Fault data split 50/Bearing (2) Outer 50 Trial 1.csv,1,32,1,64000,a08d769fd148e952a4d1cc41574f6d3430c17ebad376e23e909e49839a3cb24f,10/25/2022 12:31:00 PM
Bearing (2) Outer 50 Trial 10.csv,Fault data split 50/Bearing (2) Outer 50 Trial 10.csv,1,32,10,64000,b707de089f76df2a055ff9800a5c198086d8d1db5850b9c593beccc4cf1128c1,10/25/2022 12:33:27 PM
Bearing (2) Outer 50 Trial 11.csv,Fault data split 50/Bearing (2) Outer 50 Trial 11.csv,1,32,11,64000,0c248bbaa442d6234e5605b786f0d820445a47a3ca5ebaa58d7fde9191ae959e,10/25/2022 12:33:41 PM
Bearing (2) Outer 50 Trial 12.csv,Fault data split 50/Bearing (2) Outer 50 Trial 12.csv,1,32,12,64000,7f0f70d9fde80b41a4589255c90e9e251fb6a6cd68e1f5858957a420bd6b8e9a,10/25/2022 12:33:55 PM
Bearing (2) Outer 50 Trial 13.csv,Fault data split 50/Bearing (2) Outer 50 Trial 13.csv,1,32,13,64000,8b42fd8c7a641dfa89b5912a560a07296d0f49ca0e39975ecbd8120e1e633151,10/25/2022 12:34:10 PM
Bearing (2) Outer 50 Trial 14.csv,Fault data split 50/Bearing (2) Outer 50 Trial 14.csv,1,32,14,64000,4acfbac58dd25ad8c65efeac993d4e353dd6141d235d646e76fb23ab5df52890,10/25/2022 12:34:26 PM
Bearing (2) Outer 50 Trial 15.csv,Fault data split 50/Bearing (2) Outer 50 Trial 15.csv,1,32,15,64000,3ab34e9be92e8716b75ef2d0689bd03c0a57cd61cf03937ff3af2211a55d4770,10/25/2022 12:34:40 PM
Bearing (2) Outer 50 Trial 16.csv,Fault data split 50/Bearing (2) Outer 50 Trial 16.csv,1,32,16,64000,7f3e8e688ce9d7abd7a8f1674a0d59fddaf560f34fa5e4b898983ae4e12a2e8a,10/25/2022 12:34:55 PM
Bearing (2) Outer 50 Trial 17.csv,Fault data split 50/Bearing (2) Outer 50 Trial 17.csv,1,32,17,64000,e77a2222ac3e9e5ce16687b7aebe60918ba3fdc23be72b910c1f8e6b63049e2c,10/25/2022 12:35:10 PM
Bearing (2) Outer 50 Trial 18.csv,Fault data split 50/Bearing (2) Outer 50 Trial 18.csv,1,32,18,64000,2322ae34a557886572d16e45dc785eb83e1110a561157629f9dedb8b89875171,10/25/2022 12:35:27 PM
Bearing (2) Outer 50 Trial 19.csv,Fault data split 50/Bearing (2) Outer 50 Trial 19.csv,1,32,19,64000,d650a76a973349f145d59cac091c9c829ccea487dad9f8d40d60534772d6ae71,10/25/2022 12:35:42 PM
Bearing (2) Outer 50 Trial 2.csv,Fault data split 50/Bearing (2) Outer 50 Trial 2.csv,1,32,2,64000,d7dc619cb01df93e874b8c736c67dd89833471896f44725fa4cab78cbb5e46d8,10/25/2022 12:31:22 PM
Bearing (2) Outer 50 Trial 20.csv,Fault data split 50/Bearing (2) Outer 50 Trial 20.csv,1,32,20,64000,1b876e5fe38cf89254b28b803f1a46fbb928f53313ef2100ef9bf6e6c37b9c0a,10/25/2022 12:36:00 PM
Bearing (2) Outer 50 Trial 21.csv,Fault data split 50/Bearing (2) Outer 50 Trial 21.csv,1,32,21,64000,1efdf8daa0bf6b0834103b3a62e48deba221621c4bc8dc80252597822cdaa95d,10/25/2022 12:36:15 PM
Bearing (2) Outer 50 Trial 22.csv,Fault data split 50/Bearing (2) Outer 50 Trial 22.csv,1,32,22,64000,bc4187c1aff27694016bfa1a6e928fbc46ae8b9b05a79b12d76b8d5f4930cfb6,10/25/2022 12:36:33 PM
Bearing (2) Outer 50 Trial 23.csv,Fault data split 50/Bearing (2) Outer 50 Trial 23.csv,1,32,23,64000,a2125acb16692ce883abf0934f74aa20bc2458ebce1f592cb5c2d25a8a286daf,10/25/2022 12:36:50 PM
Bearing (2) Outer 50 Trial 24.csv,Fault data split 50/Bearing (2) Outer 50 Trial 24.csv,1,32,24,64000,874404644a9c74084f7b5462c806cffe00407589792f3834a95065938f38f5d0,10/25/2022 12:37:08 PM
Bearing (2) Outer 50 Trial 25.csv,Fault data split 50/Bearing (2) Outer 50 Trial 25.csv,1,32,25,64000,02da195426c80f935f44b6bbe3a37ea85b35d27cf7ee56ce90f95c83aaa385d2,10/25/2022 12:37:24 PM
Bearing (2) Outer 50 Trial 3.csv,Fault data split 50/Bearing (2) Outer 50 Trial 3.csv,1,32,3,64000,a81b4bf4cbf09c127b9aed52f7ab1275f1142206055594182fb55fb8b481d437,10/25/2022 12:31:37 PM
Bearing (2) Outer 50 Trial 4.csv,Fault data split 50/Bearing (2) Outer 50 Trial 4.csv,1,32,4,64000,731e77ef91785bed4924c6691fc9106b8a20a9631561f1d26190dece7ae3def2,10/25/2022 12:31:53 PM
Bearing (2) Outer 50 Trial 5.csv,Fault data split 50/Bearing (2) Outer 50 Trial 5.csv,1,32,5,64000,bd5a52d30a517e280e4aaca178fdce8ebefc2e96bbd83cdc3403eeb1023c1f61,10/25/2022 12:32:10 PM
Bearing (2) Outer 50 Trial 6.csv,Fault data split 50/Bearing (2) Outer 50 Trial 6.csv,1,32,6,64000,7e980ec4c14b5ae995317579027d8b4afe9a692b4237b823a25805c4900373d7,10/25/2022 12:32:26 PM
Bearing (2) Outer 50 Trial 7.csv,Fault data split 50/Bearing (2) Outer 50 Trial 7.csv,1,32,7,64000,2b822aaf546045bba9ea8a966261aec78ada4572120dddb084c6f04a17ab7201,10/25/2022 12:32:41 PM
Bearing (2) Outer 50 Trial 8.csv,Fault data split 50/Bearing (2) Outer 50 Trial 8.csv,1,32,8,64000,ba674dffd7beb393c6e3f6d908a4aa20fad9c2bc92569fde97d46ea27a707530,10/25/2022 12:32:57 PM
Bearing (2) Outer 50 Trial 9.csv,Fault data split 50/Bearing (2) Outer 50 Trial 9.csv,1,32,9,64000,5d34b99e3b62a9723d31a58693ee73bd21de2e1fd315ed1ad44153cb880d52c7,10/25/2022 12:33:13 PM
No Fault 50 Trial 1.csv,Fault data split 50/No Fault 50 Trial 1.csv,0,37,1,64000,625ad7ecfdc5a09458368d484fdf0e5c14ba96e402779cbe7ca85b64a2de25c6,9/20/2022 10:58:25 AM
No Fault 50 Trial 10.csv,Fault data split 50/No Fault 50 Trial 10.csv,0,37,10,64000,170f6cdb14a6334a7d8b17fd8602375530eb76727e7f82881e77843411526b24,9/20/2022 11:00:44 AM
No Fault 50 Trial 11.csv,Fault data split 50/No Fault 50 Trial 11.csv,0,37,11,64000,c7029ea8668cc93d00eeaee60f29fc5af0919fbee8ba0d166000b6c5a186b418,9/20/2022 11:00:58 AM
No Fault 50 Trial 12.csv,Fault data split 50/No Fault 50 Trial 12.csv,0,37,12,64000,91de30381d3a6c0d1a6d0762125dea50b78ca8cdfd6c9fb4c61fd300136f3a5d,9/20/2022 11:01:29 AM
No Fault 50 Trial 13.csv,Fault data split 50/No Fault 50 Trial 13.csv,0,37,13,64000,05e6d78b7c7a662d1ce06645d850f536368b4a42fc8cf682638031f3646d49bf,9/20/2022 11:01:55 AM
No Fault 50 Trial 14.csv,Fault data split 50/No Fault 50 Trial 14.csv,0,37,14,64000,8e71e3c8ccd14e42fe46d93cee2405552af1491f28ae33ed653387e9e67d73e0,9/20/2022 11:02:12 AM
No Fault 50 Trial 15.csv,Fault data split 50/No Fault 50 Trial 15.csv,0,37,15,64000,c30fa1600cbd3659c6408add8d651da6a41b7bfc9329a99af9df527254d3fac7,9/20/2022 11:02:26 AM
No Fault 50 Trial 16.csv,Fault data split 50/No Fault 50 Trial 16.csv,0,37,16,64000,34f5ea6ee299486d80815991caed95e53cae9f809e77efac69cd4fca16a38f7d,9/20/2022 11:02:43 AM
No Fault 50 Trial 17.csv,Fault data split 50/No Fault 50 Trial 17.csv,0,37,17,64000,5f51fc1d932c2318287ba01919c0beecb87c789475be0835845868ca2db2a503,9/20/2022 11:02:58 AM
No Fault 50 Trial 18.csv,Fault data split 50/No Fault 50 Trial 18.csv,0,37,18,64000,d1ccef4ebaa78fa721a2bac37339480564d71d7c02d9763d5fbb0661756ecd68,9/20/2022 11:03:18 AM
No Fault 50 Trial 19.csv,Fault data split 50/No Fault 50 Trial 19.csv,0,37,19,64000,f9155d455548cc037b49406f8eb68da42aa75c343661b9af06318b2a1c315d17,9/20/2022 11:03:32 AM
No Fault 50 Trial 2.csv,Fault data split 50/No Fault 50 Trial 2.csv,0,37,2,64000,9661b0bdb55489ab571c10ef96be88d97070fbe382a5e3b6f5875766bdef4560,9/20/2022 10:58:45 AM
No Fault 50 Trial 20.csv,Fault data split 50/No Fault 50 Trial 20.csv,0,37,20,64000,6bf4bd6873cff60478e0ee9cd9c49d5ec91902deff340567a0124d94e432c4ea,9/20/2022 11:03:47 AM
No Fault 50 Trial 21.csv,Fault data split 50/No Fault 50 Trial 21.csv,0,37,21,64000,1ff4a1ede6ec3ad9cd0e5ce5e1a886b5f552a33509f293688d6aca402912002b,9/20/2022 11:04:02 AM
No Fault 50 Trial 22.csv,Fault data split 50/No Fault 50 Trial 22.csv,0,37,22,64000,eb0030d544a37c0a3f697e83bb37163b90abb709d620fadbf4c1282a3c8c5bcf,9/20/2022 11:04:16 AM
No Fault 50 Trial 23.csv,Fault data split 50/No Fault 50 Trial 23.csv,0,37,23,64000,b8cc0ea2a1209519ffc791823f1ab6458880587c09508041ef8b43bf46199b69,9/20/2022 11:04:36 AM
No Fault 50 Trial 24.csv,Fault data split 50/No Fault 50 Trial 24.csv,0,37,24,64000,683f976f94c6974a62c2a5ea2d98eb5b9c3d453fd96db5721dd31bc9aa831664,9/20/2022 11:04:53 AM
No Fault 50 Trial 25.csv,Fault data split 50/No Fault 50 Trial 25.csv,0,37,25,64000,92aedd01eb604e484c67b2ad8d92e96d4f45df8eea78899202690b89ee736c91,9/20/2022 11:05:09 AM
No Fault 50 Trial 3.csv,Fault data split 50/No Fault 50 Trial 3.csv,0,37,3,64000,81b836571f26a6cae8f7a1c541faf8706173de4fcd94bfa18abc28fd8e400c83,9/20/2022 10:58:59 AM
No Fault 50 Trial 4.csv,Fault data split 50/No Fault 50 Trial 4.csv,0,37,4,64000,30cdadd9fe7b683c594c4cf08dc7788bbc371e8c924db9052db67b9329ab5d3c,9/20/2022 10:59:13 AM
No Fault 50 Trial 5.csv,Fault data split 50/No Fault 50 Trial 5.csv,0,37,5,64000,0583b5e9434b64df6339cb79cbad415c186208acbc497ef32b470ad3aeaa7911,9/20/2022 10:59:27 AM
No Fault 50 Trial 6.csv,Fault data split 50/No Fault 50 Trial 6.csv,0,37,6,64000,73eb7cc0bd34a94cac7b8e55e2a245d5f4499f43dfe2b705c4ab1bd268ffc6b0,9/20/2022 10:59:43 AM
No Fault 50 Trial 7.csv,Fault data split 50/No Fault 50 Trial 7.csv,0,37,7,64000,459654a3a6390cbb96c83a35903bac91edf73fd7484f65358e39f9db58059f54,9/20/2022 10:59:59 AM
No Fault 50 Trial 8.csv,Fault data split 50/No Fault 50 Trial 8.csv,0,37,8,64000,f1544646c239a5d0e82ce87b36e5908d5bbc06495f88ae33db4113d018eff2b1,9/20/2022 11:00:14 AM
No Fault 50 Trial 9.csv,Fault data split 50/No Fault 50 Trial 9.csv,0,37,9,64000,c955b66dda3cf16fdcb3b53cead007b51c18aa7b2870e1b7803983ac18f6645f,9/20/2022 11:00:29 AM
Shaft Fault ( Centerally Bent) 50 Trial 1.csv,Fault data split 50/Shaft Fault ( Centerally Bent) 50 Trial 1.csv,1,38,1,64000,5744345f2b8f4e44b37e7cdcf6951db18bb7d1c15808cf8e64dccaa79ba135f1,9/29/2022 12:08:05 PM
Shaft Fault ( Centerally Bent) 50 Trial 10.csv,Fault data split 50/Shaft Fault ( Centerally Bent) 50 Trial 10.csv,1,38,10,64000,7088fd270f558b5d94c55b3a2a8f388904c6f566b57a815ec184916673d6adcc,9/29/2022 12:10:22 PM
Shaft Fault ( Centerally Bent) 50 Trial 11.csv,Fault data split 50/Shaft Fault ( Centerally Bent) 50 Trial 11.csv,1,38,11,64000,6cb4957cdcbc279d6a677f49efc8d82d4368ed49a346d15d95d3da50d43c4ee3,9/29/2022 12:10:37 PM
Shaft Fault ( Centerally Bent) 50 Trial 12.csv,Fault data split 50/Shaft Fault ( Centerally Bent) 50 Trial 12.csv,1,38,12,64000,a4a2a1bc2eb098b69b93da2a8919d650772d8b1181f402a737244df379cc2aa5,9/29/2022 12:10:50 PM
Shaft Fault ( Centerally Bent) 50 Trial 13.csv,Fault data split 50/Shaft Fault ( Centerally Bent) 50 Trial 13.csv,1,38,13,64000,7ba15e862e559d6545165d77ed9e40a4cc163b95ab2ff5fa21f6f4ff69e40da2,9/29/2022 12:11:04 PM
Shaft Fault ( Centerally Bent) 50 Trial 14.csv,Fault data split 50/Shaft Fault ( Centerally Bent) 50 Trial 14.csv,1,38,14,64000,ccd37b42280ef0ebb65b9618d652b8cf71703483b5a1043b474fa564166fd291,9/29/2022 12:11:18 PM
Shaft Fault ( Centerally Bent) 50 Trial 15.csv,Fault data split 50/Shaft Fault ( Centerally Bent) 50 Trial 15.csv,1,38,15,64000,37ca476bd6ae9cbb7d0119204dec3aabf2b79dc5222f24403944c08a3dd25b8b,9/29/2022 12:11:33 PM
Shaft Fault ( Centerally Bent) 50 Trial 16.csv,Fault data split 50/Shaft Fault ( Centerally Bent) 50 Trial 16.csv,1,38,16,64000,66ecd77c18056b400ccb8eb7014d6a6ffbb3646718d1789f35675f9bcb5f277e,9/29/2022 12:11:47 PM
Shaft Fault ( Centerally Bent) 50 Trial 17.csv,Fault data split 50/Shaft Fault ( Centerally Bent) 50 Trial 17.csv,1,38,17,64000,6e26b78f72b16f2c53b0453d30dcab7405eb8a2a6aa0ed845b6f1b85ec80bc23,9/29/2022 12:12:01 PM
Shaft Fault ( Centerally Bent) 50 Trial 18.csv,Fault data split 50/Shaft Fault ( Centerally Bent) 50 Trial 18.csv,1,38,18,64000,cdacaf96ba74d0346718e79115ee05727ca5903505a81cd8213774c5559f4875,9/29/2022 12:12:16 PM
Shaft Fault ( Centerally Bent) 50 Trial 19.csv,Fault data split 50/Shaft Fault ( Centerally Bent) 50 Trial 19.csv,1,38,19,64000,4d386883c83c6091f196ffedb763b9a6795239a7828d4b197316af2569e091a4,9/29/2022 12:12:30 PM
Shaft Fault ( Centerally Bent) 50 Trial 2.csv,Fault data split 50/Shaft Fault ( Centerally Bent) 50 Trial 2.csv,1,38,2,64000,c6f360d8147f21b2d2496cd96342277bc7087c365c9b570431b9598544bb5830,9/29/2022 12:08:18 PM
Shaft Fault ( Centerally Bent) 50 Trial 20.csv,Fault data split 50/Shaft Fault ( Centerally Bent) 50 Trial 20.csv,1,38,20,64000,f3eb11b018cfca3373f5dbb76ac639e9733ede0e6ad977918df875899c1dc5d4,9/29/2022 12:12:45 PM
Shaft Fault ( Centerally Bent) 50 Trial 21.csv,Fault data split 50/Shaft Fault ( Centerally Bent) 50 Trial 21.csv,1,38,21,64000,5f1a8525156de20e18057694ba547280c797acbfc8893ba84bb1f5f2be4487f1,9/29/2022 12:13:00 PM
Shaft Fault ( Centerally Bent) 50 Trial 22.csv,Fault data split 50/Shaft Fault ( Centerally Bent) 50 Trial 22.csv,1,38,22,64000,8bf916f069cdafcb5fda28150f7b7911a2b72cb2e6a4d394d4a2f5807ad50924,9/29/2022 12:13:28 PM
Shaft Fault ( Centerally Bent) 50 Trial 23.csv,Fault data split 50/Shaft Fault ( Centerally Bent) 50 Trial 23.csv,1,38,23,64000,014303dedab66cd2f21b1b26f4022eb86d6a3a2313c95a0c765c2758ab862e1a,9/29/2022 12:13:43 PM
Shaft Fault ( Centerally Bent) 50 Trial 24.csv,Fault data split 50/Shaft Fault ( Centerally Bent) 50 Trial 24.csv,1,38,24,64000,ae8340d0164a513777e782fd9c27d480b83d749108c26213ae1f0f7eec74c7b6,9/29/2022 12:14:00 PM
Shaft Fault ( Centerally Bent) 50 Trial 25.csv,Fault data split 50/Shaft Fault ( Centerally Bent) 50 Trial 25.csv,1,38,25,64000,c0f3a53cf6a8bf9b5f2214c9e4609850b33e9ce8cda60b8929984068139c20db,9/29/2022 12:14:16 PM
Shaft Fault ( Centerally Bent) 50 Trial 3.csv,Fault data split 50/Shaft Fault ( Centerally Bent) 50 Trial 3.csv,1,38,3,64000,31a0bf6e5cc496a5620a038d689880ecaadfda1d66745481911520ad8248df36,9/29/2022 12:08:33 PM
Shaft Fault ( Centerally Bent) 50 Trial 4.csv,Fault data split 50/Shaft Fault ( Centerally Bent) 50 Trial 4.csv,1,38,4,64000,da9022f0e189c2afddaeb8ce4bed15586314bf8f63e80f5e9970032da63f6613,9/29/2022 12:08:46 PM
Shaft Fault ( Centerally Bent) 50 Trial 5.csv,Fault data split 50/Shaft Fault ( Centerally Bent) 50 Trial 5.csv,1,38,5,64000,96a9c86f6def4bc47a3e8cc94828db9a9dac7705d4779e9d1beccb8043c45977,9/29/2022 12:09:03 PM
Shaft Fault ( Centerally Bent) 50 Trial 6.csv,Fault data split 50/Shaft Fault ( Centerally Bent) 50 Trial 6.csv,1,38,6,64000,824848cd3fdcfcaf303e2c673888b644e9b763293ae76ce9227216b01d94655d,9/29/2022 12:09:19 PM
Shaft Fault ( Centerally Bent) 50 Trial 7.csv,Fault data split 50/Shaft Fault ( Centerally Bent) 50 Trial 7.csv,1,38,7,64000,ed41d4e6c57ffcafb96bb136f32f41d59f085c6b9d21ee3b518ca3b639f8e51a,9/29/2022 12:09:36 PM
Shaft Fault ( Centerally Bent) 50 Trial 8.csv,Fault data split 50/Shaft Fault ( Centerally Bent) 50 Trial 8.csv,1,38,8,64000,c003f321007f0d7c43581cdffa0053fa1a639856f2077240359eecec6a0c47c0,9/29/2022 12:09:51 PM
Shaft Fault ( Centerally Bent) 50 Trial 9.csv,Fault data split 50/Shaft Fault ( Centerally Bent) 50 Trial 9.csv,1,38,9,64000,e58622cd7186226decb4b63c8d300761ee106329fdb6fe41d58aa20f7a3a9961,9/29/2022 12:10:05 PM
Shaft Fault ( Coupling End Bent) 50 Trial 1.csv,Fault data split 50/Shaft Fault ( Coupling End Bent) 50 Trial 1.csv,1,39,1,64000,7dedef6545202bb1072a54cbab13496f359bee88540d1242ed1d07cfcb85a523,9/23/2022 7:17:57 PM
Shaft Fault ( Coupling End Bent) 50 Trial 10.csv,Fault data split 50/Shaft Fault ( Coupling End Bent) 50 Trial 10.csv,1,39,10,64000,0f9ff2988b522a4a0c34e6dbfbca9252a5b451baa7f355739027cea5d6fa5c46,9/23/2022 7:20:20 PM
Shaft Fault ( Coupling End Bent) 50 Trial 11.csv,Fault data split 50/Shaft Fault ( Coupling End Bent) 50 Trial 11.csv,1,39,11,64000,d515457887d1e5f7685ebadbd153f7682f3e13f1a70b2512dc8795e66c62df80,9/23/2022 7:20:35 PM
Shaft Fault ( Coupling End Bent) 50 Trial 12.csv,Fault data split 50/Shaft Fault ( Coupling End Bent) 50 Trial 12.csv,1,39,12,64000,866b2f165f6449d65cfa4e23b930df44320eb93a8988f4c5a3d1350e28a49a80,9/23/2022 7:20:49 PM
Shaft Fault ( Coupling End Bent) 50 Trial 13.csv,Fault data split 50/Shaft Fault ( Coupling End Bent) 50 Trial 13.csv,1,39,13,64000,14eeb97046fa8b75ae563b212891a05efd7d33dd06293eb6a7d9bdcee9aaa247,9/23/2022 7:21:05 PM
Shaft Fault ( Coupling End Bent) 50 Trial 14.csv,Fault data split 50/Shaft Fault ( Coupling End Bent) 50 Trial 14.csv,1,39,14,64000,19cbb88f9da93587e76bbcc9db2b3e7c36a5c9fabac317bf69c0aac8aa49b9fb,9/23/2022 7:21:19 PM
Shaft Fault ( Coupling End Bent) 50 Trial 15.csv,Fault data split 50/Shaft Fault ( Coupling End Bent) 50 Trial 15.csv,1,39,15,64000,9d42b6e79d23d9b8f5febdb562c362c84f694a568ff95ebd2bb702e0cfd088ed,9/23/2022 7:21:34 PM
Shaft Fault ( Coupling End Bent) 50 Trial 16.csv,Fault data split 50/Shaft Fault ( Coupling End Bent) 50 Trial 16.csv,1,39,16,64000,aed8f0dd52f54bf43695e14bba8417fac8914a9c87162b4c0eb008585598fc7f,9/23/2022 7:21:50 PM
Shaft Fault ( Coupling End Bent) 50 Trial 17.csv,Fault data split 50/Shaft Fault ( Coupling End Bent) 50 Trial 17.csv,1,39,17,64000,62c1f002118638f4ec97bb0465a6679a53e31dec858c044b389f4dce9b10889c,9/23/2022 7:22:07 PM
Shaft Fault ( Coupling End Bent) 50 Trial 18.csv,Fault data split 50/Shaft Fault ( Coupling End Bent) 50 Trial 18.csv,1,39,18,64000,1848f077050acc8b0373deaa57835732a0e8d086bb91215e9b85654b6f68c0a5,9/23/2022 7:22:21 PM
Shaft Fault ( Coupling End Bent) 50 Trial 19.csv,Fault data split 50/Shaft Fault ( Coupling End Bent) 50 Trial 19.csv,1,39,19,64000,3369ff94065f04f1be8a0b845d0993c9af460af0a2acaf0a623f2ee6247f6e6c,9/23/2022 7:22:37 PM
Shaft Fault ( Coupling End Bent) 50 Trial 2.csv,Fault data split 50/Shaft Fault ( Coupling End Bent) 50 Trial 2.csv,1,39,2,64000,2c9413e36080b2ef6e926a2a0605025800ba1c6b89cc54f34e8fecde3d5e287d,9/23/2022 7:18:12 PM
Shaft Fault ( Coupling End Bent) 50 Trial 20.csv,Fault data split 50/Shaft Fault ( Coupling End Bent) 50 Trial 20.csv,1,39,20,64000,f6469358cc5e07709da0ff345c603c6a3805c7b9848dab637ec9bd798e82b046,9/23/2022 7:22:51 PM
Shaft Fault ( Coupling End Bent) 50 Trial 21.csv,Fault data split 50/Shaft Fault ( Coupling End Bent) 50 Trial 21.csv,1,39,21,64000,84329f10e78cae7cdd72c76a4649bcde3a5f2c7472b90752396c3e4b65ec0d3f,9/23/2022 7:23:10 PM
Shaft Fault ( Coupling End Bent) 50 Trial 22.csv,Fault data split 50/Shaft Fault ( Coupling End Bent) 50 Trial 22.csv,1,39,22,64000,336bcb536dc1880ee06dceeb666023e5710d3e254d03cf54ac569084e5cff125,9/23/2022 7:23:24 PM
Shaft Fault ( Coupling End Bent) 50 Trial 23.csv,Fault data split 50/Shaft Fault ( Coupling End Bent) 50 Trial 23.csv,1,39,23,64000,6c5d347de979ce62a6254e8ed37e59fb916149b1cf411385cbfe33840c8cf497,9/23/2022 7:23:39 PM
Shaft Fault ( Coupling End Bent) 50 Trial 24.csv,Fault data split 50/Shaft Fault ( Coupling End Bent) 50 Trial 24.csv,1,39,24,64000,69c2bcabd730459ecae1f8d09b5f5d1e9e86080460db8278113d3f62ad0c4f33,9/23/2022 7:23:54 PM
Shaft Fault ( Coupling End Bent) 50 Trial 25.csv,Fault data split 50/Shaft Fault ( Coupling End Bent) 50 Trial 25.csv,1,39,25,64000,2aa4b586c24d12317b6cf760170d09cc5b5c4dc38669104c5a821c7f62aa1d98,9/23/2022 7:24:10 PM
Shaft Fault ( Coupling End Bent) 50 Trial 3.csv,Fault data split 50/Shaft Fault ( Coupling End Bent) 50 Trial 3.csv,1,39,3,64000,3f7fa02826eda75a4250b3977ea89ed44e9d7cb9ed45569cc8ebb9d7adf30b56,9/23/2022 7:18:28 PM
Shaft Fault ( Coupling End Bent) 50 Trial 4.csv,Fault data split 50/Shaft Fault ( Coupling End Bent) 50 Trial 4.csv,1,39,4,64000,c11dc3d1b496d66252df967a6a7d6b46fa7a8003fe01281834eda9f7fa4e0347,9/23/2022 7:18:43 PM
Shaft Fault ( Coupling End Bent) 50 Trial 5.csv,Fault data split 50/Shaft Fault ( Coupling End Bent) 50 Trial 5.csv,1,39,5,64000,4ed6fc6cfe4c8e92d1813d6b74adff3e8eb84a9ab7bedc2935457c82632d0ad2,9/23/2022 7:19:00 PM
Shaft Fault ( Coupling End Bent) 50 Trial 6.csv,Fault data split 50/Shaft Fault ( Coupling End Bent) 50 Trial 6.csv,1,39,6,64000,745414641d67429f1e595451a104f69345b3458c20d4897d3fce9923428e7b01,9/23/2022 7:19:21 PM
Shaft Fault ( Coupling End Bent) 50 Trial 7.csv,Fault data split 50/Shaft Fault ( Coupling End Bent) 50 Trial 7.csv,1,39,7,64000,e20b783e01bb7b965048d28ec42d20e934469113a0e06d81d99ed038a213fab7,9/23/2022 7:19:36 PM
Shaft Fault ( Coupling End Bent) 50 Trial 8.csv,Fault data split 50/Shaft Fault ( Coupling End Bent) 50 Trial 8.csv,1,39,8,64000,5372b632bb5efaee534a2365a8e55661df88bfe10c948f93a6a44ae3b71cd748,9/23/2022 7:19:50 PM
Shaft Fault ( Coupling End Bent) 50 Trial 9.csv,Fault data split 50/Shaft Fault ( Coupling End Bent) 50 Trial 9.csv,1,39,9,64000,aa1ea2b9b59788a18779850384f9ae138fc3d27616f6894bbc54ac88175b2f73,9/23/2022 7:20:06 PM
