filename,archive_member,fault_detected,fault_category,trial,samples,sha256,acquisition_timestamp
Bearing (1) Ball & Bearing (2) Combination 75 Trial 1.csv,Fault data split 75/Bearing (1) Ball & Bearing (2) Combination 75 Trial 1.csv,1,1,1,64000,a52e2b04b5031dae22c11595406b54ae1367c49f46a08bd6ff0e0588854b1044,9/10/2022 3:31:17 PM
Bearing (1) Ball & Bearing (2) Combination 75 Trial 10.csv,Fault data split 75/Bearing (1) Ball & Bearing (2) Combination 75 Trial 10.csv,1,1,10,64000,15a912936ccef9143516aed3b29049c3bd770d68da8c458eaa586d7166f72df9,9/10/2022 3:33:56 PM
Bearing (1) Ball & Bearing (2) Combination 75 Trial 11.csv,Fault data split 75/Bearing (1) Ball & Bearing (2) Combination 75 Trial 11.csv,1,1,11,64000,17d47238c1194768b684915d700f0f8bfa1b28d9477ffdccb4078da4cef4cbaa,9/10/2022 3:34:13 PM
Bearing (1) Ball & Bearing (2) Combination 75 Trial 12.csv,Fault data split 75/Bearing (1) Ball & Bearing (2) Combination 75 Trial 12.csv,1,1,12,64000,ddddad040f438c25ab82ef476b1acb8f28357354ce478aa10f1232ca3519b09b,9/10/2022 3:34:27 PM
Bearing (1) Ball & Bearing (2) Combination 75 Trial 13.csv,Fault data split 75/Bearing (1) Ball & Bearing (2) Combination 75 Trial 13.csv,1,1,13,64000,f390ca54faab738ecf3dc986ceb05a4195267096aea290e258e53e35f0a34be6,9/10/2022 3:34:44 PM
Bearing (1) Ball & Bearing (2) Combination 75 Trial 14.csv,Fault data split 75/Bearing (1) Ball & Bearing (2) Combination 75 Trial 14.csv,1,1,14,64000,dbc26963096e3ed398a307783531a13bbf30d98741aec619252841830517688f,9/10/2022 3:34:58 PM
Bearing (1) Ball & Bearing (2) Combination 75 Trial 15.csv,Fault data split 75/Bearing (1) Ball & Bearing (2) Combination 75 Trial 15.csv,1,1,15,64000,affc8cecc559b69b96a9d8d060d34d6e3e61e6ea1b105daa2b2ff4e1d75f9343,9/10/2022 3:35:14 PM
Bearing (1) Ball & Bearing (2) Combination 75 Trial 16.csv,Fault data split 75/Bearing (1) Ball & Bearing (2) Combination 75 Trial 16.csv,1,1,16,64000,9875017bb57b5fdb6f58f45549d1b886a76be2f69e2073f3797fc68040529a1e,9/10/2022 3:35:30 PM
Bearing (1) Ball & Bearing (2) Combination 75 Trial 17.csv,Fault data split 75/Bearing (1) Ball & Bearing (2) Combination 75 Trial 17.csv,1,1,17,64000,4df06c50d327a50c7610c4b68be82d4a7e4dcf3377b3736891847d3dc6fa9ad4,9/10/2022 3:35:47 PM
Bearing (1) Ball & Bearing (2) Combination 75 Trial 18.csv,Fault data split 75/Bearing (1) Ball & Bearing (2) Combination 75 Trial 18.csv,1,1,18,64000,22b7b9862068c2709f9c31329c22bfcb6bc5d5cd60274677c31d3d3cb2867d14,9/10/2022 3:36:04 PM
Bearing (1) Ball & Bearing (2) Combination 75 Trial 19.csv,Fault data split 75/Bearing (1) Ball & Bearing (2) Combination 75 Trial 19.csv,1,1,19,64000,8878e7aad5db8faf51665ff7420320f0ba89611fbb0979bc885e489a96fb55ae,9/10/2022 3:36:21 PM
Bearing (1) Ball & Bearing (2) Combination 75 Trial 2.csv,Fault data split 75/Bearing (1) Ball & Bearing (2) Combination 75 Trial 2.csv,1,1,2,64000,4c890fa2d0ec68379f379fef653c4941e8019386a7fa242df2a6c7dbe88936b0,9/10/2022 3:31:46 PM
Bearing (1) Ball & Bearing (2) Combination 75 Trial 20.csv,Fault data split 75/Bearing (1) Ball & Bearing (2) Combination 75 Trial 20.csv,1,1,20,64000,f642008d2c188a967fbff8d3ffcb37f8828cbf274610ce3691d066f25ebacd8f,9/10/2022 3:36:38 PM
Bearing (1) Ball & Bearing (2) Combination 75 Trial 21.csv,Fault data split 75/Bearing (1) Ball & Bearing (2) Combination 75 Trial 21.csv,1,1,21,64000,e9ccad1406494455832ad0f3fa947dc90690792e00e6debb5f2a95c7346b0cf7,9/10/2022 3:36:56 PM
Bearing (1) Ball & Bearing (2) Combination 75 Trial 22.csv,Fault data split 75/Bearing (1) Ball & Bearing (2) Combination 75 Trial 22.csv,1,1,22,64000,4c448a83c9971f8dc22550eb5fa6be5a5bbd47287514405e33d8abba81f45300,9/10/2022 3:37:11 PM
Bearing (1) Ball & Bearing (2) Combination 75 Trial 23.csv,Fault data split 75/Bearing (1) Ball & Bearing (2) Combination 75 Trial 23.csv,1,1,23,64000,5966e3e9ac0f5448cb5e2c2e948c14632899a7be590fb714deb63a60f170dd50,9/10/2022 3:37:28 PM
Bearing (1) Ball & Bearing (2) Combination 75 Trial 24.csv,Fault data split 75/Bearing (1) Ball & Bearing (2) Combination 75 Trial 24.csv,1,1,24,64000,56733a075ad120be5834bc736fb700748c10befd7d35caa1b9b45278d8a64862,9/10/2022 3:37:45 PM
Bearing (1) Ball & Bearing (2) Combination 75 Trial 25.csv,Fault data split 75/Bearing (1) Ball & Bearing (2) Combination 75 Trial 25.csv,1,1,25,64000,6c5b06e8dd9877c2e2712cee0799f402444d1a65090286bc625fa2f725a73d06,9/10/2022 3:38:01 PM
Bearing (1) Ball & Bearing (2) Combination 75 Trial 3.csv,Fault data split 75/Bearing (1) Ball & Bearing (2) Combination 75 Trial 3.csv,1,1,3,64000,598b7b18069abeb2869baeec8255bce43705f2c976e98c24be820c900112ab79,9/10/2022 3:32:02 PM
Bearing (1) Ball & Bearing (2) Combination 75 Trial 4.csv,Fault data split 75/Bearing (1) Ball & Bearing (2) Combination 75 Trial 4.csv,1,1,4,64000,44ce56bb73dbfddbcb4f4e6597e70a96b67843a14719b1fa2e3d0c791fddfa01,9/10/2022 3:32:18 PM
Bearing (1) Ball & Bearing (2) Combination 75 Trial 5.csv,Fault data split 75/Bearing (1) Ball & Bearing (2) Combination 75 Trial 5.csv,1,1,5,64000,a7d99b027691f57971070040c7ae273d27ee763e89a3beae8459d2550be84a9c,9/10/2022 3:32:35 PM
Bearing (1) Ball & Bearing (2) Combination 75 Trial 6.csv,Fault data split 75/Bearing (1) Ball & Bearing (2) Combination 75 Trial 6.csv,1,1,6,64000,32d0603c7fedd0e476929acc42bc494157c37ec036afb97117976cb7aabe89ff,9/10/2022 3:32:50 PM
Bearing (1) Ball & Bearing (2) Combination 75 Trial 7.csv,Fault data split 75/Bearing (1) Ball & Bearing (2) Combination 75 Trial 7.csv,1,1,7,64000,a6844383ce484d8ea9f6c5083c805429a5dd7d7239acc4d58c23a8c4434c938d,9/10/2022 3:33:05 PM
Bearing (1) Ball & Bearing (2) Combination 75 Trial 8.csv,Fault data split 75/Bearing (1) Ball & Bearing (2) Combination 75 Trial 8.csv,1,1,8,64000,175c89c551b9a9ce7b61b573030c5030202563f74edb6e6ec5ae5e17fecc53ec,9/10/2022 3:33:21 PM
Bearing (1) Ball & Bearing (2) Combination 75 Trial 9.csv,Fault data split 75/Bearing (1) Ball & Bearing (2) Combination 75 Trial 9.csv,1,1,9,64000,ea22f1e9ebb186f8cfbdd22370064c51c3373a12dfc560f546425ad3aca9e1a0,9/10/2022 3:33:39 PM
Bearing (1) Ball & Bearing (2) Inner 75 Trial 1.csv,Fault data split 75/Bearing (1) Ball & Bearing (2) Inner 75 Trial 1.csv,1,2,1,64000,c8827910657a6825ffe31d5e4aa2f7674781c1b8a9a562ccb85c3f6ed8f46eaa,9/10/2022 3:10:12 PM
Bearing (1) Ball & Bearing (2) Inner 75 Trial 10.csv,Fault data split 75/Bearing (1) Ball & Bearing (2) Inner 75 Trial 10.csv,1,2,10,64000,7bc836067dd277a79e28eafbb4496ede50faf6ad3688b0f91e0a8abfac790f59,9/10/2022 3:12:48 PM
Bearing (1) Ball & Bearing (2) Inner 75 Trial 11.csv,Fault data split 75/Bearing (1) Ball & Bearing (2) Inner 75 Trial 11.csv,1,2,11,64000,d6136f19f930807545b60cd407f50ba1c3cc235edea00edbed9e8134c429ac34,9/10/2022 3:13:05 PM
Bearing (1) Ball & Bearing (2) Inner 75 Trial 12.csv,Fault data split 75/Bearing (1) Ball & Bearing (2) Inner 75 Trial 12.csv,1,2,12,64000,614d0a0b693cfea1f1cb264dff6c3b7a6642526f8e6f774889ead5ed4197be6f,9/10/2022 3:13:22 PM
Bearing (1) Ball & Bearing (2) Inner 75 Trial 13.csv,Fault data split 75/Bearing (1) Ball & Bearing (2) Inner 75 Trial 13.csv,1,2,13,64000,7f604ff00b9bccf7fdc13a5770f87b54964de865a531158cfbd8c30d9cdd993c,9/10/2022 3:13:37 PM
Bearing (1) Ball & Bearing (2) Inner 75 Trial 14.csv,Fault data split 75/Bearing (1) Ball & Bearing (2) Inner 75 Trial 14.csv,1,2,14,64000,59ce12524da1d843604023ad8f0e5652bc104bb79e22be916dfb8d3535df7763,9/10/2022 3:13:56 PM
Bearing (1) Ball & Bearing (2) Inner 75 Trial 15.csv,Fault data split 75/Bearing (1) Ball & Bearing (2) Inner 75 Trial 15.csv,1,2,15,64000,a486e13c248231280f03966c0c142eea5cf3ab2a68c6f005053bc94ccf9a7352,9/10/2022 3:14:11 PM
Bearing (1) Ball & Bearing (2) Inner 75 Trial 16.csv,Fault data split 75/Bearing (1) Ball & Bearing (2) Inner 75 Trial 16.csv,1,2,16,64000,133695672c66a0dc502ad653c3effe91c1334f39254afeba4cc4baa7eba4ea87,9/10/2022 3:14:39 PM
Bearing (1) Ball & Bearing (2) Inner 75 Trial 17.csv,Fault data split 75/Bearing (1) Ball & Bearing (2) Inner 75 Trial 17.csv,1,2,17,64000,c48c8aba03e8b817d084fbaa2b4de2931baf144d80868ac75e7d0d6a2f172208,9/10/2022 3:14:55 PM
Bearing (1) Ball & Bearing (2) Inner 75 Trial 18.csv,Fault data split 75/Bearing (1) Ball & Bearing (2) Inner 75 Trial 18.csv,1,2,18,64000,4240930b247bc2479979e1b3b2123a50c1bab3ef65b3ca035212d8a0cab01e30,9/10/2022 3:15:14 PM
Bearing (1) Ball & Bearing (2) Inner 75 Trial 19.csv,Fault data split 75/Bearing (1) Ball & Bearing (2) Inner 75 Trial 19.csv,1,2,19,64000,5ab51d34bf135e28d20868643985fa129380ecba3f7e683f81cb0d9e200fe08a,9/10/2022 3:15:29 PM
Bearing (1) Ball & Bearing (2) Inner 75 Trial 2.csv,Fault data split 75/Bearing (1) Ball & Bearing (2) Inner 75 Trial 2.csv,1,2,2,64000,495d4d1f9e6132bcdb019d7101d84d4e5cc53c300730447858ccd358a60621e6,9/10/2022 3:10:30 PM
Bearing (1) Ball & Bearing (2) Inner 75 Trial 20.csv,Fault data split 75/Bearing (1) Ball & Bearing (2) Inner 75 Trial 20.csv,1,2,20,64000,7af4198c11a9c92bad4c59fc3a7675dbd77cf64ad4fe5975e28b2eeda127128e,9/10/2022 3:15:45 PM
Bearing (1) Ball & Bearing (2) Inner 75 Trial 21.csv,Fault data split 75/Bearing (1) Ball & Bearing (2) Inner 75 Trial 21.csv,1,2,21,64000,67c538244efcdbfb70d48d53269377b2f327bb1ecdf1ee986c224ecfc27404af,9/10/2022 3:16:01 PM
Bearing (1) Ball & Bearing (2) Inner 75 Trial 22.csv,Fault data split 75/Bearing (1) Ball & Bearing (2) Inner 75 Trial 22.csv,1,2,22,64000,3885e0dfc72f48f6069c75cffdfd6b10b13500a73a5c8fc64c46118a15106fb7,9/10/2022 3:16:18 PM
Bearing (1) Ball & Bearing (2) Inner 75 Trial 23.csv,Fault data split 75/Bearing (1) Ball & Bearing (2) Inner 75 Trial 23.csv,1,2,23,64000,ab5e04fd93791058854755b3fc378089ff1aeac11bb4e5b4625eba2b6e1a09f0,9/10/2022 3:16:35 PM
Bearing (1) Ball & Bearing (2) Inner 75 Trial 24.csv,Fault data split 75/Bearing (1) Ball & Bearing (2) Inner 75 Trial 24.csv,1,2,24,64000,7015cedc1417c6df6ef136e1505e0e9bd85b2533ff4dcef5d7fd921ffc352bc2,9/10/2022 3:16:51 PM
Bearing (1) Ball & Bearing (2) Inner 75 Trial 25.csv,Fault data split 75/Bearing (1) Ball & Bearing (2) Inner 75 Trial 25.csv,1,2,25,64000,a0a812f45f5b7a0c995ff9c7c2e6e34043b6aa8850694d1bd0b3239d65d59fd5,9/10/2022 3:17:05 PM
Bearing (1) Ball & Bearing (2) Inner 75 Trial 3.csv,Fault data split 75/Bearing (1) Ball & Bearing (2) Inner 75 Trial 3.csv,1,2,3,64000,f7528390189a96ccbe185b2ac4e3b365fedc25ddd0395e48ee97457483f501a3,9/10/2022 3:10:47 PM
Bearing (1) Ball & Bearing (2) Inner 75 Trial 4.csv,Fault data split 75/Bearing (1) Ball & Bearing (2) Inner 75 Trial 4.csv,1,2,4,64000,d6fe217d8d12465c42ed9a5978d767e9d785f468df9c0b603741c4ea4b112d52,9/10/2022 3:11:08 PM
Bearing (1) Ball & Bearing (2) Inner 75 Trial 5.csv,Fault data split 75/Bearing (1) Ball & Bearing (2) Inner 75 Trial 5.csv,1,2,5,64000,430b9a65528e47835fc168ec4f7e8bb3646d9a84f80fabc1757731b6050b3818,9/10/2022 3:11:24 PM
Bearing (1) Ball & Bearing (2) Inner 75 Trial 6.csv,Fault data split 75/Bearing (1) Ball & Bearing (2) Inner 75 Trial 6.csv,1,2,6,64000,74b5f430a4e01f40bdd2984a14f5bb7140fdd229de219ef1877dd5fefd2b259a,9/10/2022 3:11:41 PM
Bearing (1) Ball & Bearing (2) Inner 75 Trial 7.csv,Fault data split 75/Bearing (1) Ball & Bearing (2) Inner 75 Trial 7.csv,1,2,7,64000,21b0021dc71d4c6f3529519697be284aeae3e3def51de9b01babaf7e5b3df24d,9/10/2022 3:11:58 PM
Bearing (1) Ball & Bearing (2) Inner 75 Trial 8.csv,Fault data split 75/Bearing (1) Ball & Bearing (2) Inner 75 Trial 8.csv,1,2,8,64000,8330dc79d7eeba010964d4324910d2613ae4be85680601f1f7a30b290e43ec9b,9/10/2022 3:12:14 PM
Bearing (1) Ball & Bearing (2) Inner 75 Trial 9.csv,Fault data split 75/Bearing (1) Ball & Bearing (2) Inner 75 Trial 9.csv,1,2,9,64000,e24ead00f3d4101bf55fce9deb6bf844ee94e3fab4140ab92a9a190cadbe0da9,9/10/2022 3:12:32 PM
Bearing (1) Ball & Bearing (2) Outer 75 Trial 1.csv,Fault data split 75/Bearing (1) Ball & Bearing (2) Outer 75 Trial 1.csv,1,3,1,64000,711c92795dd1d15c9c1ca9b1ade2528382a8a0bded85f1f10019b9a98b415286,9/6/2022 12:57:01 PM
Bearing (1) Ball & Bearing (2) Outer 75 Trial 10.csv,Fault data split 75/Bearing (1) Ball & Bearing (2) Outer 75 Trial 10.csv,1,3,10,64000,34f0a00888e25c9db244d4e93056e4587bb783dbcb6fc2c3397881afe4d314d3,9/6/2022 12:59:37 PM
Bearing (1) Ball & Bearing (2) Outer 75 Trial 11.csv,Fault data split 75/Bearing (1) Ball & Bearing (2) Outer 75 Trial 11.csv,1,3,11,64000,2714ef768ae87d6b25cc4995d581895d9d294db7191899ab5c9dcb1771d1f039,9/6/2022 12:59:55 PM
Bearing (1) Ball & Bearing (2) Outer 75 Trial 12.csv,Fault data split 75/Bearing (1) Ball & Bearing (2) Outer 75 Trial 12.csv,1,3,12,64000,693f5d0912b701c7064451b08ea3032ce4a8b2eafce88e5b69a0fceea786ae7d,9/6/2022 1:00:13 PM
Bearing (1) Ball & Bearing (2) Outer 75 Trial 13.csv,Fault data split 75/Bearing (1) Ball & Bearing (2) Outer 75 Trial 13.csv,1,3,13,64000,f7a8b9aa1a44e858eb10b27cd0a3046b92dd722ebd9b957b10315a65e68735a1,9/6/2022 1:00:30 PM
Bearing (1) Ball & Bearing (2) Outer 75 Trial 14.csv,Fault data split 75/Bearing (1) Ball & Bearing (2) Outer 75 Trial 14.csv,1,3,14,64000,35d13686b1f7144f91b5c06036161af65d864db8563a26cbfcf2d4316461af0b,9/6/2022 1:00:49 PM
Bearing (1) Ball & Bearing (2) Outer 75 Trial 15.csv,Fault data split 75/Bearing (1) Ball & Bearing (2) Outer 75 Trial 15.csv,1,3,15,64000,7ee60598a836e52b2776ec95836b81bcd2ea630fcecc14bb3b3b73281961b0a6,9/6/2022 1:01:07 PM
Bearing (1) Ball & Bearing (2) Outer 75 Trial 16.csv,Fault data split 75/Bearing (1) Ball & Bearing (2) Outer 75 Trial 16.csv,1,3,16,64000,4347d10fd5679fb21e3363f9fe4d57919e73c655b76f1dc1e8a9399c1bb41ce1,9/6/2022 1:01:23 PM
Bearing (1) Ball & Bearing (2) Outer 75 Trial 17.csv,Fault data split 75/Bearing (1) Ball & Bearing (2) Outer 75 Trial 17.csv,1,3,17,64000,162feacf0709444ed57c7161326e098e9a82aae9f4affddf1e3e58ec7292869c,9/6/2022 1:01:41 PM
Bearing (1) Ball & Bearing (2) Outer 75 Trial 18.csv,Fault data split 75/Bearing (1) Ball & Bearing (2) Outer 75 Trial 18.csv,1,3,18,64000,13b38a12bdeeb6cc09c74f223eac6e9c718945f14b0d653726c9dfd6789f7d4c,9/6/2022 1:01:59 PM
Bearing (1) Ball & Bearing (2) Outer 75 Trial 19.csv,Fault data split 75/Bearing (1) Ball & Bearing (2) Outer 75 Trial 19.csv,1,3,19,64000,f1189b9bec3e60bf5b811c5091fb7fe30a66ebaa086b274003b0700cdf6ec747,9/6/2022 1:02:18 PM
Bearing (1) Ball & Bearing (2) Outer 75 Trial 2.csv,Fault data split 75/Bearing (1) Ball & Bearing (2) Outer 75 Trial 2.csv,1,3,2,64000,b0bbafcbbbeda995921e0491c1d6e1652bb7cc9817087ffa769caebc93c91067,9/6/2022 12:57:19 PM
Bearing (1) Ball & Bearing (2) Outer 75 Trial 20.csv,Fault data split 75/Bearing (1) Ball & Bearing (2) Outer 75 Trial 20.csv,1,3,20,64000,c14a00e920a0907d478efea916b6420e35ee98bb4a06576c5eef6f8eeb1cffcd,9/6/2022 1:02:35 PM
Bearing (1) Ball & Bearing (2) Outer 75 Trial 21.csv,Fault data split 75/Bearing (1) Ball & Bearing (2) Outer 75 Trial 21.csv,1,3,21,64000,53e157345f28e1bbf649aadbb3f4e481494fb155ff888ee42a7511c2141bbcf6,9/6/2022 1:02:52 PM
Bearing (1) Ball & Bearing (2) Outer 75 Trial 22.csv,Fault data split 75/Bearing (1) Ball & Bearing (2) Outer 75 Trial 22.csv,1,3,22,64000,b684f3c5f15700fc0ca42fdc1f1093d6f7e02593746680509c224cecef0b5ada,9/6/2022 1:03:07 PM
Bearing (1) Ball & Bearing (2) Outer 75 Trial 23.csv,Fault data split 75/Bearing (1) Ball & Bearing (2) Outer 75 Trial 23.csv,1,3,23,64000,b65fce76bc129b5d91f11b0a01fdc4a51f9ba5a4d47f4c5600bf82a874e17300,9/6/2022 1:03:24 PM
Bearing (1) Ball & Bearing (2) Outer 75 Trial 24.csv,Fault data split 75/Bearing (1) Ball & Bearing (2) Outer 75 Trial 24.csv,1,3,24,64000,a6abd7935270b8afbabee6c20b0cfc73b9ae91c8a47a35c7b652d1afb0caf67c,9/6/2022 1:03:41 PM
Bearing (1) Ball & Bearing (2) Outer 75 Trial 25.csv,Fault data split 75/Bearing (1) Ball & Bearing (2) Outer 75 Trial 25.csv,1,3,25,64000,f0a06ef1dd9e6d999d5dd4ae3b2c4e7ca90192bd2c3bc28524501cee9cb7b3c6,9/6/2022 1:04:00 PM
Bearing (1) Ball & Bearing (2) Outer 75 Trial 3.csv,Fault data split 75/Bearing (1) Ball & Bearing (2) Outer 75 Trial 3.csv,1,3,3,64000,7ffd450883a1c24afe7ecf2416ec39361561d9e0eccf12b7c926206f55f00981,9/6/2022 12:57:35 PM
Bearing (1) Ball & Bearing (2) Outer 75 Trial 4.csv,Fault data split 75/Bearing (1) Ball & Bearing (2) Outer 75 Trial 4.csv,1,3,4,64000,265161862f934178f4d016ae10e396f3bf3ac0563e4efa40868c2636e040adec,9/6/2022 12:57:51 PM
Bearing (1) Ball & Bearing (2) Outer 75 Trial 5.csv,Fault data split 75/Bearing (1) Ball & Bearing (2) Outer 75 Trial 5.csv,1,3,5,64000,56608c952acd4ffb1ffbd54f06b4801ff672f75786783c5cf4b58ad997911cf9,9/6/2022 12:58:10 PM
Bearing (1) Ball & Bearing (2) Outer 75 Trial 6.csv,Fault data split 75/Bearing (1) Ball & Bearing (2) Outer 75 Trial 6.csv,1,3,6,64000,6ffb3cbd6aa1926fc4ac8089a3a3c449aa8e19b3fca514505343cbbb691502c7,9/6/2022 12:58:28 PM
Bearing (1) Ball & Bearing (2) Outer 75 Trial 7.csv,Fault data split 75/Bearing (1) Ball & Bearing (2) Outer 75 Trial 7.csv,1,3,7,64000,006caa6cec27baf400a5135fb8e6484e0ed1d7763e3e9d71bcccd1de5dec526e,9/6/2022 12:58:45 PM
Bearing (1) Ball & Bearing (2) Outer 75 Trial 8.csv,Fault data split 75/Bearing (1) Ball & Bearing (2) Outer 75 Trial 8.csv,1,3,8,64000,8d346bae7b0d6d44ef78a2fcd6c2e48b4f1b6410cabb7091528b5dc62b35ade9,9/6/2022 12:59:03 PM
Bearing (1) Ball & Bearing (2) Outer 75 Trial 9.csv,Fault data split 75/Bearing (1) Ball & Bearing (2) Outer 75 Trial 9.csv,1,3,9,64000,d20ebd1376c2365f6849220086d36c478d62b8a27f989abec8a691c9fd41bb64,9/6/2022 12:59:21 PM
Bearing (1) Ball & Shaft Fault ( Coupling End Bent) 75 Trial 1.csv,Fault data split 75/Bearing (1) Ball & Shaft Fault ( Coupling End Bent) 75 Trial 1.csv,1,5,1,64000,745ad328cbd8816fa5d3cbae6d37d49ccecd85674480f44fff555078fae1b5f2,9/20/2022 1:22:59 PM
Bearing (1) Ball & Shaft Fault ( Coupling End Bent) 75 Trial 10.csv,Fault data split 75/Bearing (1) Ball & Shaft Fault ( Coupling End Bent) 75 Trial 10.csv,1,5,10,64000,9589c0dcedd34a3515b83449fb8cf2fc6c62c8bb2242118be8e9c1fc75981ec0,9/20/2022 1:26:19 PM
Bearing (1) Ball & Shaft Fault ( Coupling End Bent) 75 Trial 11.csv,Fault data split 75/Bearing (1) Ball & Shaft Fault ( Coupling End Bent) 75 Trial 11.csv,1,5,11,64000,52aa0e4359297bea4d15daeba51633a97e36d3576c8c8454d8e7b05b9f04b54b,9/20/2022 1:26:33 PM
Bearing (1) Ball & Shaft Fault ( Coupling End Bent) 75 Trial 12.csv,Fault data split 75/Bearing (1) Ball & Shaft Fault ( Coupling End Bent) 75 Trial 12.csv,1,5,12,64000,bdc275da1483517287b2a32a388f1ae40f3bc5439be6f3f6c99477e893491c5e,9/20/2022 1:26:48 PM
Bearing (1) Ball & Shaft Fault ( Coupling End Bent) 75 Trial 13.csv,Fault data split 75/Bearing (1) Ball & Shaft Fault ( Coupling End Bent) 75 Trial 13.csv,1,5,13,64000,05883f665532d83ebbf16477988b0a9742dbfa9a96d8b6109da010a1f5db45c4,9/20/2022 1:27:02 PM
Bearing (1) Ball & Shaft Fault ( Coupling End Bent) 75 Trial 14.csv,Fault data split 75/Bearing (1) Ball & Shaft Fault ( Coupling End Bent) 75 Trial 14.csv,1,5,14,64000,bdd4dc3b13c437a9537171cccd3dd9de82b14badf9fb0e46363ed743a0f6a414,9/20/2022 1:27:19 PM
Bearing (1) Ball & Shaft Fault ( Coupling End Bent) 75 Trial 15.csv,Fault data split 75/Bearing (1) Ball & Shaft Fault ( Coupling End Bent) 75 Trial 15.csv,1,5,15,64000,1abc766154a46ad862d41267b681602acd660978e9b2b9aa0896ae2a0073188b,9/20/2022 1:27:42 PM
Bearing (1) Ball & Shaft Fault ( Coupling End Bent) 75 Trial 16.csv,Fault data split 75/Bearing (1) Ball & Shaft Fault ( Coupling End Bent) 75 Trial 16.csv,1,5,16,64000,726151d183b29597181799c3a04df5b0e4c1477cbe88170e33f8837c59e38587,9/20/2022 1:28:08 PM
Bearing (1) Ball & Shaft Fault ( Coupling End Bent) 75 Trial 17.csv,Fault data split 75/Bearing (1) Ball & Shaft Fault ( Coupling End Bent) 75 Trial 17.csv,1,5,17,64000,0cb9351e78189c2f4bec1cf6a38c5f1d5b47f4f162c8273e82492c3c27101e1f,9/20/2022 1:28:22 PM
Bearing (1) Ball & Shaft Fault ( Coupling End Bent) 75 Trial 18.csv,Fault data split 75/Bearing (1) Ball & Shaft Fault ( Coupling End Bent) 75 Trial 18.csv,1,5,18,64000,c783f5742f0978c24db1960aff4d85f9bca898aba144cd9a73bcb9432f15cff4,9/20/2022 1:28:37 PM
Bearing (1) Ball & Shaft Fault ( Coupling End Bent) 75 Trial 19.csv,Fault data split 75/Bearing (1) Ball & Shaft Fault ( Coupling End Bent) 75 Trial 19.csv,1,5,19,64000,39ac71b13edb677187d052fe3537f04a5a2d3623221d807e8063a3c4723682da,9/20/2022 1:28:51 PM
Bearing (1) Ball & Shaft Fault ( Coupling End Bent) 75 Trial 2.csv,Fault data split 75/Bearing (1) Ball & Shaft Fault ( Coupling End Bent) 75 Trial 2.csv,1,5,2,64000,deb20cbdead206968da05a9bdc50a7ae8a719415b688d3b64ebe3add33cec870,9/20/2022 1:23:37 PM
Bearing (1) Ball & Shaft Fault ( Coupling End Bent) 75 Trial 20.csv,Fault data split 75/Bearing (1) Ball & Shaft Fault ( Coupling End Bent) 75 Trial 20.csv,1,5,20,64000,4b48ce267479447f429acc36a8ab44321d1ceaf21a44a808d3d83b274dd58752,9/20/2022 1:29:07 PM
Bearing (1) Ball & Shaft Fault ( Coupling End Bent) 75 Trial 21.csv,Fault data split 75/Bearing (1) Ball & Shaft Fault ( Coupling End Bent) 75 Trial 21.csv,1,5,21,64000,83f20bf9d6430ad8c5058f06a560b8402f3ca6892a411e2d8ff2b61a15aa90be,9/20/2022 1:29:22 PM
Bearing (1) Ball & Shaft Fault ( Coupling End Bent) 75 Trial 22.csv,Fault data split 75/Bearing (1) Ball & Shaft Fault ( Coupling End Bent) 75 Trial 22.csv,1,5,22,64000,4b6676964955755d7648d39a5d029f8b00aed61b88a476a5067aa17283510165,9/20/2022 1:29:37 PM
Bearing (1) Ball & Shaft Fault ( Coupling End Bent) 75 Trial 23.csv,Fault data split 75/Bearing (1) Ball & Shaft Fault ( Coupling End Bent) 75 Trial 23.csv,1,5,23,64000,b8b3202f18c59f5fb57853f0008ac28f127327b720b5bd550322be523fbb0efd,9/20/2022 1:29:54 PM
Bearing (1) Ball & Shaft Fault ( Coupling End Bent) 75 Trial 24.csv,Fault data split 75/Bearing (1) Ball & Shaft Fault ( Coupling End Bent) 75 Trial 24.csv,1,5,24,64000,f32328ee45e75b8f310a8a114d61c8fa4603e2f9e80e6e22c171023de66184d3,9/20/2022 1:30:11 PM
Bearing (1) Ball & Shaft Fault ( Coupling End Bent) 75 Trial 25.csv,Fault data split 75/Bearing (1) Ball & Shaft Fault ( Coupling End Bent) 75 Trial 25.csv,1,5,25,64000,7b5038fb642cc643c096f5bb80e87aded3d2bb8da8dfade58ea9874d18178480,9/20/2022 1:30:26 PM
Bearing (1) Ball & Shaft Fault ( Coupling End Bent) 75 Trial 3.csv,Fault data split 75/Bearing (1) Ball & Shaft Fault ( Coupling End Bent) 75 Trial 3.csv,1,5,3,64000,36cf6d19b1d9b9378160aff01e2324c7313a558dbb7d2872756afaebfcf02e94,9/20/2022 1:23:55 PM
Bearing (1) Ball & Shaft Fault ( Coupling End Bent) 75 Trial 4.csv,Fault data split 75/Bearing (1) Ball & Shaft Fault ( Coupling End Bent) 75 Trial 4.csv,1,5,4,64000,9e23de0940102451a5d287847cc5f18ae8b5d4ed9bb9627c9737fb2c3c8dbdef,9/20/2022 1:24:23 PM
Bearing (1) Ball & Shaft Fault ( Coupling End Bent) 75 Trial 5.csv,Fault data split 75/Bearing (1) Ball & Shaft Fault ( Coupling End Bent) 75 Trial 5.csv,1,5,5,64000,2ca55fc36220f5d135bdecf2a686f30de5bea106357ead277babb94b0ab8f8d5,9/20/2022 1:24:58 PM
Bearing (1) Ball & Shaft Fault ( Coupling End Bent) 75 Trial 6.csv,Fault data split 75/Bearing (1) Ball & Shaft Fault ( Coupling End Bent) 75 Trial 6.csv,1,5,6,64000,09e84b39e8f43cced8df53e156db2e652bd8d57fafbb4ad056d2cae842d59579,9/20/2022 1:25:16 PM
Bearing (1) Ball & Shaft Fault ( Coupling End Bent) 75 Trial 7.csv,Fault data split 75/Bearing (1) Ball & Shaft Fault ( Coupling End Bent) 75 Trial 7.csv,1,5,7,64000,86aa403cdedd144b8cf8acafac4651e89792094e7a06f63fd84d5edde271457d,9/20/2022 1:25:31 PM
Bearing (1) Ball & Shaft Fault ( Coupling End Bent) 75 Trial 8.csv,Fault data split 75/Bearing (1) Ball & Shaft Fault ( Coupling End Bent) 75 Trial 8.csv,1,5,8,64000,89cdf6b0d24cdc22604206064c9c0f2a2be64d2951793951b86270c35737e5a3,9/20/2022 1:25:48 PM
Bearing (1) Ball & Shaft Fault ( Coupling End Bent) 75 Trial 9.csv,Fault data split 75/Bearing (1) Ball & Shaft Fault ( Coupling End Bent) 75 Trial 9.csv,1,5,9,64000,6a25574d311445d793f1c848fb1d1b4f3c83e2e914fa80ab5098ff15761870d6,9/20/2022 1:26:05 PM
Bearing (1) Ball & Shaft Fault (Centerally bent) 75 Trial 1.csv,Fault data split 75/Bearing (1) Ball & Shaft Fault (Centerally bent) 75 Trial 1.csv,1,4,1,64000,0782f7707178749e5b5f254da10ff565d75b48eaf6aa967f6edb3874b28afb03,9/29/2022 1:48:58 PM
Bearing (1) Ball & Shaft Fault (Centerally bent) 75 Trial 10.csv,Fault data split 75/Bearing (1) Ball & Shaft Fault (Centerally bent) 75 Trial 10.csv,1,4,10,64000,0dd4fd280df948b29d8c51f44e3be75384fa2f682230e62975802311f823db03,9/29/2022 1:51:27 PM
Bearing (1) Ball & Shaft Fault (Centerally bent) 75 Trial 11.csv,Fault data split 75/Bearing (1) Ball & Shaft Fault (Centerally bent) 75 Trial 11.csv,1,4,11,64000,d745d3891a2134e8d39c7878038f8d2fb9a1419395eedaf4d0a7f02f99acb21d,9/29/2022 1:51:42 PM
Bearing (1) Ball & Shaft Fault (Centerally bent) 75 Trial 12.csv,Fault data split 75/Bearing (1) Ball & Shaft Fault (Centerally bent) 75 Trial 12.csv,1,4,12,64000,a8d933b6d6935c9ded6dd380fc8fa6973ec34e483f56b751b7d69198e3822b43,9/29/2022 1:52:00 PM
Bearing (1) Ball & Shaft Fault (Centerally bent) 75 Trial 13.csv,Fault data split 75/Bearing (1) Ball & Shaft Fault (Centerally bent) 75 Trial 13.csv,1,4,13,64000,f2e2bb7e670ced095192074953a4b4921e6cf67fd02e5affaa04ea2e74dd1366,9/29/2022 1:52:17 PM
Bearing (1) Ball & Shaft Fault (Centerally bent) 75 Trial 14.csv,Fault data split 75/Bearing (1) Ball & Shaft Fault (Centerally bent) 75 Trial 14.csv,1,4,14,64000,4ed47cc57b76f61b8f28f5b79040096043a35c02afd0ec8e9b5595aa9bd44f29,9/29/2022 1:52:34 PM
Bearing (1) Ball & Shaft Fault (Centerally bent) 75 Trial 15.csv,Fault data split 75/Bearing (1) Ball & Shaft Fault (Centerally bent) 75 Trial 15.csv,1,4,15,64000,bfae456dd49de5e5972a3cbb54c08168d301d9f0b462e23d2bf2f04fe9bb359d,9/29/2022 1:52:49 PM
Bearing (1) Ball & Shaft Fault (Centerally bent) 75 Trial 16.csv,Fault data split 75/Bearing (1) Ball & Shaft Fault (Centerally bent) 75 Trial 16.csv,1,4,16,64000,7281d4b67f4a138777ef9a4b4382c3328579b2a3704fa5288dda9a2b1714c3cb,9/29/2022 1:53:04 PM
Bearing (1) Ball & Shaft Fault (Centerally bent) 75 Trial 17.csv,Fault data split 75/Bearing (1) Ball & Shaft Fault (Centerally bent) 75 Trial 17.csv,1,4,17,64000,51872f6540beb456e11e64dcc60f873c2c6145db9c651f3ac45c798d223fa2b9,9/29/2022 1:53:19 PM
Bearing (1) Ball & Shaft Fault (Centerally bent) 75 Trial 18.csv,Fault data split 75/Bearing (1) Ball & Shaft Fault (Centerally bent) 75 Trial 18.csv,1,4,18,64000,a06562e3544488360f866f839614ad4c1db10ab2be99c937c6650b8249d312e8,9/29/2022 1:53:35 PM
Bearing (1) Ball & Shaft Fault (Centerally bent) 75 Trial 19.csv,Fault data split 75/Bearing (1) Ball & Shaft Fault (Centerally bent) 75 Trial 19.csv,1,4,19,64000,094788650d7433bb13482a46c9bc53a659301cc65962dec0bd63070100c042f8,9/29/2022 1:53:52 PM
Bearing (1) Ball & Shaft Fault (Centerally bent) 75 Trial 2.csv,Fault data split 75/Bearing (1) Ball & Shaft Fault (Centerally bent) 75 Trial 2.csv,1,4,2,64000,98413d9d5b5927699bb9e50ef3e4cc32ca28ff9fb588760f154212355dea46be,9/29/2022 1:49:15 PM
Bearing (1) Ball & Shaft Fault (Centerally bent) 75 Trial 20.csv,Fault data split 75/Bearing (1) Ball & Shaft Fault (Centerally bent) 75 Trial 20.csv,1,4,20,64000,dfc35dc4090a503d11d530009e8ca20e452c2bd717d1819ee819f8933b6f59f1,9/29/2022 1:54:10 PM
Bearing (1) Ball & Shaft Fault (Centerally bent) 75 Trial 21.csv,Fault data split 75/Bearing (1) Ball & Shaft Fault (Centerally bent) 75 Trial 21.csv,1,4,21,64000,843b30fc7efdfc4e9ece6f4d156a5701fd80542978bd90d79a9242b9c8a8fd91,9/29/2022 1:54:29 PM
Bearing (1) Ball & Shaft Fault (Centerally bent) 75 Trial 22.csv,Fault data split 75/Bearing (1) Ball & Shaft Fault (Centerally bent) 75 Trial 22.csv,1,4,22,64000,2d2de1c0f836c1e3a74fdff9649b0d8501d6f1178b63bbc84e8156b762066148,9/29/2022 1:54:47 PM
Bearing (1) Ball & Shaft Fault (Centerally bent) 75 Trial 23.csv,Fault data split 75/Bearing (1) Ball & Shaft Fault (Centerally bent) 75 Trial 23.csv,1,4,23,64000,30d895ce5eefb6a589bc00c7270f4bc89ee67af6539bac5dd8c218ab4774effa,9/29/2022 1:55:03 PM
Bearing (1) Ball & Shaft Fault (Centerally bent) 75 Trial 24.csv,Fault data split 75/Bearing (1) Ball & Shaft Fault (Centerally bent) 75 Trial 24.csv,1,4,24,64000,4955b6530548816bf879bcb51a74a087552884c0165b7a2b86e7c91516fa7d5e,9/29/2022 1:55:19 PM
Bearing (1) Ball & Shaft Fault (Centerally bent) 75 Trial 25.csv,Fault data split 75/Bearing (1) Ball & Shaft Fault (Centerally bent) 75 Trial 25.csv,1,4,25,64000,8d897f26634764464d9c1107da0d4cb6e8019a71db4c57a9c8589e95f088e6f8,9/29/2022 1:55:35 PM
Bearing (1) Ball & Shaft Fault (Centerally bent) 75 Trial 3.csv,Fault data split 75/Bearing (1) Ball & Shaft Fault (Centerally bent) 75 Trial 3.csv,1,4,3,64000,9ee479a1caab9adb069c0d7a04f4556605f26477427250b83a271f63968863be,9/29/2022 1:49:30 PM
Bearing (1) Ball & Shaft Fault (Centerally bent) 75 Trial 4.csv,Fault data split 75/Bearing (1) Ball & Shaft Fault (Centerally bent) 75 Trial 4.csv,1,4,4,64000,d59b036514fd493aae9479be2e9474367a45de92b679de896a9237339ccf43ba,9/29/2022 1:49:46 PM
Bearing (1) Ball & Shaft Fault (Centerally bent) 75 Trial 5.csv,Fault data split 75/Bearing (1) Ball & Shaft Fault (Centerally bent) 75 Trial 5.csv,1,4,5,64000,161a18f966aac9d8f0ef7bb4621472be488aed31403064640103a41e39f645e2,9/29/2022 1:50:01 PM
Bearing (1) Ball & Shaft Fault (Centerally bent) 75 Trial 6.csv,Fault data split 75/Bearing (1) Ball & Shaft Fault (Centerally bent) 75 Trial 6.csv,1,4,6,64000,50512ea65d741fc38f4632c6317790bd852474f1c218c576ee01a8e3acd4c764,9/29/2022 1:50:17 PM
Bearing (1) Ball & Shaft Fault (Centerally bent) 75 Trial 7.csv,Fault data split 75/Bearing (1) Ball & Shaft Fault (Centerally bent) 75 Trial 7.csv,1,4,7,64000,8e6c01cac2c9e08b58c758e8266b449f7d3406bffb3b547b5a3b429720bd16e2,9/29/2022 1:50:33 PM
Bearing (1) Ball & Shaft Fault (Centerally bent) 75 Trial 8.csv,Fault data split 75/Bearing (1) Ball & Shaft Fault (Centerally bent) 75 Trial 8.csv,1,4,8,64000,037b28076c8f309713d0cf5d02ccaaac10d0b70c461707adc4b3aed8577b05a5,9/29/2022 1:50:47 PM
Bearing (1) Ball & Shaft Fault (Centerally bent) 75 Trial 9.csv,Fault data split 75/Bearing (1) Ball & Shaft Fault (Centerally bent) 75 Trial 9.csv,1,4,9,64000,e8a8c9514ce1deb4512fb7fbe49c42d6a5025b9c973995d0af48acfe4520b390,9/29/2022 1:51:06 PM
Bearing (1) Ball 75 Trial 1.csv,Fault data split 75/Bearing (1) Ball 75 Trial 1.csv,1,11,1,64000,fbb17d6ca863dc8fc7db50d3738be8a07af1025c07034eedba7ca1d2363a85f2,9/6/2022 12:13:35 PM
Bearing (1) Ball 75 Trial 10.csv,Fault data split 75/Bearing (1) Ball 75 Trial 10.csv,1,11,10,64000,54b91bd3ce2e51ed52a45c7550157eb4df89eeeb4112ae474c786459223ebb1a,9/6/2022 12:16:09 PM
Bearing (1) Ball 75 Trial 11.csv,Fault data split 75/Bearing (1) Ball 75 Trial 11.csv,1,11,11,64000,576d69f350913b8dfb416ff9896a11641f37b6ed38537805e345bf730b70c8cd,9/6/2022 12:16:24 PM
Bearing (1) Ball 75 Trial 12.csv,Fault data split 75/Bearing (1) Ball 75 Trial 12.csv,1,11,12,64000,e82452dcb5b1d1dce65397b6c50a828e26ccee816ac8e42190afbacf3258ac83,9/6/2022 12:16:40 PM
Bearing (1) Ball 75 Trial 13.csv,Fault data split 75/Bearing (1) Ball 75 Trial 13.csv,1,11,13,64000,d8f88adad50f484556046cfb4036b31d2f1f9d244182c5a22745932c7085cf1c,9/6/2022 12:16:54 PM
Bearing (1) Ball 75 Trial 14.csv,Fault data split 75/Bearing (1) Ball 75 Trial 14.csv,1,11,14,64000,80cebd9ec141ac331805bd52d767f515ef04b699cb91afda43cfadaa10e25307,9/6/2022 12:17:13 PM
Bearing (1) Ball 75 Trial 15.csv,Fault data split 75/Bearing (1) Ball 75 Trial 15.csv,1,11,15,64000,ee976f496991c9efb2eedc7be14bc955e1674b1a5087a6d5e00ca82596fd3592,9/6/2022 12:17:28 PM
Bearing (1) Ball 75 Trial 16.csv,Fault data split 75/Bearing (1) Ball 75 Trial 16.csv,1,11,16,64000,6dc3e1b2f87748a7dca01242d056e9bf1d8a03e34e89b70c9516cd11a6e69283,9/6/2022 12:17:45 PM
Bearing (1) Ball 75 Trial 17.csv,Fault data split 75/Bearing (1) Ball 75 Trial 17.csv,1,11,17,64000,63aaa9b3c882c735f5369f0da27cd75390322a2cfa3256564e6427b7f7a677ac,9/6/2022 12:18:03 PM
Bearing (1) Ball 75 Trial 18.csv,Fault data split 75/Bearing (1) Ball 75 Trial 18.csv,1,11,18,64000,3ca8387f66bb0bc79ca40d1f7787c249da07a274bf82e19ae3051d8d30eef7f8,9/6/2022 12:18:18 PM
Bearing (1) Ball 75 Trial 19.csv,Fault data split 75/Bearing (1) Ball 75 Trial 19.csv,1,11,19,64000,0d6ba29201aad30b25e40da5aa0a2ad8aaa96179512a23c6c1406d6804393fd6,9/6/2022 12:18:33 PM
Bearing (1) Ball 75 Trial 2.csv,Fault data split 75/Bearing (1) Ball 75 Trial 2.csv,1,11,2,64000,c8a72b8541aff8afd97933984d2daca13726e05fbfc0e56327c2c6e718d0c945,9/6/2022 12:13:55 PM
Bearing (1) Ball 75 Trial 20.csv,Fault data split 75/Bearing (1) Ball 75 Trial 20.csv,1,11,20,64000,db71902e838a7ed7d28d6a534efa57cf127415d985a0548a96e7dc7418ef8b8a,9/6/2022 12:18:48 PM
Bearing (1) Ball 75 Trial 21.csv,Fault data split 75/Bearing (1) Ball 75 Trial 21.csv,1,11,21,64000,41bc8c3a3b8bccc698bfed077bbbb78606d651c7f0fbb146cc93252abc6a550f,9/6/2022 12:19:04 PM
Bearing (1) Ball 75 Trial 22.csv,Fault data split 75/Bearing (1) Ball 75 Trial 22.csv,1,11,22,64000,c74eabc219420fcf67284abcd1e3a5c013b1d66c99e7fb603f96840923696c50,9/6/2022 12:19:18 PM
Bearing (1) Ball 75 Trial 23.csv,Fault data split 75/Bearing (1) Ball 75 Trial 23.csv,1,11,23,64000,a7c664a7dbd6c2708ed9753b014774c680b90867e85cf726cb5bfeead601f783,9/6/2022 12:19:34 PM
Bearing (1) Ball 75 Trial 24.csv,Fault data split 75/Bearing (1) Ball 75 Trial 24.csv,1,11,24,64000,fd56a64a70f3a329e5f98cea654a51c59144fe89c9c26c27d7199b4c8770b481,9/6/2022 12:19:52 PM
Bearing (1) Ball 75 Trial 25.csv,Fault data split 75/Bearing (1) Ball 75 Trial 25.csv,1,11,25,64000,6908350d49a1699078a61fb1b8b671524972ebe1719c77fac0df68d7f70b3a31,9/6/2022 12:20:07 PM
Bearing (1) Ball 75 Trial 3.csv,Fault data split 75/Bearing (1) Ball 75 Trial 3.csv,1,11,3,64000,d8b664b6f0bed244f8ee541d545c0078b0af537a58de92ec8d2300c09ae23a9b,9/6/2022 12:14:15 PM
Bearing (1) Ball 75 Trial 4.csv,Fault data split 75/Bearing (1) Ball 75 Trial 4.csv,1,11,4,64000,e965bde0d055d84e5f1ab36cf1b6d05c10ce5eb26c29860d7029db90de5e5418,9/6/2022 12:14:37 PM
Bearing (1) Ball 75 Trial 5.csv,Fault data split 75/Bearing (1) Ball 75 Trial 5.csv,1,11,5,64000,91da483a44a4b1eca0ce0e9a74e9a3af397713ce3113bdb99165c78d3e6bda4e,9/6/2022 12:14:52 PM
Bearing (1) Ball 75 Trial 6.csv,Fault data split 75/Bearing (1) Ball 75 Trial 6.csv,1,11,6,64000,670e08e4ae4c580b6139f57c006214ad6762a808921653ddc39660c3dadee601,9/6/2022 12:15:08 PM
Bearing (1) Ball 75 Trial 7.csv,Fault data split 75/Bearing (1) Ball 75 Trial 7.csv,1,11,7,64000,0f4340217b1868acf05dea77211064964b75612addb2466d2fbc6c3f485d8980,9/6/2022 12:15:24 PM
Bearing (1) Ball 75 Trial 8.csv,Fault data split 75/Bearing (1) Ball 75 Trial 8.csv,1,11,8,64000,8cdb459547a460f4b6cea3ed6ba3bc02e127a6f4e71b49d82127a94ca06e4f36,9/6/2022 12:15:39 PM
Bearing (1) Ball 75 Trial 9.csv,Fault data split 75/Bearing (1) Ball 75 Trial 9.csv,1,11,9,64000,743ca57f99b0f815010b232328ac65e419663d88dbd4f4c2b397d7a0377bb1d8,9/6/2022 12:15:54 PM
Bearing (1) Combination & Bearing (2) Ball 75 Trial 1.csv,Fault data split 75/Bearing (1) Combination & Bearing (2) Ball 75 Trial 1.csv,1,6,1,64000,bd174b16d7b8d07706af9840256ac37d6e543978ee344d91a4d4ded1127eeb39,9/17/2022 5:55:30 PM
Bearing (1) Combination & Bearing (2) Ball 75 Trial 10.csv,Fault data split 75/Bearing (1) Combination & Bearing (2) Ball 75 Trial 10.csv,1,6,10,64000,0f60c487a369e1d440bd900125142c75cad6a9d6645ee6f0d2a0d200b1d3291c,9/17/2022 5:58:15 PM
Bearing (1) Combination & Bearing (2) Ball 75 Trial 11.csv,Fault data split 75/Bearing (1) Combination & Bearing (2) Ball 75 Trial 11.csv,1,6,11,64000,bd4ad835e74144b70b23ecfe7a3c544131a6ef9cd3e61bda22510aac27043e02,9/17/2022 5:58:32 PM
Bearing (1) Combination & Bearing (2) Ball 75 Trial 12.csv,Fault data split 75/Bearing (1) Combination & Bearing (2) Ball 75 Trial 12.csv,1,6,12,64000,8e3ce7594894797ddf575fba3e72668513922ac9591a398b9ac9928c51005fe6,9/17/2022 5:58:49 PM
Bearing (1) Combination & Bearing (2) Ball 75 Trial 13.csv,Fault data split 75/Bearing (1) Combination & Bearing (2) Ball 75 Trial 13.csv,1,6,13,64000,78f0085127b8a509ab74bd3366cfa3251a2e8b0401c9a3b755f3b44e2a6ba133,9/17/2022 5:59:06 PM
Bearing (1) Combination & Bearing (2) Ball 75 Trial 14.csv,Fault data split 75/Bearing (1) Combination & Bearing (2) Ball 75 Trial 14.csv,1,6,14,64000,54bf82511028398d95fae1ce4c9a04981df2b358425e86bbb6fbb6cccc0661dc,9/17/2022 5:59:21 PM
Bearing (1) Combination & Bearing (2) Ball 75 Trial 15.csv,Fault data split 75/Bearing (1) Combination & Bearing (2) Ball 75 Trial 15.csv,1,6,15,64000,d94aa99ab9aafd45ffe32d4f79877c9a06c2871409073d8fd5de82dea95119c6,9/17/2022 5:59:38 PM
Bearing (1) Combination & Bearing (2) Ball 75 Trial 16.csv,Fault data split 75/Bearing (1) Combination & Bearing (2) Ball 75 Trial 16.csv,1,6,16,64000,e5c87dd07d86480272cba03989d98f49b6d8b80986894a8ca46b8ad81ca1a813,9/17/2022 5:59:55 PM
Bearing (1) Combination & Bearing (2) Ball 75 Trial 17.csv,Fault data split 75/Bearing (1) Combination & Bearing (2) Ball 75 Trial 17.csv,1,6,17,64000,a29fc799cff77682805c39c6ec9a05ad603fb8e18f860a25fc2d924c1367260a,9/17/2022 6:00:15 PM
Bearing (1) Combination & Bearing (2) Ball 75 Trial 18.csv,Fault data split 75/Bearing (1) Combination & Bearing (2) Ball 75 Trial 18.csv,1,6,18,64000,758c1e2b99b492caf59e3076fd2777e585848376566a1dc031c085f4d08cec50,9/17/2022 6:00:31 PM
Bearing (1) Combination & Bearing (2) Ball 75 Trial 19.csv,Fault data split 75/Bearing (1) Combination & Bearing (2) Ball 75 Trial 19.csv,1,6,19,64000,fa4f1b62ed8a673053036d4f903491f76f698fd5b5abc5e919fda5a699609302,9/17/2022 6:00:46 PM
Bearing (1) Combination & Bearing (2) Ball 75 Trial 2.csv,Fault data split 75/Bearing (1) Combination & Bearing (2) Ball 75 Trial 2.csv,1,6,2,64000,418f4710fc41d5a1938c3bf2cfcc50d849336d5fb224b108a024d46490750c98,9/17/2022 5:55:50 PM
Bearing (1) Combination & Bearing (2) Ball 75 Trial 20.csv,Fault data split 75/Bearing (1) Combination & Bearing (2) Ball 75 Trial 20.csv,1,6,20,64000,52c9bc7466a33d5c60fa769c3e10f77763500dddce5752499575c56601ffb9c0,9/17/2022 6:01:05 PM
Bearing (1) Combination & Bearing (2) Ball 75 Trial 21.csv,Fault data split 75/Bearing (1) Combination & Bearing (2) Ball 75 Trial 21.csv,1,6,21,64000,76809af66f637fdfad75f4835ed029afefc44779fb4a11e53e20d78c5d4840b5,9/17/2022 6:01:23 PM
Bearing (1) Combination & Bearing (2) Ball 75 Trial 22.csv,Fault data split 75/Bearing (1) Combination & Bearing (2) Ball 75 Trial 22.csv,1,6,22,64000,da6f86c42541b69fa8a2dff0fb003e6fd5c7bc7c1b598490c943534447cf655c,9/17/2022 6:01:40 PM
Bearing (1) Combination & Bearing (2) Ball 75 Trial 23.csv,Fault data split 75/Bearing (1) Combination & Bearing (2) Ball 75 Trial 23.csv,1,6,23,64000,4728d0c365da44409f93822d8553e58187d86050427398529cf06c4a5b65e66f,9/17/2022 6:01:58 PM
Bearing (1) Combination & Bearing (2) Ball 75 Trial 24.csv,Fault data split 75/Bearing (1) Combination & Bearing (2) Ball 75 Trial 24.csv,1,6,24,64000,c3510b0d67e015cfbd85155f95656962a859c3d5166c3af971e5474a6791e90a,9/17/2022 6:02:13 PM
Bearing (1) Combination & Bearing (2) Ball 75 Trial 25.csv,Fault data split 75/Bearing (1) Combination & Bearing (2) Ball 75 Trial 25.csv,1,6,25,64000,d2fc072362216132c12f33b4b6284a9c9db84f637873457d65de547c9108c549,9/17/2022 6:02:28 PM
Bearing (1) Combination & Bearing (2) Ball 75 Trial 3.csv,Fault data split 75/Bearing (1) Combination & Bearing (2) Ball 75 Trial 3.csv,1,6,3,64000,4caa6611299b56d221087b12d1e9f1cf0c4291b8c2be36c5beb28b57489d47f0,9/17/2022 5:56:07 PM
Bearing (1) Combination & Bearing (2) Ball 75 Trial 4.csv,Fault data split 75/Bearing (1) Combination & Bearing (2) Ball 75 Trial 4.csv,1,6,4,64000,f8f8384a594fc4eac30f9c8a2a3f72366a408adfec7a6049fca54f1b707208b6,9/17/2022 5:56:23 PM
Bearing (1) Combination & Bearing (2) Ball 75 Trial 5.csv,Fault data split 75/Bearing (1) Combination & Bearing (2) Ball 75 Trial 5.csv,1,6,5,64000,f35b48daaa1ae84675af393b48502deb4a6759f2ef6b20f193ce3297047d0e5f,9/17/2022 5:56:42 PM
Bearing (1) Combination & Bearing (2) Ball 75 Trial 6.csv,Fault data split 75/Bearing (1) Combination & Bearing (2) Ball 75 Trial 6.csv,1,6,6,64000,edacd2138f939104e3344ddba47491ba8012d7956e6314518ad6b9638bf7bba5,9/17/2022 5:57:00 PM
Bearing (1) Combination & Bearing (2) Ball 75 Trial 7.csv,Fault data split 75/Bearing (1) Combination & Bearing (2) Ball 75 Trial 7.csv,1,6,7,64000,51e3fc712eec181d394ea84e52eac1f4cd0d035093fe3a069f2d3080092ea5c2,9/17/2022 5:57:18 PM
Bearing (1) Combination & Bearing (2) Ball 75 Trial 8.csv,Fault data split 75/Bearing (1) Combination & Bearing (2) Ball 75 Trial 8.csv,1,6,8,64000,7cbda82b38b610a1e75ec4f30bbed0c9141f7ee8015c9750993b15078e546bb1,9/17/2022 5:57:42 PM
Bearing (1) Combination & Bearing (2) Ball 75 Trial 9.csv,Fault data split 75/Bearing (1) Combination & Bearing (2) Ball 75 Trial 9.csv,1,6,9,64000,eb4b065dfc077b76f24ff79c9e9b55aa8fa11ae3d54442aee833a4fb4a1011ae,9/17/2022 5:57:59 PM
Bearing (1) Combination & Bearing (2) Inner 75 Trial 1.csv,Fault data split 75/Bearing (1) Combination & Bearing (2) Inner 75 Trial 1.csv,1,7,1,64000,0f10074f1e0cb5f152e67054ce9e0420430404fcb1a33c7d64dfc295780d0807,9/17/2022 6:52:08 PM
Bearing (1) Combination & Bearing (2) Inner 75 Trial 10.csv,Fault data split 75/Bearing (1) Combination & Bearing (2) Inner 75 Trial 10.csv,1,7,10,64000,ec364f2672e0e4cdc9095bab906161882516770422b198af2a58ff56520fd970,9/17/2022 6:54:29 PM
Bearing (1) Combination & Bearing (2) Inner 75 Trial 11.csv,Fault data split 75/Bearing (1) Combination & Bearing (2) Inner 75 Trial 11.csv,1,7,11,64000,61b49b5b2811ea873d026fcaeae4ab24ae61b8733b1821035fa1287da7698f80,9/17/2022 6:54:44 PM
Bearing (1) Combination & Bearing (2) Inner 75 Trial 12.csv,Fault data split 75/Bearing (1) Combination & Bearing (2) Inner 75 Trial 12.csv,1,7,12,64000,44253744ce0e11557e4e31d1bd1da215dd8d491055a73d385671d4351322ae90,9/17/2022 6:55:03 PM
Bearing (1) Combination & Bearing (2) Inner 75 Trial 13.csv,Fault data split 75/Bearing (1) Combination & Bearing (2) Inner 75 Trial 13.csv,1,7,13,64000,2521eb8b15d67b737cc2e41cba093ec40d02a1f4afa506494df60b5b1ba9bde4,9/17/2022 6:55:19 PM
Bearing (1) Combination & Bearing (2) Inner 75 Trial 14.csv,Fault data split 75/Bearing (1) Combination & Bearing (2) Inner 75 Trial 14.csv,1,7,14,64000,b11414f6e59cedcaeb75e6d4e1029f784cd05037a1f104722ed4e3fc8d39aba2,9/17/2022 6:55:35 PM
Bearing (1) Combination & Bearing (2) Inner 75 Trial 15.csv,Fault data split 75/Bearing (1) Combination & Bearing (2) Inner 75 Trial 15.csv,1,7,15,64000,f0cb75fabda79087e4afdd50595119ee59df15c7a15fe8d86b180cf63023c17d,9/17/2022 6:55:51 PM
Bearing (1) Combination & Bearing (2) Inner 75 Trial 16.csv,Fault data split 75/Bearing (1) Combination & Bearing (2) Inner 75 Trial 16.csv,1,7,16,64000,dac0549d5fafe68cfd5f47dc792bf99cce8b4f51fd93ad45eacf704a2a0eae11,9/17/2022 6:56:06 PM
Bearing (1) Combination & Bearing (2) Inner 75 Trial 17.csv,Fault data split 75/Bearing (1) Combination & Bearing (2) Inner 75 Trial 17.csv,1,7,17,64000,32284acae9db6db24d21c3d06a6e19a5707b9cc45365420b39071caf9d42faae,9/17/2022 6:56:23 PM
Bearing (1) Combination & Bearing (2) Inner 75 Trial 18.csv,Fault data split 75/Bearing (1) Combination & Bearing (2) Inner 75 Trial 18.csv,1,7,18,64000,a8d7a15c34f7835d7f40d8ed07e7e626514a60a99f8f750f360d1507839e0137,9/17/2022 6:56:39 PM
Bearing (1) Combination & Bearing (2) Inner 75 Trial 19.csv,Fault data split 75/Bearing (1) Combination & Bearing (2) Inner 75 Trial 19.csv,1,7,19,64000,836518c5c98a0affec242770a60f8b2e2d3a5bf83f5b00ef0897fbbb3167565d,9/17/2022 6:56:54 PM
Bearing (1) Combination & Bearing (2) Inner 75 Trial 2.csv,Fault data split 75/Bearing (1) Combination & Bearing (2) Inner 75 Trial 2.csv,1,7,2,64000,53c780ccd9e5e45667ad7566bb066d655cbe82846d4599fbd2f729fc7c5d413c,9/17/2022 6:52:24 PM
Bearing (1) Combination & Bearing (2) Inner 75 Trial 20.csv,Fault data split 75/Bearing (1) Combination & Bearing (2) Inner 75 Trial 20.csv,1,7,20,64000,89680ce231eee926bce76e8d4b0e1264cb2f555e96b694718224046512ba34a6,9/17/2022 6:57:11 PM
Bearing (1) Combination & Bearing (2) Inner 75 Trial 21.csv,Fault data split 75/Bearing (1) Combination & Bearing (2) Inner 75 Trial 21.csv,1,7,21,64000,0c38a32b273d0756969fe15b8a6e153e6df5f5d79ec45404e15d5beb7ad6b73e,9/17/2022 6:57:26 PM
Bearing (1) Combination & Bearing (2) Inner 75 Trial 22.csv,Fault data split 75/Bearing (1) Combination & Bearing (2) Inner 75 Trial 22.csv,1,7,22,64000,0ea320bb88a4fab3e3598454cb13743f18e84906bd5438122f5903d18510a3b3,9/17/2022 6:57:41 PM
Bearing (1) Combination & Bearing (2) Inner 75 Trial 23.csv,Fault data split 75/Bearing (1) Combination & Bearing (2) Inner 75 Trial 23.csv,1,7,23,64000,8cf48fef7247bbd931799758c261dc50d220681036f82544d8e1699364a67106,9/17/2022 6:57:58 PM
Bearing (1) Combination & Bearing (2) Inner 75 Trial 24.csv,Fault data split 75/Bearing (1) Combination & Bearing (2) Inner 75 Trial 24.csv,1,7,24,64000,ef138e5486334aff99709ee07255d9166035bb5e56b5a2b7f7b143578a8dbe77,9/17/2022 6:58:14 PM
Bearing (1) Combination & Bearing (2) Inner 75 Trial 25.csv,Fault data split 75/Bearing (1) Combination & Bearing (2) Inner 75 Trial 25.csv,1,7,25,64000,97226bfb708480ca8b3b955fe35bbaab8d4b233626168301019cd44b035d4a70,9/17/2022 6:58:32 PM
Bearing (1) Combination & Bearing (2) Inner 75 Trial 3.csv,Fault data split 75/Bearing (1) Combination & Bearing (2) Inner 75 Trial 3.csv,1,7,3,64000,a6f58ff94da3f035deb6b00ed127cf8f83513af1066d28ed90e12b846b79c337,9/17/2022 6:52:41 PM
Bearing (1) Combination & Bearing (2) Inner 75 Trial 4.csv,Fault data split 75/Bearing (1) Combination & Bearing (2) Inner 75 Trial 4.csv,1,7,4,64000,a428f19bc1ee82685138bfa2143a64b185f8286b4805692f4017ef48a6ac8d85,9/17/2022 6:52:56 PM
Bearing (1) Combination & Bearing (2) Inner 75 Trial 5.csv,Fault data split 75/Bearing (1) Combination & Bearing (2) Inner 75 Trial 5.csv,1,7,5,64000,2135ff3a30dc461e5aea882d77dd5d2f733f7ed3017804b4a4227bb67392a0aa,9/17/2022 6:53:12 PM
Bearing (1) Combination & Bearing (2) Inner 75 Trial 6.csv,Fault data split 75/Bearing (1) Combination & Bearing (2) Inner 75 Trial 6.csv,1,7,6,64000,54be60bb73a8ccee3251d4b2def568ee0ed7aa93b0b430b66c8d3be1cba6dd59,9/17/2022 6:53:28 PM
Bearing (1) Combination & Bearing (2) Inner 75 Trial 7.csv,Fault data split 75/Bearing (1) Combination & Bearing (2) Inner 75 Trial 7.csv,1,7,7,64000,fe71dbd4380bcb035a2222d146f7cd17398acc1e3533cbaa5e8c861212e71b5c,9/17/2022 6:53:42 PM
Bearing (1) Combination & Bearing (2) Inner 75 Trial 8.csv,Fault data split 75/Bearing (1) Combination & Bearing (2) Inner 75 Trial 8.csv,1,7,8,64000,60a4fe62ba18587a3870f3889a834fad87e5b2c214ebebe3f5fa81ee55578f44,9/17/2022 6:53:58 PM
Bearing (1) Combination & Bearing (2) Inner 75 Trial 9.csv,Fault data split 75/Bearing (1) Combination & Bearing (2) Inner 75 Trial 9.csv,1,7,9,64000,f643caab2dbae8bf6df27735118afa8053cd801c38beac0e7001f7a98f47fef4,9/17/2022 6:54:12 PM
Bearing (1) Combination & Bearing (2) Outer 75 Trial 1.csv,Fault data split 75/Bearing (1) Combination & Bearing (2) Outer 75 Trial 1.csv,1,8,1,64000,85ba1d2d4606432c649fbf83bbe20aeead213611cb50a89c835e3dd054c0c685,9/17/2022 7:11:23 PM
Bearing (1) Combination & Bearing (2) Outer 75 Trial 10.csv,Fault data split 75/Bearing (1) Combination & Bearing (2) Outer 75 Trial 10.csv,1,8,10,64000,b4de8708be556d36882b952dc0614735fe2813f6d151fe04eda9348bf3c6ddd9,9/17/2022 7:13:48 PM
Bearing (1) Combination & Bearing (2) Outer 75 Trial 11.csv,Fault data split 75/Bearing (1) Combination & Bearing (2) Outer 75 Trial 11.csv,1,8,11,64000,c50df5ee125bdd10351267b7fe4d6e12ed98625511b46b7e859b6fdd61d1d5c1,9/17/2022 7:14:03 PM
Bearing (1) Combination & Bearing (2) Outer 75 Trial 12.csv,Fault data split 75/Bearing (1) Combination & Bearing (2) Outer 75 Trial 12.csv,1,8,12,64000,e1f79bd78d66e28c50abfb621c42bcf555fef73ae4666991af35020dd720a066,9/17/2022 7:14:19 PM
Bearing (1) Combination & Bearing (2) Outer 75 Trial 13.csv,Fault data split 75/Bearing (1) Combination & Bearing (2) Outer 75 Trial 13.csv,1,8,13,64000,b29ad7ab0c1d46319af6933ceccde2700f3bb1b28292980a8eadc8088bdacebe,9/17/2022 7:14:34 PM
Bearing (1) Combination & Bearing (2) Outer 75 Trial 14.csv,Fault data split 75/Bearing (1) Combination & Bearing (2) Outer 75 Trial 14.csv,1,8,14,64000,ed552ee9d4c543889d24c5e9e0d1e05f58fad54793d67a549ccffe840a8cb408,9/17/2022 7:14:50 PM
Bearing (1) Combination & Bearing (2) Outer 75 Trial 15.csv,Fault data split 75/Bearing (1) Combination & Bearing (2) Outer 75 Trial 15.csv,1,8,15,64000,d5b33dc037f9d313d4c4b8b535a07451cfb1a1d61fde602dfc3c8219c3869257,9/17/2022 7:15:10 PM
Bearing (1) Combination & Bearing (2) Outer 75 Trial 16.csv,Fault data split 75/Bearing (1) Combination & Bearing (2) Outer 75 Trial 16.csv,1,8,16,64000,9e95ac2d73701df47290619424acc35ccadebac99c0f89cb1dd14a9a90c52696,9/17/2022 7:15:48 PM
Bearing (1) Combination & Bearing (2) Outer 75 Trial 17.csv,Fault data split 75/Bearing (1) Combination & Bearing (2) Outer 75 Trial 17.csv,1,8,17,64000,9e5908b18f931147dec37c20511dbebcac2fb8e31298a44ef883d6d9cdaaeaf2,9/17/2022 7:16:04 PM
Bearing (1) Combination & Bearing (2) Outer 75 Trial 18.csv,Fault data split 75/Bearing (1) Combination & Bearing (2) Outer 75 Trial 18.csv,1,8,18,64000,ec7e38f19aa1caf8c6ab7f9f1aeddd63508795005acf9e001ecd04778f0f0339,9/17/2022 7:16:27 PM
Bearing (1) Combination & Bearing (2) Outer 75 Trial 19.csv,Fault data split 75/Bearing (1) Combination & Bearing (2) Outer 75 Trial 19.csv,1,8,19,64000,026e8e860d3eb07dcf1ec33bf2fef68aaf5b0b6df653ede89e25d15e758d5169,9/17/2022 7:16:47 PM
Bearing (1) Combination & Bearing (2) Outer 75 Trial 2.csv,Fault data split 75/Bearing (1) Combination & Bearing (2) Outer 75 Trial 2.csv,1,8,2,64000,0c1fcfb9d2fa5cbff0d6e85dcccff3aee36e2f3c583d02ad99b4216819a4a507,9/17/2022 7:11:36 PM
Bearing (1) Combination & Bearing (2) Outer 75 Trial 20.csv,Fault data split 75/Bearing (1) Combination & Bearing (2) Outer 75 Trial 20.csv,1,8,20,64000,ed65213d9170e086133f8da03b4f8e90134f39f9be0b26b7778821b5215e94f5,9/17/2022 7:17:01 PM
Bearing (1) Combination & Bearing (2) Outer 75 Trial 21.csv,Fault data split 75/Bearing (1) Combination & Bearing (2) Outer 75 Trial 21.csv,1,8,21,64000,7f992a838d2abe48f0d939f3314b2f92bf133f79256705aa63e6d927bafe69ff,9/17/2022 7:17:17 PM
Bearing (1) Combination & Bearing (2) Outer 75 Trial 22.csv,Fault data split 75/Bearing (1) Combination & Bearing (2) Outer 75 Trial 22.csv,1,8,22,64000,595d2d87254a79b0f482be6defcaa720b4d326a30412a2131e45b68ac7fb820e,9/17/2022 7:17:32 PM
Bearing (1) Combination & Bearing (2) Outer 75 Trial 23.csv,Fault data split 75/Bearing (1) Combination & Bearing (2) Outer 75 Trial 23.csv,1,8,23,64000,574cb83a29f430b996f1fb2598b95a09a02f61c60c423021a72b697b2b1b2727,9/17/2022 7:17:50 PM
Bearing (1) Combination & Bearing (2) Outer 75 Trial 24.csv,Fault data split 75/Bearing (1) Combination & Bearing (2) Outer 75 Trial 24.csv,1,8,24,64000,0d137e79e0f8b03b41f35d3eff0505ba3dd40a1e19b3b32cea1626b5812d37fe,9/17/2022 7:18:06 PM
Bearing (1) Combination & Bearing (2) Outer 75 Trial 25.csv,Fault data split 75/Bearing (1) Combination & Bearing (2) Outer 75 Trial 25.csv,1,8,25,64000,6cb7202356984351a5037afc8fb2b20474bb6d16c9ead21a20507c2e68bcbde9,9/17/2022 7:18:23 PM
Bearing (1) Combination & Bearing (2) Outer 75 Trial 3.csv,Fault data split 75/Bearing (1) Combination & Bearing (2) Outer 75 Trial 3.csv,1,8,3,64000,8010296d76539fb44053a528315e9013ca09db14bf6934c24faa72b9a616f25b,9/17/2022 7:11:51 PM
Bearing (1) Combination & Bearing (2) Outer 75 Trial 4.csv,Fault data split 75/Bearing (1) Combination & Bearing (2) Outer 75 Trial 4.csv,1,8,4,64000,60900cc3094e15448cc28c40a32170f4fea3e905f95e8a2b30a56901c987202a,9/17/2022 7:12:05 PM
Bearing (1) Combination & Bearing (2) Outer 75 Trial 5.csv,Fault data split 75/Bearing (1) Combination & Bearing (2) Outer 75 Trial 5.csv,1,8,5,64000,4720dd0d596089ac7c1177d54cc7b5c323a11b2ad2d5a06db6db755e7950e53b,9/17/2022 7:12:23 PM
Bearing (1) Combination & Bearing (2) Outer 75 Trial 6.csv,Fault data split 75/Bearing (1) Combination & Bearing (2) Outer 75 Trial 6.csv,1,8,6,64000,474475815f06f2dce982fdc5f8bf05cce366ea37187fe4e5d8d750d24638df29,9/17/2022 7:12:37 PM
Bearing (1) Combination & Bearing (2) Outer 75 Trial 7.csv,Fault data split 75/Bearing (1) Combination & Bearing (2) Outer 75 Trial 7.csv,1,8,7,64000,67666ed5d4a737b5d03bd421b2df43c36587c559e61dc7e3cef1695816a30b43,9/17/2022 7:13:01 PM
Bearing (1) Combination & Bearing (2) Outer 75 Trial 8.csv,Fault data split 75/Bearing (1) Combination & Bearing (2) Outer 75 Trial 8.csv,1,8,8,64000,29a7f97f3fe16248f8d579817737e7bb6273ac9b80cc6844a153db9d98253c07,9/17/2022 7:13:18 PM
Bearing (1) Combination & Bearing (2) Outer 75 Trial 9.csv,Fault data split 75/Bearing (1) Combination & Bearing (2) Outer 75 Trial 9.csv,1,8,9,64000,f11b90977ee8e179d33cbe60571c72ef52d365759d46ef5043f7d0277b071f70,9/17/2022 7:13:32 PM
Bearing (1) Combination & Shaft Fault ( Coupling End Bent) 75 Trial 1.csv,Fault data split 75/Bearing (1) Combination & Shaft Fault ( Coupling End Bent) 75 Trial 1.csv,1,10,1,64000,d6022fd3f3053b6a97af3d4f99b2437c9a1cf6e9152400689563e693fb7eaa61,9/20/2022 2:28:29 PM
Bearing (1) Combination & Shaft Fault ( Coupling End Bent) 75 Trial 10.csv,Fault data split 75/Bearing (1) Combination & Shaft Fault ( Coupling End Bent) 75 Trial 10.csv,1,10,10,64000,efab86625ed1f518e30b208b0a376fe411106511d62d6f86d3dfba22950640f5,9/20/2022 2:31:01 PM
Bearing (1) Combination & Shaft Fault ( Coupling End Bent) 75 Trial 11.csv,Fault data split 75/Bearing (1) Combination & Shaft Fault ( Coupling End Bent) 75 Trial 11.csv,1,10,11,64000,12a31745a3f634054ab8eb0ae97e23a03fc4609ba4dcd0f4bad4d8d677f4c158,9/20/2022 2:31:15 PM
Bearing (1) Combination & Shaft Fault ( Coupling End Bent) 75 Trial 12.csv,Fault data split 75/Bearing (1) Combination & Shaft Fault ( Coupling End Bent) 75 Trial 12.csv,1,10,12,64000,230eafdb25d3d63267f2e378344e561041d089dca2cccb05251010a1c4f00219,9/20/2022 2:31:32 PM
Bearing (1) Combination & Shaft Fault ( Coupling End Bent) 75 Trial 13.csv,Fault data split 75/Bearing (1) Combination & Shaft Fault ( Coupling End Bent) 75 Trial 13.csv,1,10,13,64000,f5b24a381e5be1d1548f1b362a0cf17c3d4d928506f00e13d3b1526cd917163f,9/20/2022 2:31:47 PM
Bearing (1) Combination & Shaft Fault ( Coupling End Bent) 75 Trial 14.csv,Fault data split 75/Bearing (1) Combination & Shaft Fault ( Coupling End Bent) 75 Trial 14.csv,1,10,14,64000,b0eed1a705e2f2080075caaf618abd18aa00ba1324a39564a3afeed88de828a2,9/20/2022 2:32:04 PM
Bearing (1) Combination & Shaft Fault ( Coupling End Bent) 75 Trial 15.csv,Fault data split 75/Bearing (1) Combination & Shaft Fault ( Coupling End Bent) 75 Trial 15.csv,1,10,15,64000,9256d4c0e81b12e11e56b246792e39a91dff35f898abfd3c961e1465a22878ba,9/20/2022 2:32:20 PM
Bearing (1) Combination & Shaft Fault ( Coupling End Bent) 75 Trial 16.csv,Fault data split 75/Bearing (1) Combination & Shaft Fault ( Coupling End Bent) 75 Trial 16.csv,1,10,16,64000,d58990350d9dbd410dbe985ed0340b99be821832203eebc691f49dcce26a4c9b,9/20/2022 2:32:38 PM
Bearing (1) Combination & Shaft Fault ( Coupling End Bent) 75 Trial 17.csv,Fault data split 75/Bearing (1) Combination & Shaft Fault ( Coupling End Bent) 75 Trial 17.csv,1,10,17,64000,c2d7a2fe4fcc6cfe4ab7095bd3a6d983a4abe65f21b4f870cdb3f4349de653cb,9/20/2022 2:32:57 PM
Bearing (1) Combination & Shaft Fault ( Coupling End Bent) 75 Trial 18.csv,Fault data split 75/Bearing (1) Combination & Shaft Fault ( Coupling End Bent) 75 Trial 18.csv,1,10,18,64000,d579552fa8e98945376a11d733cf89138e492802e531b29722f37e9bd5e75422,9/20/2022 2:33:12 PM
Bearing (1) Combination & Shaft Fault ( Coupling End Bent) 75 Trial 19.csv,Fault data split 75/Bearing (1) Combination & Shaft Fault ( Coupling End Bent) 75 Trial 19.csv,1,10,19,64000,c11d3a741f72d6a6dbc60176dd3231b007814d9552fcd3746dcf0ec653ca9ba2,9/20/2022 2:33:27 PM
Bearing (1) Combination & Shaft Fault ( Coupling End Bent) 75 Trial 2.csv,Fault data split 75/Bearing (1) Combination & Shaft Fault ( Coupling End Bent) 75 Trial 2.csv,1,10,2,64000,dd1ee29c6268c8ef1d8e9db1739dacb55effce708bc2850dbeb4fa29926730f4,9/20/2022 2:28:53 PM
Bearing (1) Combination & Shaft Fault ( Coupling End Bent) 75 Trial 20.csv,Fault data split 75/Bearing (1) Combination & Shaft Fault ( Coupling End Bent) 75 Trial 20.csv,1,10,20,64000,175dfc084e139d077c52f0ebf65c5ba923040d0457dc1c28b11f4b98eeae4a7c,9/20/2022 2:33:41 PM
Bearing (1) Combination & Shaft Fault ( Coupling End Bent) 75 Trial 21.csv,Fault data split 75/Bearing (1) Combination & Shaft Fault ( Coupling End Bent) 75 Trial 21.csv,1,10,21,64000,1f6ddddfda9af751c3cdf66b33f9ccb735eea5d4118fdfb8fb3d00616d1aceaf,9/20/2022 2:33:56 PM
Bearing (1) Combination & Shaft Fault ( Coupling End Bent) 75 Trial 22.csv,Fault data split 75/Bearing (1) Combination & Shaft Fault ( Coupling End Bent) 75 Trial 22.csv,1,10,22,64000,0d44530f8d91cb66b95ce90d45344afa1aee1150a6b3f2fce775e1a6a67af734,9/20/2022 2:34:14 PM
Bearing (1) Combination & Shaft Fault ( Coupling End Bent) 75 Trial 23.csv,Fault data split 75/Bearing (1) Combination & Shaft Fault ( Coupling End Bent) 75 Trial 23.csv,1,10,23,64000,d523fca1cf93990a1daad5da3b53a4d691d721d118f51b6be1f5bffdd54084d4,9/20/2022 2:34:33 PM
Bearing (1) Combination & Shaft Fault ( Coupling End Bent) 75 Trial 24.csv,Fault data split 75/Bearing (1) Combination & Shaft Fault ( Coupling End Bent) 75 Trial 24.csv,1,10,24,64000,a24639b40331d288aea16f4265a4d009a5ae276655847030383701ecfa887968,9/20/2022 2:34:49 PM
Bearing (1) Combination & Shaft Fault ( Coupling End Bent) 75 Trial 25.csv,Fault data split 75/Bearing (1) Combination & Shaft Fault ( Coupling End Bent) 75 Trial 25.csv,1,10,25,64000,4f15302853c76742bd1edf1b46071b3d128f46579735abf1534725e6deff565b,9/20/2022 2:35:04 PM
Bearing (1) Combination & Shaft Fault ( Coupling End Bent) 75 Trial 3.csv,Fault data split 75/Bearing (1) Combination & Shaft Fault ( Coupling End Bent) 75 Trial 3.csv,1,10,3,64000,7a157cf3fcefeb0faab253cf1a7bf3cfd7cd63cda139054c7615529daaae7021,9/20/2022 2:29:09 PM
Bearing (1) Combination & Shaft Fault ( Coupling End Bent) 75 Trial 4.csv,Fault data split 75/Bearing (1) Combination & Shaft Fault ( Coupling End Bent) 75 Trial 4.csv,1,10,4,64000,8fe8a89d0b1e0d57ef9e4b8b08a4bdc9d9282a33c818fdf43ac0a0c9e978bdfd,9/20/2022 2:29:24 PM
Bearing (1) Combination & Shaft Fault ( Coupling End Bent) 75 Trial 5.csv,Fault data split 75/Bearing (1) Combination & Shaft Fault ( Coupling End Bent) 75 Trial 5.csv,1,10,5,64000,2566b1f850c78ed6969549ec1702fbe38ee1f58ecdf11203c909300a1b801dfb,9/20/2022 2:29:39 PM
Bearing (1) Combination & Shaft Fault ( Coupling End Bent) 75 Trial 6.csv,Fault data split 75/Bearing (1) Combination & Shaft Fault ( Coupling End Bent) 75 Trial 6.csv,1,10,6,64000,e27cd3283d940ba5d3d0b4cb422a917cda35d3f0c79a5a2e42bc2436dcdb9785,9/20/2022 2:29:56 PM
Bearing (1) Combination & Shaft Fault ( Coupling End Bent) 75 Trial 7.csv,Fault data split 75/Bearing (1) Combination & Shaft Fault ( Coupling End Bent) 75 Trial 7.csv,1,10,7,64000,6e50c367380c6a00a2b7614642c0930f7eccd63b87880ed8139816cb377ccce0,9/20/2022 2:30:11 PM
Bearing (1) Combination & Shaft Fault ( Coupling End Bent) 75 Trial 8.csv,Fault data split 75/Bearing (1) Combination & Shaft Fault ( Coupling End Bent) 75 Trial 8.csv,1,10,8,64000,7f3d85f4f41d7fb52be1e529a2c9c0671ff0b7a091d970493bce03764bec4955,9/20/2022 2:30:27 PM
Bearing (1) Combination & Shaft Fault ( Coupling End Bent) 75 Trial 9.csv,Fault data split 75/Bearing (1) Combination & Shaft Fault ( Coupling End Bent) 75 Trial 9.csv,1,10,9,64000,60e8a1561bc74c833b71aab7beeda30b36c18c29b5c98c7d748c45877b38ca70,9/20/2022 2:30:47 PM
Bearing (1) Combination & Shaft Fault (Centerally bent) 75 Trial 1.csv,Fault data split 75/Bearing (1) Combination & Shaft Fault (Centerally bent) 75 Trial 1.csv,1,9,1,64000,08390c2f8e5215623a593dba907fae47de8799a4fb26db08a373eaa041ba4eaf,9/29/2022 1:06:58 PM
Bearing (1) Combination & Shaft Fault (Centerally bent) 75 Trial 10.csv,Fault data split 75/Bearing (1) Combination & Shaft Fault (Centerally bent) 75 Trial 10.csv,1,9,10,64000,bdec724e4d49c9316aea4681d4f2e094fd013e576a2a3315cd4d57fcaa0de005,9/29/2022 1:09:27 PM
Bearing (1) Combination & Shaft Fault (Centerally bent) 75 Trial 11.csv,Fault data split 75/Bearing (1) Combination & Shaft Fault (Centerally bent) 75 Trial 11.csv,1,9,11,64000,7676fc1c86231a0d6f631e0956e09e6c7f1d906e47a0b22c00f7a564421ce0b1,9/29/2022 1:09:41 PM
Bearing (1) Combination & Shaft Fault (Centerally bent) 75 Trial 12.csv,Fault data split 75/Bearing (1) Combination & Shaft Fault (Centerally bent) 75 Trial 12.csv,1,9,12,64000,882e7b0b180dad379c7d88ec124af22d225c4fd92cc156ada5806cadc6a8fdbc,9/29/2022 1:10:01 PM
Bearing (1) Combination & Shaft Fault (Centerally bent) 75 Trial 13.csv,Fault data split 75/Bearing (1) Combination & Shaft Fault (Centerally bent) 75 Trial 13.csv,1,9,13,64000,aa52faf877a08f9c68823fd6162cfff0971bbc00812dcef14b0776d53992c635,9/29/2022 1:10:16 PM
Bearing (1) Combination & Shaft Fault (Centerally bent) 75 Trial 14.csv,Fault data split 75/Bearing (1) Combination & Shaft Fault (Centerally bent) 75 Trial 14.csv,1,9,14,64000,873d0a8d1d54d9c2472f18cbb30be1184462f455d86a86780aa4535a24d94e9b,9/29/2022 1:10:31 PM
Bearing (1) Combination & Shaft Fault (Centerally bent) 75 Trial 15.csv,Fault data split 75/Bearing (1) Combination & Shaft Fault (Centerally bent) 75 Trial 15.csv,1,9,15,64000,57e681af89de42daeb28ab4e964cd78c860942253cec90d12b5cb9b7e525c441,9/29/2022 1:10:53 PM
Bearing (1) Combination & Shaft Fault (Centerally bent) 75 Trial 16.csv,Fault data split 75/Bearing (1) Combination & Shaft Fault (Centerally bent) 75 Trial 16.csv,1,9,16,64000,8452d137954fc4a520d9b3cc4b2b0bd295abd92d0dcb495cac6bbff05f0ade79,9/29/2022 1:11:07 PM
Bearing (1) Combination & Shaft Fault (Centerally bent) 75 Trial 17.csv,Fault data split 75/Bearing (1) Combination & Shaft Fault (Centerally bent) 75 Trial 17.csv,1,9,17,64000,caaaf6ec584c1dba94c21bd9dc0415bcd480f952e7a30004e0dac6d40ac3d11f,9/29/2022 1:11:22 PM
Bearing (1) Combination & Shaft Fault (Centerally bent) 75 Trial 18.csv,Fault data split 75/Bearing (1) Combination & Shaft Fault (Centerally bent) 75 Trial 18.csv,1,9,18,64000,ddcdb95ce770abfde04e92f476751b072c08774a6ba05de49c9c7b7bc42cf01c,9/29/2022 1:11:37 PM
Bearing (1) Combination & Shaft Fault (Centerally bent) 75 Trial 19.csv,Fault data split 75/Bearing (1) Combination & Shaft Fault (Centerally bent) 75 Trial 19.csv,1,9,19,64000,b2f8d20c60a41293dca4bf4962b1dd587f7292c2c1a4cd5fcaf38ac8572aba68,9/29/2022 1:11:53 PM
Bearing (1) Combination & Shaft Fault (Centerally bent) 75 Trial 2.csv,Fault data split 75/Bearing (1) Combination & Shaft Fault (Centerally bent) 75 Trial 2.csv,1,9,2,64000,ba7a904d867942c53f19718553a8cdfc4d3207dfe2d18f247499494e88fdae61,9/29/2022 1:07:11 PM
Bearing (1) Combination & Shaft Fault (Centerally bent) 75 Trial 20.csv,Fault data split 75/Bearing (1) Combination & Shaft Fault (Centerally bent) 75 Trial 20.csv,1,9,20,64000,55b5743410b9d7522ff7f3a256803f22a2fb71828ef7be42e4b5b7f16c40ea18,9/29/2022 1:12:08 PM
Bearing (1) Combination & Shaft Fault (Centerally bent) 75 Trial 21.csv,Fault data split 75/Bearing (1) Combination & Shaft Fault (Centerally bent) 75 Trial 21.csv,1,9,21,64000,d92b733fed5802a9d4c2f71cb33259c119a01390406bf17db9fc34289340d217,9/29/2022 1:12:23 PM
Bearing (1) Combination & Shaft Fault (Centerally bent) 75 Trial 22.csv,Fault data split 75/Bearing (1) Combination & Shaft Fault (Centerally bent) 75 Trial 22.csv,1,9,22,64000,85406473e39a6bfc45a5cfc4071db12f15a0adcecf24adc3e67ed240a667415d,9/29/2022 1:12:39 PM
Bearing (1) Combination & Shaft Fault (Centerally bent) 75 Trial 23.csv,Fault data split 75/Bearing (1) Combination & Shaft Fault (Centerally bent) 75 Trial 23.csv,1,9,23,64000,91f01be4cae975a6f82e559e8c30b1d4ac6e8c4e49b026bd55d7ed1e9998d12d,9/29/2022 1:12:54 PM
Bearing (1) Combination & Shaft Fault (Centerally bent) 75 Trial 24.csv,Fault data split 75/Bearing (1) Combination & Shaft Fault (Centerally bent) 75 Trial 24.csv,1,9,24,64000,bdc571b4a14bc34559f98c0fcebeb1086a90c32385a22f75ff3a028c2f3bf168,9/29/2022 1:13:09 PM
Bearing (1) Combination & Shaft Fault (Centerally bent) 75 Trial 25.csv,Fault data split 75/Bearing (1) Combination & Shaft Fault (Centerally bent) 75 Trial 25.csv,1,9,25,64000,125116a64555491342105f3cc9cc5b696c0b21386ca03f49b315024f57df9ca6,9/29/2022 1:13:25 PM
Bearing (1) Combination & Shaft Fault (Centerally bent) 75 Trial 3.csv,Fault data split 75/Bearing (1) Combination & Shaft Fault (Centerally bent) 75 Trial 3.csv,1,9,3,64000,c7e864f3f19b0a7e6401d3a8a5abff0d1be5b641820e7319390153ee0274eba8,9/29/2022 1:07:27 PM
Bearing (1) Combination & Shaft Fault (Centerally bent) 75 Trial 4.csv,Fault data split 75/Bearing (1) Combination & Shaft Fault (Centerally bent) 75 Trial 4.csv,1,9,4,64000,43024c7d0b076256ac28e7e75023f6b2f50252c68feb202741cf1b1912d32a72,9/29/2022 1:07:40 PM
Bearing (1) Combination & Shaft Fault (Centerally bent) 75 Trial 5.csv,Fault data split 75/Bearing (1) Combination & Shaft Fault (Centerally bent) 75 Trial 5.csv,1,9,5,64000,ff580cfbaabd615f5a685d8a45ba41071cc1ee92d17b20da321fe2cce181ecf6,9/29/2022 1:07:59 PM
Bearing (1) Combination & Shaft Fault (Centerally bent) 75 Trial 6.csv,Fault data split 75/Bearing (1) Combination & Shaft Fault (Centerally bent) 75 Trial 6.csv,1,9,6,64000,9f386689a0cd68b654ac067458f40fe1bc58eeaec91d93e2e282f5886f156327,9/29/2022 1:08:15 PM
Bearing (1) Combination & Shaft Fault (Centerally bent) 75 Trial 7.csv,Fault data split 75/Bearing (1) Combination & Shaft Fault (Centerally bent) 75 Trial 7.csv,1,9,7,64000,73c0fe6c535630dc03735114408368c9d0499f9953e07336fad5a41ecef219c5,9/29/2022 1:08:35 PM
Bearing (1) Combination & Shaft Fault (Centerally bent) 75 Trial 8.csv,Fault data split 75/Bearing (1) Combination & Shaft Fault (Centerally bent) 75 Trial 8.csv,1,9,8,64000,408ea1c509aeb930dab2a898bb2f4094ed977adfdc46080b04768577bffdc44a,9/29/2022 1:08:51 PM
Bearing (1) Combination & Shaft Fault (Centerally bent) 75 Trial 9.csv,Fault data split 75/Bearing (1) Combination & Shaft Fault (Centerally bent) 75 Trial 9.csv,1,9,9,64000,3f967b042ae20ab2b49cd406c409937eb702f9c64cdf92b08b9fc7e2fd374e01,9/29/2022 1:09:10 PM
Bearing (1) Combination 75 Trial 1.csv,Fault data split 75/Bearing (1) Combination 75 Trial 1.csv,1,12,1,64000,226f21e07abce7602749ded32e5f9c551595ea98314caf2e60e659bbd072fc29,9/17/2022 5:17:34 PM
Bearing (1) Combination 75 Trial 10.csv,Fault data split 75/Bearing (1) Combination 75 Trial 10.csv,1,12,10,64000,e9aee950235762cdf2cc122abc9224df53cf6e6187d124638321bab057e1da6b,9/17/2022 5:20:32 PM
Bearing (1) Combination 75 Trial 11.csv,Fault data split 75/Bearing (1) Combination 75 Trial 11.csv,1,12,11,64000,deea471465a807638e4b37716c4127203279f6c9ec7de6e0eaf8f87038385388,9/17/2022 5:20:53 PM
Bearing (1) Combination 75 Trial 12.csv,Fault data split 75/Bearing (1) Combination 75 Trial 12.csv,1,12,12,64000,47de83d8609e8c96c1558f8d677f32f4fb70659f1b785e8dc15da840317313b3,9/17/2022 5:34:21 PM
Bearing (1) Combination 75 Trial 13.csv,Fault data split 75/Bearing (1) Combination 75 Trial 13.csv,1,12,13,64000,c1ea5f4bf7bf03d935d64f00a8e21a539afdd1bbc9560cbac8afc1cb4d4a4a97,9/17/2022 5:34:38 PM
Bearing (1) Combination 75 Trial 14.csv,Fault data split 75/Bearing (1) Combination 75 Trial 14.csv,1,12,14,64000,440ccfa1611f600b5406343a9f37e813c59df9678017fefb3d0d2662a79c4a80,9/17/2022 5:34:53 PM
Bearing (1) Combination 75 Trial 15.csv,Fault data split 75/Bearing (1) Combination 75 Trial 15.csv,1,12,15,64000,535591f3b76af1b7447dfc01e21057eb4df47355193c8939fe999c8435935892,9/17/2022 5:35:08 PM
Bearing (1) Combination 75 Trial 16.csv,Fault data split 75/Bearing (1) Combination 75 Trial 16.csv,1,12,16,64000,6abafa96067363031356823de18126f17356ff2d5509b73023ebc50f1e3f8a9b,9/17/2022 5:35:26 PM
Bearing (1) Combination 75 Trial 17.csv,Fault data split 75/Bearing (1) Combination 75 Trial 17.csv,1,12,17,64000,107db8267b1266f6a9dc371030868c84c49a29e90fc53864be956af39c4c80ff,9/17/2022 5:35:41 PM
Bearing (1) Combination 75 Trial 18.csv,Fault data split 75/Bearing (1) Combination 75 Trial 18.csv,1,12,18,64000,11e7ad04bb7835147da78b519341df39a059508cb6d0df366761fee7bfc3ba45,9/17/2022 5:35:58 PM
Bearing (1) Combination 75 Trial 19.csv,Fault data split 75/Bearing (1) Combination 75 Trial 19.csv,1,12,19,64000,aeece25dcf8ba8f90904d9661aef5ff158107fbe5b39363634d58d5848c6a0e3,9/17/2022 5:36:17 PM
Bearing (1) Combination 75 Trial 2.csv,Fault data split 75/Bearing (1) Combination 75 Trial 2.csv,1,12,2,64000,921fc5f08270277a3e9110d5b84f208b508582b1b6616cc4da619086f44a2840,9/17/2022 5:17:51 PM
Bearing (1) Combination 75 Trial 20.csv,Fault data split 75/Bearing (1) Combination 75 Trial 20.csv,1,12,20,64000,df8f779a6d7c3420c536294c5cab9b36ee088bc586a03c091ab79241b89fd1e5,9/17/2022 5:36:36 PM
Bearing (1) Combination 75 Trial 21.csv,Fault data split 75/Bearing (1) Combination 75 Trial 21.csv,1,12,21,64000,5aedd8d266705bc6a2d3707133099ec30d33581eebbacecdcfd9a7ff67471bb1,9/17/2022 5:36:51 PM
Bearing (1) Combination 75 Trial 22.csv,Fault data split 75/Bearing (1) Combination 75 Trial 22.csv,1,12,22,64000,0e316431f51920f68081c81ecf027f2ebfeeb9d81f90a8116bff61f3f58ca46c,9/17/2022 5:37:07 PM
Bearing (1) Combination 75 Trial 23.csv,Fault data split 75/Bearing (1) Combination 75 Trial 23.csv,1,12,23,64000,c013b9e2b4666fb7c28157572c475416eb48c333d74f21bcbed3a95c406774e0,9/17/2022 5:37:24 PM
Bearing (1) Combination 75 Trial 24.csv,Fault data split 75/Bearing (1) Combination 75 Trial 24.csv,1,12,24,64000,2c4c605b3f38b61ae65b6ab545c08cd0363ca8a773d2a7912cd8394f582f6881,9/17/2022 5:37:42 PM
Bearing (1) Combination 75 Trial 25.csv,Fault data split 75/Bearing (1) Combination 75 Trial 25.csv,1,12,25,64000,7f5ee42d6ad6231a99af90013ac2616c79b5df641e5ec62fe291e3e9b2fe0030,9/17/2022 5:38:00 PM
Bearing (1) Combination 75 Trial 3.csv,Fault data split 75/Bearing (1) Combination 75 Trial 3.csv,1,12,3,64000,a34b8c97a40fe5f313f642b776d62d5ce52439d1dc94bed753ac62b2716a85d6,9/17/2022 5:18:09 PM
Bearing (1) Combination 75 Trial 4.csv,Fault data split 75/Bearing (1) Combination 75 Trial 4.csv,1,12,4,64000,78176ab3448b6132929b752a74663993803e608e99f46682d6bb176136da8ac1,9/17/2022 5:18:26 PM
Bearing (1) Combination 75 Trial 5.csv,Fault data split 75/Bearing (1) Combination 75 Trial 5.csv,1,12,5,64000,f3791167078f83db87ba4a7fe7ae18b5a9f9aece9ee26e7f335c187507f669c0,9/17/2022 5:18:53 PM
Bearing (1) Combination 75 Trial 6.csv,Fault data split 75/Bearing (1) Combination 75 Trial 6.csv,1,12,6,64000,2b529e0376c5e41320b485e8e20fa20c272e24943b86efa6b635b357c9dd90b8,9/17/2022 5:19:24 PM
Bearing (1) Combination 75 Trial 7.csv,Fault data split 75/Bearing (1) Combination 75 Trial 7.csv,1,12,7,64000,1634de1f4f20773534865af1bf7755f9fa270f25b6f2834453dc1fc54a5c725a,9/17/2022 5:19:40 PM
Bearing (1) Combination 75 Trial 8.csv,Fault data split 75/Bearing (1) Combination 75 Trial 8.csv,1,12,8,64000,7565de8368bc963fcc393abed0f8ed9fad3f69ad23d1d7901fbc9f950104a1cf,9/17/2022 5:19:56 PM
Bearing (1) Combination 75 Trial 9.csv,Fault data split 75/Bearing (1) Combination 75 Trial 9.csv,1,12,9,64000,76e58ae352607fa2d860fac674e4190ba36879f6f0a760a623507f3168a381c7,9/17/2022 5:20:16 PM
Bearing (1) Inner & Bearing (2) Ball 75 Trial 1.csv,Fault data split 75/Bearing (1) Inner & Bearing (2) Ball 75 Trial 1.csv,1,15,1,64000,4b3b61bf02e270d43e7ebf9803bb6ff53d08951db61cbacd002dfdf50a6c510d,9/10/2022 6:12:32 PM
Bearing (1) Inner & Bearing (2) Ball 75 Trial 10.csv,Fault data split 75/Bearing (1) Inner & Bearing (2) Ball 75 Trial 10.csv,1,15,10,64000,2a036947beb703923537009f8395a3ea00353be1c32a8f292fba9280fef776fd,9/10/2022 6:14:50 PM
Bearing (1) Inner & Bearing (2) Ball 75 Trial 11.csv,Fault data split 75/Bearing (1) Inner & Bearing (2) Ball 75 Trial 11.csv,1,15,11,64000,95471b522e43f4c06443b0f280fd4f8aeba3b2cb5acbcaef131dd6e533fb5447,9/10/2022 6:15:06 PM
Bearing (1) Inner & Bearing (2) Ball 75 Trial 12.csv,Fault data split 75/Bearing (1) Inner & Bearing (2) Ball 75 Trial 12.csv,1,15,12,64000,3e450bf60bfbbb8108e5718e5409621d7e865f1dcae5c70f091428885d2ecf00,9/10/2022 6:15:21 PM
Bearing (1) Inner & Bearing (2) Ball 75 Trial 13.csv,Fault data split 75/Bearing (1) Inner & Bearing (2) Ball 75 Trial 13.csv,1,15,13,64000,0d8779dc28b38a20a33551fefd4e714efbd8a656e84a504115fef1a4fb2bb333,9/10/2022 6:15:34 PM
Bearing (1) Inner & Bearing (2) Ball 75 Trial 14.csv,Fault data split 75/Bearing (1) Inner & Bearing (2) Ball 75 Trial 14.csv,1,15,14,64000,b227a9249e6f86c942d2ade66cd7b72b83ef71e3d9c0fe86a3c118de52821edf,9/10/2022 6:15:50 PM
Bearing (1) Inner & Bearing (2) Ball 75 Trial 15.csv,Fault data split 75/Bearing (1) Inner & Bearing (2) Ball 75 Trial 15.csv,1,15,15,64000,e773f35d125b9c1d348d3a47e8fb5e2f13d135cf13c84090bd06057f2600ef4f,9/10/2022 6:16:03 PM
Bearing (1) Inner & Bearing (2) Ball 75 Trial 16.csv,Fault data split 75/Bearing (1) Inner & Bearing (2) Ball 75 Trial 16.csv,1,15,16,64000,741605a77ee6c409f5effafc73631cd9300a2c323da095464cf8ba3f12345eeb,9/10/2022 6:16:25 PM
Bearing (1) Inner & Bearing (2) Ball 75 Trial 17.csv,Fault data split 75/Bearing (1) Inner & Bearing (2) Ball 75 Trial 17.csv,1,15,17,64000,b0850ae0c413a1dddca4cc7f0472167a0437db3c6b9fec8851ee6e9adb78e277,9/10/2022 6:16:42 PM
Bearing (1) Inner & Bearing (2) Ball 75 Trial 18.csv,Fault data split 75/Bearing (1) Inner & Bearing (2) Ball 75 Trial 18.csv,1,15,18,64000,b4fb1ddb5b2f7d700e1eaa90c9963bd4e4cf8d004241bd79d82480b366355b52,9/10/2022 6:16:59 PM
Bearing (1) Inner & Bearing (2) Ball 75 Trial 19.csv,Fault data split 75/Bearing (1) Inner & Bearing (2) Ball 75 Trial 19.csv,1,15,19,64000,b65ec8f8c763e0951b17ef0a1f25229d49ced91b4268a2f16c2ba9e2acdc8b70,9/10/2022 6:17:14 PM
Bearing (1) Inner & Bearing (2) Ball 75 Trial 2.csv,Fault data split 75/Bearing (1) Inner & Bearing (2) Ball 75 Trial 2.csv,1,15,2,64000,78c7eea59d5353cf28bb8afafa3bf5a86c24cda31bcb86feb955fe5187b51f70,9/10/2022 6:12:48 PM
Bearing (1) Inner & Bearing (2) Ball 75 Trial 20.csv,Fault data split 75/Bearing (1) Inner & Bearing (2) Ball 75 Trial 20.csv,1,15,20,64000,7b297c865888391c05f988cfba7c998c518af3d8727da8493a0b776bbc3f90d8,9/10/2022 6:17:28 PM
Bearing (1) Inner & Bearing (2) Ball 75 Trial 21.csv,Fault data split 75/Bearing (1) Inner & Bearing (2) Ball 75 Trial 21.csv,1,15,21,64000,efd842a13fb05e8c0f7ea8e3a9b9c5eb7d4c69b4e38fb93d0a5c4b79255ae5b6,9/10/2022 6:17:44 PM
Bearing (1) Inner & Bearing (2) Ball 75 Trial 22.csv,Fault data split 75/Bearing (1) Inner & Bearing (2) Ball 75 Trial 22.csv,1,15,22,64000,6cc20a780a18fefedc038572630eea26af2ab38aeef62a559fb3d993f86d10ca,9/10/2022 6:17:59 PM
Bearing (1) Inner & Bearing (2) Ball 75 Trial 23.csv,Fault data split 75/Bearing (1) Inner & Bearing (2) Ball 75 Trial 23.csv,1,15,23,64000,cd24e7cdcb0bb1b7917d0a37d25fb8f5963bdfe2b73eafa83e6b6384e337e5f1,9/10/2022 6:18:16 PM
Bearing (1) Inner & Bearing (2) Ball 75 Trial 24.csv,Fault data split 75/Bearing (1) Inner & Bearing (2) Ball 75 Trial 24.csv,1,15,24,64000,bfb2585cc490b954951f43ca985ea31e2576bd4186bd1052b52f7d478eb4b447,9/10/2022 6:18:31 PM
Bearing (1) Inner & Bearing (2) Ball 75 Trial 25.csv,Fault data split 75/Bearing (1) Inner & Bearing (2) Ball 75 Trial 25.csv,1,15,25,64000,7554a5450c1362ed62874782be437e19fcf3902d2d38a83b1d773f580368cda6,9/10/2022 6:18:50 PM
Bearing (1) Inner & Bearing (2) Ball 75 Trial 3.csv,Fault data split 75/Bearing (1) Inner & Bearing (2) Ball 75 Trial 3.csv,1,15,3,64000,fe57de24c83af031b04e4735dc57545ae6080f9c0fa88588800d902ab83e6037,9/10/2022 6:13:03 PM
Bearing (1) Inner & Bearing (2) Ball 75 Trial 4.csv,Fault data split 75/Bearing (1) Inner & Bearing (2) Ball 75 Trial 4.csv,1,15,4,64000,9a992f725346563ab672658897daf74b7d2bba7d6e155e74122e9e90175bcf13,9/10/2022 6:13:18 PM
Bearing (1) Inner & Bearing (2) Ball 75 Trial 5.csv,Fault data split 75/Bearing (1) Inner & Bearing (2) Ball 75 Trial 5.csv,1,15,5,64000,3f5c0a25666edc5f48c1eca125eeb343b169f893f5af76986d927056d2615abc,9/10/2022 6:13:33 PM
Bearing (1) Inner & Bearing (2) Ball 75 Trial 6.csv,Fault data split 75/Bearing (1) Inner & Bearing (2) Ball 75 Trial 6.csv,1,15,6,64000,016eb6b93ab25b05367d3fcdea3b716df1b768cb6e90f559f1aaa98be8028888,9/10/2022 6:13:50 PM
Bearing (1) Inner & Bearing (2) Ball 75 Trial 7.csv,Fault data split 75/Bearing (1) Inner & Bearing (2) Ball 75 Trial 7.csv,1,15,7,64000,9f8752808a443dad8e498329b3972e80fe74d59745d75508f0b6cec5dfde1dcd,9/10/2022 6:14:05 PM
Bearing (1) Inner & Bearing (2) Ball 75 Trial 8.csv,Fault data split 75/Bearing (1) Inner & Bearing (2) Ball 75 Trial 8.csv,1,15,8,64000,eb79c9244212bfcfbe459ba72e068b01d00ac1dcf6e6ba7ccbcdcb00e2ff2102,9/10/2022 6:14:20 PM
Bearing (1) Inner & Bearing (2) Ball 75 Trial 9.csv,Fault data split 75/Bearing (1) Inner & Bearing (2) Ball 75 Trial 9.csv,1,15,9,64000,06d5e3eacef948cbb2df7ca7b51048405898246cc39e7f4b52d155acd452a5cd,9/10/2022 6:14:35 PM
Bearing (1) Inner & Bearing (2) Combination 75 Trial 1.csv,Fault data split 75/Bearing (1) Inner & Bearing (2) Combination 75 Trial 1.csv,1,16,1,64000,8a3ac132071ff111e1ffde4e91e8712e6da3c144f4246eabea8eeb0c0e67c8e5,9/10/2022 4:17:02 PM
Bearing (1) Inner & Bearing (2) Combination 75 Trial 10.csv,Fault data split 75/Bearing (1) Inner & Bearing (2) Combination 75 Trial 10.csv,1,16,10,64000,a60cc73c34577a016a57a95973d7d3d631bb1f91ef718d6879ad44aab0457a08,9/10/2022 4:19:17 PM
Bearing (1) Inner & Bearing (2) Combination 75 Trial 11.csv,Fault data split 75/Bearing (1) Inner & Bearing (2) Combination 75 Trial 11.csv,1,16,11,64000,51c1e3bf14ed8c176a0e4689542622f92e22cf6826fdc0ea9efdba6e98e3bb3d,9/10/2022 4:19:32 PM
Bearing (1) Inner & Bearing (2) Combination 75 Trial 12.csv,Fault data split 75/Bearing (1) Inner & Bearing (2) Combination 75 Trial 12.csv,1,16,12,64000,15a30be96f43a34123f68242017e93f69d00c5ba2303ea5a34efac7756409bae,9/10/2022 4:19:47 PM
Bearing (1) Inner & Bearing (2) Combination 75 Trial 13.csv,Fault data split 75/Bearing (1) Inner & Bearing (2) Combination 75 Trial 13.csv,1,16,13,64000,9081423de4d1327f415f75656cf875cee7e7dc89f1708109477a5bf6bac4ebd8,9/10/2022 4:20:03 PM
Bearing (1) Inner & Bearing (2) Combination 75 Trial 14.csv,Fault data split 75/Bearing (1) Inner & Bearing (2) Combination 75 Trial 14.csv,1,16,14,64000,22f82a19375ec70c9d6364115dcf4713acdafb6d67259479529637da1781aa66,9/10/2022 4:20:19 PM
Bearing (1) Inner & Bearing (2) Combination 75 Trial 15.csv,Fault data split 75/Bearing (1) Inner & Bearing (2) Combination 75 Trial 15.csv,1,16,15,64000,8684cfef15e05e4c38aa9d178b12b7e0dc5ef5e15c9340cb9ce32e59ead42d01,9/10/2022 4:20:35 PM
Bearing (1) Inner & Bearing (2) Combination 75 Trial 16.csv,Fault data split 75/Bearing (1) Inner & Bearing (2) Combination 75 Trial 16.csv,1,16,16,64000,85afba02d67309b1e9ece93c6820ce457534a6bc7f1264bf177b57aa49e29b5e,9/10/2022 4:20:55 PM
Bearing (1) Inner & Bearing (2) Combination 75 Trial 17.csv,Fault data split 75/Bearing (1) Inner & Bearing (2) Combination 75 Trial 17.csv,1,16,17,64000,fc99d975c86eb8237df4d24de4bf414d7a949753fff3268f589bf2dcbd05873b,9/10/2022 4:21:13 PM
Bearing (1) Inner & Bearing (2) Combination 75 Trial 18.csv,Fault data split 75/Bearing (1) Inner & Bearing (2) Combination 75 Trial 18.csv,1,16,18,64000,512efeb0c76e29483015f245d66324dbbc0d366b2f24fdff572b0c9be9298243,9/10/2022 4:21:28 PM
Bearing (1) Inner & Bearing (2) Combination 75 Trial 19.csv,Fault data split 75/Bearing (1) Inner & Bearing (2) Combination 75 Trial 19.csv,1,16,19,64000,7c4ca31d168e8673f76f8a6c1dda0df412b21eda1e602a860a4448b09492632e,9/10/2022 4:21:44 PM
Bearing (1) Inner & Bearing (2) Combination 75 Trial 2.csv,Fault data split 75/Bearing (1) Inner & Bearing (2) Combination 75 Trial 2.csv,1,16,2,64000,78ec0284f86879f86677c0f808b8dff2d42abe92b0f21dacdb795302419c2ad0,9/10/2022 4:17:17 PM
Bearing (1) Inner & Bearing (2) Combination 75 Trial 20.csv,Fault data split 75/Bearing (1) Inner & Bearing (2) Combination 75 Trial 20.csv,1,16,20,64000,e712cb109746bcb6812c61c9e5847e5370b6bcf506bd79bc74189ab469de00b9,9/10/2022 4:21:58 PM
Bearing (1) Inner & Bearing (2) Combination 75 Trial 21.csv,Fault data split 75/Bearing (1) Inner & Bearing (2) Combination 75 Trial 21.csv,1,16,21,64000,ff9944ed32e780d8183360402283eaac309b8f170c1069d5a1e7416a4feca3ba,9/10/2022 4:22:15 PM
Bearing (1) Inner & Bearing (2) Combination 75 Trial 22.csv,Fault data split 75/Bearing (1) Inner & Bearing (2) Combination 75 Trial 22.csv,1,16,22,64000,de25de5226c598406b50ea3c888d6f0dc06beee1db093a936bd6b98c950220b9,9/10/2022 4:22:35 PM
Bearing (1) Inner & Bearing (2) Combination 75 Trial 23.csv,Fault data split 75/Bearing (1) Inner & Bearing (2) Combination 75 Trial 23.csv,1,16,23,64000,1f88df705b44df23fbeba960cc6aff79b0b009ed959187dff5eea7400f7db637,9/10/2022 4:22:51 PM
Bearing (1) Inner & Bearing (2) Combination 75 Trial 24.csv,Fault data split 75/Bearing (1) Inner & Bearing (2) Combination 75 Trial 24.csv,1,16,24,64000,b83f878c14b5f5298f39c52a8d2c608078f3bb266adc3dd5d0339a986bb39603,9/10/2022 4:23:07 PM
Bearing (1) Inner & Bearing (2) Combination 75 Trial 25.csv,Fault data split 75/Bearing (1) Inner & Bearing (2) Combination 75 Trial 25.csv,1,16,25,64000,16f61ea276aacc179ca48bc43dcd30ae623492b9b69b27fc6d08ce2304628b6a,9/10/2022 4:23:25 PM
Bearing (1) Inner & Bearing (2) Combination 75 Trial 3.csv,Fault data split 75/Bearing (1) Inner & Bearing (2) Combination 75 Trial 3.csv,1,16,3,64000,0274ae38c4fc48c892ea54b721d48b9ee8e7cf866c4a391c187ee2267e16da2a,9/10/2022 4:17:32 PM
Bearing (1) Inner & Bearing (2) Combination 75 Trial 4.csv,Fault data split 75/Bearing (1) Inner & Bearing (2) Combination 75 Trial 4.csv,1,16,4,64000,64e413d0ded9d5d4dc05cc56214e0b854359cf81700525f66cdd044280b0e8f1,9/10/2022 4:17:47 PM
Bearing (1) Inner & Bearing (2) Combination 75 Trial 5.csv,Fault data split 75/Bearing (1) Inner & Bearing (2) Combination 75 Trial 5.csv,1,16,5,64000,3da3b122e0e4245eb8a89c34d653d90f9b2186fc57d5c6daac17c8fa4a7965ed,9/10/2022 4:18:02 PM
Bearing (1) Inner & Bearing (2) Combination 75 Trial 6.csv,Fault data split 75/Bearing (1) Inner & Bearing (2) Combination 75 Trial 6.csv,1,16,6,64000,48301da185cd29a6c2ce902dccc8142dad87410e6be3663218273c3c634ddc82,9/10/2022 4:18:17 PM
Bearing (1) Inner & Bearing (2) Combination 75 Trial 7.csv,Fault data split 75/Bearing (1) Inner & Bearing (2) Combination 75 Trial 7.csv,1,16,7,64000,5d6daaecec8df18389c53f28d02571acfb2efceb827ee32aa039ee49fcd352f4,9/10/2022 4:18:31 PM
Bearing (1) Inner & Bearing (2) Combination 75 Trial 8.csv,Fault data split 75/Bearing (1) Inner & Bearing (2) Combination 75 Trial 8.csv,1,16,8,64000,04e969cbeb81d2fc2018c49d03df10515d58b8a42a65e6eb2a056586eca0f899,9/10/2022 4:18:45 PM
Bearing (1) Inner & Bearing (2) Combination 75 Trial 9.csv,Fault data split 75/Bearing (1) Inner & Bearing (2) Combination 75 Trial 9.csv,1,16,9,64000,638a152dc739afebeaa083e010f51f9833357198f790c96845351b875faff1e1,9/10/2022 4:19:01 PM
Bearing (1) Inner & Bearing (2) Outer 75 Trial 1.csv,Fault data split 75/Bearing (1) Inner & Bearing (2) Outer 75 Trial 1.csv,1,17,1,64000,4d4d3bc69bdf0693a6b187357fdfbd97916c3459e279b2612b38a5c12c10cb32,9/10/2022 5:25:54 PM
Bearing (1) Inner & Bearing (2) Outer 75 Trial 10.csv,Fault data split 75/Bearing (1) Inner & Bearing (2) Outer 75 Trial 10.csv,1,17,10,64000,c8788c64c608290bf41ff73217c0afc9255c32ffd23ef072ccf71a5f94d888ab,9/10/2022 5:28:06 PM
Bearing (1) Inner & Bearing (2) Outer 75 Trial 11.csv,Fault data split 75/Bearing (1) Inner & Bearing (2) Outer 75 Trial 11.csv,1,17,11,64000,c221065daaef02ef07521ee40aaa48d1cff332a10ffa9801d21e432b7466d93b,9/10/2022 5:28:21 PM
Bearing (1) Inner & Bearing (2) Outer 75 Trial 12.csv,Fault data split 75/Bearing (1) Inner & Bearing (2) Outer 75 Trial 12.csv,1,17,12,64000,0ef39c10bce480bfa0c2625d869141d0d4e494d4baf1beab1e83b68114c56758,9/10/2022 5:28:36 PM
Bearing (1) Inner & Bearing (2) Outer 75 Trial 13.csv,Fault data split 75/Bearing (1) Inner & Bearing (2) Outer 75 Trial 13.csv,1,17,13,64000,05bbb66d11a82efae9968b26ffe0a505c4380885ef8689c77ce549419ace205e,9/10/2022 5:28:52 PM
Bearing (1) Inner & Bearing (2) Outer 75 Trial 14.csv,Fault data split 75/Bearing (1) Inner & Bearing (2) Outer 75 Trial 14.csv,1,17,14,64000,0617b138c8a450006e446516eac4880d836a74fcebd643671b1cd1bdfaf95bdc,9/10/2022 5:29:07 PM
Bearing (1) Inner & Bearing (2) Outer 75 Trial 15.csv,Fault data split 75/Bearing (1) Inner & Bearing (2) Outer 75 Trial 15.csv,1,17,15,64000,262dc7a48422cbc8e4937f5ea826ef1ef735ecccedc91b6e28eb3394cc8bc788,9/10/2022 5:29:23 PM
Bearing (1) Inner & Bearing (2) Outer 75 Trial 16.csv,Fault data split 75/Bearing (1) Inner & Bearing (2) Outer 75 Trial 16.csv,1,17,16,64000,5f770991afe0eb43236830f8f4f2117da41a09bf476c12070a3f5213a8d40a9b,9/10/2022 5:29:38 PM
Bearing (1) Inner & Bearing (2) Outer 75 Trial 17.csv,Fault data split 75/Bearing (1) Inner & Bearing (2) Outer 75 Trial 17.csv,1,17,17,64000,41ed8d90ec8713158bb8192ed076d5fe3a9378fc77b3b4effd90274a8f192b5e,9/10/2022 5:29:54 PM
Bearing (1) Inner & Bearing (2) Outer 75 Trial 18.csv,Fault data split 75/Bearing (1) Inner & Bearing (2) Outer 75 Trial 18.csv,1,17,18,64000,0e03f21f9ee17bfa75f8524b7a319abcdb3dbed08dfc36ec59b7d10b8acba14d,9/10/2022 5:30:10 PM
Bearing (1) Inner & Bearing (2) Outer 75 Trial 19.csv,Fault data split 75/Bearing (1) Inner & Bearing (2) Outer 75 Trial 19.csv,1,17,19,64000,da2f2fff0704e9db94f24dfb091de259c9e0754adf8669b6e24587664832d25b,9/10/2022 5:30:25 PM
Bearing (1) Inner & Bearing (2) Outer 75 Trial 2.csv,Fault data split 75/Bearing (1) Inner & Bearing (2) Outer 75 Trial 2.csv,1,17,2,64000,4593d110a1f41683ae745a0795313c462b605e82c42e886a02f0e4e4106ac448,9/10/2022 5:26:08 PM
Bearing (1) Inner & Bearing (2) Outer 75 Trial 20.csv,Fault data split 75/Bearing (1) Inner & Bearing (2) Outer 75 Trial 20.csv,1,17,20,64000,1a9ec758d6191f8052b91e40f04140d6f3e988465fa0af2eafa56ca926c84893,9/10/2022 5:30:41 PM
Bearing (1) Inner & Bearing (2) Outer 75 Trial 21.csv,Fault data split 75/Bearing (1) Inner & Bearing (2) Outer 75 Trial 21.csv,1,17,21,64000,0010cdd4eee6d558c74cbeffee78db1e4e9ae50c9506d8d85ae16b445cb303b9,9/10/2022 5:30:56 PM
Bearing (1) Inner & Bearing (2) Outer 75 Trial 22.csv,Fault data split 75/Bearing (1) Inner & Bearing (2) Outer 75 Trial 22.csv,1,17,22,64000,3485c1599c010a7e56f2e4eff4b446d1a0714b92bb11ce29bc395476b51105de,9/10/2022 5:31:13 PM
Bearing (1) Inner & Bearing (2) Outer 75 Trial 23.csv,Fault data split 75/Bearing (1) Inner & Bearing (2) Outer 75 Trial 23.csv,1,17,23,64000,f0796b1465092c9063a255668d046a5d7cb4ef0d71d2cd96afb7027c09c38bad,9/10/2022 5:31:30 PM
Bearing (1) Inner & Bearing (2) Outer 75 Trial 24.csv,Fault data split 75/Bearing (1) Inner & Bearing (2) Outer 75 Trial 24.csv,1,17,24,64000,7cc4007a3f7753262509a989f0fda9bc9f5c3b0cb5b89af0b5f0970d7efdfa11,9/10/2022 5:31:45 PM
Bearing (1) Inner & Bearing (2) Outer 75 Trial 25.csv,Fault data split 75/Bearing (1) Inner & Bearing (2) Outer 75 Trial 25.csv,1,17,25,64000,80e5f02e34e7144f9951fee47937cbc85effda11048bc35a97f9b82a92e1dff7,9/10/2022 5:32:00 PM
Bearing (1) Inner & Bearing (2) Outer 75 Trial 3.csv,Fault data split 75/Bearing (1) Inner & Bearing (2) Outer 75 Trial 3.csv,1,17,3,64000,5ca1963b7f277c23f1cb2d48505c703a5947f464c679dca146358fd0c84af0d3,9/10/2022 5:26:21 PM
Bearing (1) Inner & Bearing (2) Outer 75 Trial 4.csv,Fault data split 75/Bearing (1) Inner & Bearing (2) Outer 75 Trial 4.csv,1,17,4,64000,254d1ed5d36b2954d8b35ac2fd972323596b0a8f37eb2b5e29ecf2c566881a6e,9/10/2022 5:26:37 PM
Bearing (1) Inner & Bearing (2) Outer 75 Trial 5.csv,Fault data split 75/Bearing (1) Inner & Bearing (2) Outer 75 Trial 5.csv,1,17,5,64000,233de1fc0126abe7cc05d44cfd7b7f70c5bceb2e2d14030c4e717aa3a2148234,9/10/2022 5:26:52 PM
Bearing (1) Inner & Bearing (2) Outer 75 Trial 6.csv,Fault data split 75/Bearing (1) Inner & Bearing (2) Outer 75 Trial 6.csv,1,17,6,64000,a7107e3819f198ea71b3e3a01078b6a040a0856ed17cbb1eed424528ed5bdd1c,9/10/2022 5:27:06 PM
Bearing (1) Inner & Bearing (2) Outer 75 Trial 7.csv,Fault data split 75/Bearing (1) Inner & Bearing (2) Outer 75 Trial 7.csv,1,17,7,64000,58a1bd76b6b51aa405696d9832fae5ad732c141c66d4da71ed49a3561774f1e3,9/10/2022 5:27:22 PM
Bearing (1) Inner & Bearing (2) Outer 75 Trial 8.csv,Fault data split 75/Bearing (1) Inner & Bearing (2) Outer 75 Trial 8.csv,1,17,8,64000,31c7684bd92f1f2d5397e77396778dfb42fbffa17e1f0464f8e4f0ab9b39aaf1,9/10/2022 5:27:37 PM
Bearing (1) Inner & Bearing (2) Outer 75 Trial 9.csv,Fault data split 75/Bearing (1) Inner & Bearing (2) Outer 75 Trial 9.csv,1,17,9,64000,af67a260e02ad2cb6a809e930a1259e259e58d8eadea82ef731cabd410a1eba4,9/10/2022 5:27:52 PM
Bearing (1) Inner & Shaft Fault ( Coupling End Bent) 75 Trial 1.csv,Fault data split 75/Bearing (1) Inner & Shaft Fault ( Coupling End Bent) 75 Trial 1.csv,1,18,1,64000,acc68892b9453d88828fde3feab1145de27aaa9e1b878d6714adb906ddb01b2a,9/20/2022 11:43:11 AM
Bearing (1) Inner & Shaft Fault ( Coupling End Bent) 75 Trial 10.csv,Fault data split 75/Bearing (1) Inner & Shaft Fault ( Coupling End Bent) 75 Trial 10.csv,1,18,10,64000,d6d7205d905759fe88b8b090e8570b377250fbae29407a437291d445793b118f,9/20/2022 11:45:38 AM
Bearing (1) Inner & Shaft Fault ( Coupling End Bent) 75 Trial 11.csv,Fault data split 75/Bearing (1) Inner & Shaft Fault ( Coupling End Bent) 75 Trial 11.csv,1,18,11,64000,8fcfce801af647d68c8ac6e2312d42d03e26273e48b56f080c3c1975ae820a67,9/20/2022 11:45:52 AM
Bearing (1) Inner & Shaft Fault ( Coupling End Bent) 75 Trial 12.csv,Fault data split 75/Bearing (1) Inner & Shaft Fault ( Coupling End Bent) 75 Trial 12.csv,1,18,12,64000,49baa6aeacebb1ca66bb49511e2667b1957f20421a0eed39ef8deb8532a8931a,9/20/2022 11:46:07 AM
Bearing (1) Inner & Shaft Fault ( Coupling End Bent) 75 Trial 13.csv,Fault data split 75/Bearing (1) Inner & Shaft Fault ( Coupling End Bent) 75 Trial 13.csv,1,18,13,64000,8d8aa0b87138aec9f98866e146c1b099189051265f9d9bb902dbbeb1b37863b3,9/20/2022 11:46:22 AM
Bearing (1) Inner & Shaft Fault ( Coupling End Bent) 75 Trial 14.csv,Fault data split 75/Bearing (1) Inner & Shaft Fault ( Coupling End Bent) 75 Trial 14.csv,1,18,14,64000,292197bfbabed1d111b1ce4ed1ead7864d45227f2e8e73e9b43ec6ce94c83b78,9/20/2022 11:46:36 AM
Bearing (1) Inner & Shaft Fault ( Coupling End Bent) 75 Trial 15.csv,Fault data split 75/Bearing (1) Inner & Shaft Fault ( Coupling End Bent) 75 Trial 15.csv,1,18,15,64000,045d556e5823f021e12d1b0f1145b5b9d4014836db2e31ceda7dbf1641de4b6a,9/20/2022 11:46:54 AM
Bearing (1) Inner & Shaft Fault ( Coupling End Bent) 75 Trial 16.csv,Fault data split 75/Bearing (1) Inner & Shaft Fault ( Coupling End Bent) 75 Trial 16.csv,1,18,16,64000,58d01ea454ae48164390084e3e47c22200b4769a0440bbbed9c795b7db072b8f,9/20/2022 11:47:08 AM
Bearing (1) Inner & Shaft Fault ( Coupling End Bent) 75 Trial 17.csv,Fault data split 75/Bearing (1) Inner & Shaft Fault ( Coupling End Bent) 75 Trial 17.csv,1,18,17,64000,6aead4809a984f5f41616b0f8cce1c2bb234bb7ce941de825bb43df5e5c49af5,9/20/2022 11:47:24 AM
Bearing (1) Inner & Shaft Fault ( Coupling End Bent) 75 Trial 18.csv,Fault data split 75/Bearing (1) Inner & Shaft Fault ( Coupling End Bent) 75 Trial 18.csv,1,18,18,64000,0705c4cc88eab5ea5d360164bcd5818487be304ec6c3d11b5488488b4dd9567d,9/20/2022 11:47:40 AM
Bearing (1) Inner & Shaft Fault ( Coupling End Bent) 75 Trial 19.csv,Fault data split 75/Bearing (1) Inner & Shaft Fault ( Coupling End Bent) 75 Trial 19.csv,1,18,19,64000,e1c7dadea5be6bc70a17d80ef1e28665837144ec855d76f98314ae3cfd04cad1,9/20/2022 11:47:57 AM
Bearing (1) Inner & Shaft Fault ( Coupling End Bent) 75 Trial 2.csv,Fault data split 75/Bearing (1) Inner & Shaft Fault ( Coupling End Bent) 75 Trial 2.csv,1,18,2,64000,8784bd5145fa0c202565d0d451105317c1d9162958a7378650e605b4357b7ce0,9/20/2022 11:43:25 AM
Bearing (1) Inner & Shaft Fault ( Coupling End Bent) 75 Trial 20.csv,Fault data split 75/Bearing (1) Inner & Shaft Fault ( Coupling End Bent) 75 Trial 20.csv,1,18,20,64000,0c18c8915a650deaa420f538b24e7d80a61c67d4e5e4a56a8abd7fc9553fe473,9/20/2022 11:48:13 AM
Bearing (1) Inner & Shaft Fault ( Coupling End Bent) 75 Trial 21.csv,Fault data split 75/Bearing (1) Inner & Shaft Fault ( Coupling End Bent) 75 Trial 21.csv,1,18,21,64000,9abaeb58b62adb1dffabc7818e83bc6d8754e6cec83f2b896cc91ead4ef98f45,9/20/2022 11:48:29 AM
Bearing (1) Inner & Shaft Fault ( Coupling End Bent) 75 Trial 22.csv,Fault data split 75/Bearing (1) Inner & Shaft Fault ( Coupling End Bent) 75 Trial 22.csv,1,18,22,64000,227331002ffa7163c9c13cfa8fd49ac8fb97f67257af69fdebcd5b9f4b3c8e6b,9/20/2022 11:48:45 AM
Bearing (1) Inner & Shaft Fault ( Coupling End Bent) 75 Trial 23.csv,Fault data split 75/Bearing (1) Inner & Shaft Fault ( Coupling End Bent) 75 Trial 23.csv,1,18,23,64000,f78ebc854f791f39198a0768bc6e3386d93ea554dabaffc2639e3971e6359369,9/20/2022 11:49:00 AM
Bearing (1) Inner & Shaft Fault ( Coupling End Bent) 75 Trial 24.csv,Fault data split 75/Bearing (1) Inner & Shaft Fault ( Coupling End Bent) 75 Trial 24.csv,1,18,24,64000,9cd5bea7dc4d3b4ba68fc15f4eba9a15dd40c80eb1afe8bea307c33ec9c932a6,9/20/2022 11:49:20 AM
Bearing (1) Inner & Shaft Fault ( Coupling End Bent) 75 Trial 25.csv,Fault data split 75/Bearing (1) Inner & Shaft Fault ( Coupling End Bent) 75 Trial 25.csv,1,18,25,64000,ab945d2862e0bf166aba27edac87820d2a851c5979a3cffc860e74a4d270aa91,9/20/2022 11:49:41 AM
Bearing (1) Inner & Shaft Fault ( Coupling End Bent) 75 Trial 3.csv,Fault data split 75/Bearing (1) Inner & Shaft Fault ( Coupling End Bent) 75 Trial 3.csv,1,18,3,64000,e92ae9b10de46c01357d75ed5f201a547e2b143c09b31869e7ab3929ae3f0008,9/20/2022 11:43:45 AM
Bearing (1) Inner & Shaft Fault ( Coupling End Bent) 75 Trial 4.csv,Fault data split 75/Bearing (1) Inner & Shaft Fault ( Coupling End Bent) 75 Trial 4.csv,1,18,4,64000,9c8c20332bd6b6d9572d83a29a29dc307a7cf24589c17c256c5131502e64ccc6,9/20/2022 11:44:01 AM
Bearing (1) Inner & Shaft Fault ( Coupling End Bent) 75 Trial 5.csv,Fault data split 75/Bearing (1) Inner & Shaft Fault ( Coupling End Bent) 75 Trial 5.csv,1,18,5,64000,188f8da9e04ae2ffd9ac56dfad2676f774f0896e1a158827a9ec7d618810656f,9/20/2022 11:44:15 AM
Bearing (1) Inner & Shaft Fault ( Coupling End Bent) 75 Trial 6.csv,Fault data split 75/Bearing (1) Inner & Shaft Fault ( Coupling End Bent) 75 Trial 6.csv,1,18,6,64000,6dd4e7b3a13f8b1d579d55b0ec63d0462a2fe41e8c8337ea524c34345f7370e1,9/20/2022 11:44:32 AM
Bearing (1) Inner & Shaft Fault ( Coupling End Bent) 75 Trial 7.csv,Fault data split 75/Bearing (1) Inner & Shaft Fault ( Coupling End Bent) 75 Trial 7.csv,1,18,7,64000,f17802cc5a3ece4f87d6cf34e28bad7ab6926c440836582c23bbb7571d67bcf2,9/20/2022 11:44:48 AM
Bearing (1) Inner & Shaft Fault ( Coupling End Bent) 75 Trial 8.csv,Fault data split 75/Bearing (1) Inner & Shaft Fault ( Coupling End Bent) 75 Trial 8.csv,1,18,8,64000,ca8aca369cf5a9ac4264604494e6732e9c2895d06fda1ce6153145c96d3162c0,9/20/2022 11:45:03 AM
Bearing (1) Inner & Shaft Fault ( Coupling End Bent) 75 Trial 9.csv,Fault data split 75/Bearing (1) Inner & Shaft Fault ( Coupling End Bent) 75 Trial 9.csv,1,18,9,64000,a5ef56d8fc466ffbdf82453bf84dc642bed76385487d6103080972fdcdd69ec7,9/20/2022 11:45:19 AM
Bearing (1) Inner & Shaft Fault (Centerally bent) 75 Trial 1.csv,Fault data split 75/Bearing (1) Inner & Shaft Fault (Centerally bent) 75 Trial 1.csv,1,19,1,64000,82e1d4604c519cac36509895fe3da138b7a36c40a55d75acd441778b2fbdbbcb,9/29/2022 12:42:39 PM
Bearing (1) Inner & Shaft Fault (Centerally bent) 75 Trial 10.csv,Fault data split 75/Bearing (1) Inner & Shaft Fault (Centerally bent) 75 Trial 10.csv,1,19,10,64000,7c4b12d3ba1cab48ad9fe07bb94fc60f7d4e782bf30218c20dd444161f8df379,9/29/2022 12:45:13 PM
Bearing (1) Inner & Shaft Fault (Centerally bent) 75 Trial 11.csv,Fault data split 75/Bearing (1) Inner & Shaft Fault (Centerally bent) 75 Trial 11.csv,1,19,11,64000,0007918731f51bca50b1cca657b7ec977d0e3eb7f90831749562be21e9887456,9/29/2022 12:45:33 PM
Bearing (1) Inner & Shaft Fault (Centerally bent) 75 Trial 12.csv,Fault data split 75/Bearing (1) Inner & Shaft Fault (Centerally bent) 75 Trial 12.csv,1,19,12,64000,bab4183fa33dd7b9d34da4b29b27da1402e90f13348c5c418f57c2dab2db72b3,9/29/2022 12:45:48 PM
Bearing (1) Inner & Shaft Fault (Centerally bent) 75 Trial 13.csv,Fault data split 75/Bearing (1) Inner & Shaft Fault (Centerally bent) 75 Trial 13.csv,1,19,13,64000,9f7c8ca41102ed3cb841a826da050f32f22a2e5c6509343b37456b223a959bdb,9/29/2022 12:46:06 PM
Bearing (1) Inner & Shaft Fault (Centerally bent) 75 Trial 14.csv,Fault data split 75/Bearing (1) Inner & Shaft Fault (Centerally bent) 75 Trial 14.csv,1,19,14,64000,b2c3a7b6c86f9846a52d0901025d795f8cfaa0643079b29d7cddb66b36d52abb,9/29/2022 12:46:24 PM
Bearing (1) Inner & Shaft Fault (Centerally bent) 75 Trial 15.csv,Fault data split 75/Bearing (1) Inner & Shaft Fault (Centerally bent) 75 Trial 15.csv,1,19,15,64000,b81fcb7086729658bf0e29e5fd4c7a5114f383c745e67bf6e4e00c464660d132,9/29/2022 12:46:39 PM
Bearing (1) Inner & Shaft Fault (Centerally bent) 75 Trial 16.csv,Fault data split 75/Bearing (1) Inner & Shaft Fault (Centerally bent) 75 Trial 16.csv,1,19,16,64000,394e27d614f7a8d0ff02cb1e3d62aca93e0f606b5a49ed6f28fe18688ec9b5e9,9/29/2022 12:46:58 PM
Bearing (1) Inner & Shaft Fault (Centerally bent) 75 Trial 17.csv,Fault data split 75/Bearing (1) Inner & Shaft Fault (Centerally bent) 75 Trial 17.csv,1,19,17,64000,7364c805946c93283090cdd533264239ad6abe6d586f2ef84ced973d7149628e,9/29/2022 12:47:14 PM
Bearing (1) Inner & Shaft Fault (Centerally bent) 75 Trial 18.csv,Fault data split 75/Bearing (1) Inner & Shaft Fault (Centerally bent) 75 Trial 18.csv,1,19,18,64000,989e4ec7e593bb9cd23dc31caa0709976dcd9aefdc2781b8ba5bacb13141cf02,9/29/2022 12:47:29 PM
Bearing (1) Inner & Shaft Fault (Centerally bent) 75 Trial 19.csv,Fault data split 75/Bearing (1) Inner & Shaft Fault (Centerally bent) 75 Trial 19.csv,1,19,19,64000,dfd61a357901f133b5f574aad6a424cbab77a59843852beb6273dd824607f265,9/29/2022 12:47:46 PM
Bearing (1) Inner & Shaft Fault (Centerally bent) 75 Trial 2.csv,Fault data split 75/Bearing (1) Inner & Shaft Fault (Centerally bent) 75 Trial 2.csv,1,19,2,64000,e5d399466a8669284567aebbdfbacf7ec88c490f7265d986207a091e62812196,9/29/2022 12:42:59 PM
Bearing (1) Inner & Shaft Fault (Centerally bent) 75 Trial 20.csv,Fault data split 75/Bearing (1) Inner & Shaft Fault (Centerally bent) 75 Trial 20.csv,1,19,20,64000,d760fd95307e64f9e1da83a8b1572f0b5fc182e053901d02a6b132b981b8a394,9/29/2022 12:48:01 PM
Bearing (1) Inner & Shaft Fault (Centerally bent) 75 Trial 21.csv,Fault data split 75/Bearing (1) Inner & Shaft Fault (Centerally bent) 75 Trial 21.csv,1,19,21,64000,fdcdf73b681acd75c6b155580cc382eef4b30eb4c92a8072f2cc778cb96cd385,9/29/2022 12:48:15 PM
Bearing (1) Inner & Shaft Fault (Centerally bent) 75 Trial 22.csv,Fault data split 75/Bearing (1) Inner & Shaft Fault (Centerally bent) 75 Trial 22.csv,1,19,22,64000,96544cfd4c4f772fabbc9c080d2ee6cd7e119826a8e009e2087c74568860f025,9/29/2022 12:48:30 PM
Bearing (1) Inner & Shaft Fault (Centerally bent) 75 Trial 23.csv,Fault data split 75/Bearing (1) Inner & Shaft Fault (Centerally bent) 75 Trial 23.csv,1,19,23,64000,79454b0e9573fc4b9f4fcd70296318f0d3798e9b435974ae6caf24dd6a8f57d7,9/29/2022 12:48:46 PM
Bearing (1) Inner & Shaft Fault (Centerally bent) 75 Trial 24.csv,Fault data split 75/Bearing (1) Inner & Shaft Fault (Centerally bent) 75 Trial 24.csv,1,19,24,64000,9fc5380d5a13349b3c1d0349ef0d987d4cb8033180d04d5308245007f3b1f649,9/29/2022 12:49:07 PM
Bearing (1) Inner & Shaft Fault (Centerally bent) 75 Trial 25.csv,Fault data split 75/Bearing (1) Inner & Shaft Fault (Centerally bent) 75 Trial 25.csv,1,19,25,64000,28dbeeba3cc0f979dbe85ccccad6d1bea77a93337c6cb0dc687364c1c5eb5ec7,9/29/2022 12:49:23 PM
Bearing (1) Inner & Shaft Fault (Centerally bent) 75 Trial 3.csv,Fault data split 75/Bearing (1) Inner & Shaft Fault (Centerally bent) 75 Trial 3.csv,1,19,3,64000,d695f576efe588ad2859e85795ff5edaec4f73083e282ab821ed0d131c7ad773,9/29/2022 12:43:18 PM
Bearing (1) Inner & Shaft Fault (Centerally bent) 75 Trial 4.csv,Fault data split 75/Bearing (1) Inner & Shaft Fault (Centerally bent) 75 Trial 4.csv,1,19,4,64000,f888fbff84a0b656f1fcb6ea8e240f2b5373935e3825e0c8cfe6cb4b80945e68,9/29/2022 12:43:33 PM
Bearing (1) Inner & Shaft Fault (Centerally bent) 75 Trial 5.csv,Fault data split 75/Bearing (1) Inner & Shaft Fault (Centerally bent) 75 Trial 5.csv,1,19,5,64000,3f8784a32e6d6aace3c0e7f696df26f0b6580c2b22d0437a7d244594a2997b2b,9/29/2022 12:43:50 PM
Bearing (1) Inner & Shaft Fault (Centerally bent) 75 Trial 6.csv,Fault data split 75/Bearing (1) Inner & Shaft Fault (Centerally bent) 75 Trial 6.csv,1,19,6,64000,0d15a192829b81eb2dad1e4e8cf1f0586051b1b569a9f727ded627e38134b576,9/29/2022 12:44:05 PM
Bearing (1) Inner & Shaft Fault (Centerally bent) 75 Trial 7.csv,Fault data split 75/Bearing (1) Inner & Shaft Fault (Centerally bent) 75 Trial 7.csv,1,19,7,64000,577a8ba5a38228402ccde74897034edbbfb41d7f57accbe712f4840a136046dd,9/29/2022 12:44:24 PM
Bearing (1) Inner & Shaft Fault (Centerally bent) 75 Trial 8.csv,Fault data split 75/Bearing (1) Inner & Shaft Fault (Centerally bent) 75 Trial 8.csv,1,19,8,64000,90e0cfe2abc62c7bdbbb3b5e1be04ab3a5eca3a9cad7b40cebb0d8caf078dfe1,9/29/2022 12:44:40 PM
Bearing (1) Inner & Shaft Fault (Centerally bent) 75 Trial 9.csv,Fault data split 75/Bearing (1) Inner & Shaft Fault (Centerally bent) 75 Trial 9.csv,1,19,9,64000,cbdca33e45ded71598eff76613accf7743a1d3fd4457a4329195ad76aa947a85,9/29/2022 12:44:58 PM
Bearing (1) Inner 75 Trial 1.csv,Fault data split 75/Bearing (1) Inner 75 Trial 1.csv,1,13,1,64000,1dc96bbcdb214e943e084406f5d24b166f626bf355d6806beccbcea1717dadd0,9/10/2022 7:00:49 PM
Bearing (1) Inner 75 Trial 10.csv,Fault data split 75/Bearing (1) Inner 75 Trial 10.csv,1,13,10,64000,528f51bda2c24d2c2d509b1775e2eaed37605255a190472afe1e1b9fbb106020,9/10/2022 7:03:54 PM
Bearing (1) Inner 75 Trial 11.csv,Fault data split 75/Bearing (1) Inner 75 Trial 11.csv,1,13,11,64000,3bd9b44359d6a8f49d798b076969ee7c6864231b64e558d04130832f99cef29e,9/10/2022 7:04:12 PM
Bearing (1) Inner 75 Trial 12.csv,Fault data split 75/Bearing (1) Inner 75 Trial 12.csv,1,13,12,64000,b70a0a0f20764920b256379f3d83c705e9370467ce873e14a1184a03a81f422a,9/10/2022 7:04:27 PM
Bearing (1) Inner 75 Trial 13.csv,Fault data split 75/Bearing (1) Inner 75 Trial 13.csv,1,13,13,64000,9be6558cb6a7d159387db7fdbb6671ba3b36603ae4426adeae958768955654e1,9/10/2022 7:04:48 PM
Bearing (1) Inner 75 Trial 14.csv,Fault data split 75/Bearing (1) Inner 75 Trial 14.csv,1,13,14,64000,7a1eb150fe9bf09b09aa4b635e1c5646c9c27ad9cd12317c3bc454a52db9d100,9/10/2022 7:05:04 PM
Bearing (1) Inner 75 Trial 15.csv,Fault data split 75/Bearing (1) Inner 75 Trial 15.csv,1,13,15,64000,d6139f30beb2f140b78d9e1546076524d1a0d04b96400b493617546cb0ca90b9,9/10/2022 7:05:23 PM
Bearing (1) Inner 75 Trial 16.csv,Fault data split 75/Bearing (1) Inner 75 Trial 16.csv,1,13,16,64000,760d0e97bf566fb58e6decc6de4200b12424c6477d8bde14fc68cec7191e1ecc,9/10/2022 7:05:39 PM
Bearing (1) Inner 75 Trial 17.csv,Fault data split 75/Bearing (1) Inner 75 Trial 17.csv,1,13,17,64000,0e362ee00003f5ab000165b07b2ff7f5d094763ffc55b861f0cf94c9bea49e4a,9/10/2022 7:05:53 PM
Bearing (1) Inner 75 Trial 18.csv,Fault data split 75/Bearing (1) Inner 75 Trial 18.csv,1,13,18,64000,3936843c18a0d896f6229088624a3e8594cf9d725ba880248639c08831d4766e,9/10/2022 7:06:09 PM
Bearing (1) Inner 75 Trial 19.csv,Fault data split 75/Bearing (1) Inner 75 Trial 19.csv,1,13,19,64000,99331b81f6bb3dd2b906b290ae008e9bc287bcf371f127bf8aaa0195ac8c0d8c,9/10/2022 7:06:26 PM
Bearing (1) Inner 75 Trial 2.csv,Fault data split 75/Bearing (1) Inner 75 Trial 2.csv,1,13,2,64000,3c7ab4c3f1119d2160c460a7d15afa85795844a4ae61c465b7b2465798854af3,9/10/2022 7:01:04 PM
Bearing (1) Inner 75 Trial 20.csv,Fault data split 75/Bearing (1) Inner 75 Trial 20.csv,1,13,20,64000,db42142371b4dc3a1cdf413afacd80172548b12d46aea7bbdeec0de80c7c426c,9/10/2022 7:06:46 PM
Bearing (1) Inner 75 Trial 21.csv,Fault data split 75/Bearing (1) Inner 75 Trial 21.csv,1,13,21,64000,943af79626d992a69bcc207193071c326d1ca8d548bff9f8e02372076dd09d4f,9/10/2022 7:07:00 PM
Bearing (1) Inner 75 Trial 22.csv,Fault data split 75/Bearing (1) Inner 75 Trial 22.csv,1,13,22,64000,c8a19dc44f2bddfacaa71c9d928fe6e925e59b8d8920b5f22050a80cf2477b17,9/10/2022 7:07:15 PM
Bearing (1) Inner 75 Trial 23.csv,Fault data split 75/Bearing (1) Inner 75 Trial 23.csv,1,13,23,64000,0d530e2c0075876bc3b8888d60c0b722730af88759f61cb096165f79f0aca59f,9/10/2022 7:07:43 PM
Bearing (1) Inner 75 Trial 24.csv,Fault data split 75/Bearing (1) Inner 75 Trial 24.csv,1,13,24,64000,13014916678779e26e09cf96bb14a3367be33d5ae3fb24d6ecf575e414d76af4,9/10/2022 7:07:58 PM
Bearing (1) Inner 75 Trial 25.csv,Fault data split 75/Bearing (1) Inner 75 Trial 25.csv,1,13,25,64000,89c3739b95c30d8cce01f9328f0513af435295bbc90838517bd3019eb05d3e63,9/10/2022 7:08:18 PM
Bearing (1) Inner 75 Trial 3.csv,Fault data split 75/Bearing (1) Inner 75 Trial 3.csv,1,13,3,64000,d1b0b3536314961c555b9c5d07a1572cd8040c2975ddd3afc7c2baba5a40dcef,9/10/2022 7:01:30 PM
Bearing (1) Inner 75 Trial 4.csv,Fault data split 75/Bearing (1) Inner 75 Trial 4.csv,1,13,4,64000,fe7dc89d78575c959e848cf5d9b6d9c23a4d6fa5509e70a06319002554bc777c,9/10/2022 7:02:02 PM
Bearing (1) Inner 75 Trial 5.csv,Fault data split 75/Bearing (1) Inner 75 Trial 5.csv,1,13,5,64000,7134496e856e37e69f2fcd62295bb8a7f190ad01274ab8ea451917cb8acbe7c8,9/10/2022 7:02:24 PM
Bearing (1) Inner 75 Trial 6.csv,Fault data split 75/Bearing (1) Inner 75 Trial 6.csv,1,13,6,64000,e94f15a2427f36c8899741372fa35b47837b9b942182877a1f4cacd974f79247,9/10/2022 7:02:46 PM
Bearing (1) Inner 75 Trial 7.csv,Fault data split 75/Bearing (1) Inner 75 Trial 7.csv,1,13,7,64000,533c7364b9d886dce1aa6f2daa60c6941bc7f91d70fc265431689e35efd5a084,9/10/2022 7:03:02 PM
Bearing (1) Inner 75 Trial 8.csv,Fault data split 75/Bearing (1) Inner 75 Trial 8.csv,1,13,8,64000,6fd664d666f2deedff95fbe074c654e32d6491c7b37deeff59df7499cb31b9fd,9/10/2022 7:03:18 PM
Bearing (1) Inner 75 Trial 9.csv,Fault data split 75/Bearing (1) Inner 75 Trial 9.csv,1,13,9,64000,cc27de6568cf0e1829ac3b43d6e4fd17bb5a2366b6626541bc84707c93a01002,9/10/2022 7:03:36 PM
Bearing (1) Outer & Bearing (2) Ball 75 Trial 1.csv,Fault data split 75/Bearing (1) Outer & Bearing (2) Ball 75 Trial 1.csv,1,20,1,64000,6d3d8e6bed798cc8f26c4b6e5651e2452a39c6839d0c1214c717a01e2c55827f,9/6/2022 10:47:34 AM
Bearing (1) Outer & Bearing (2) Ball 75 Trial 10.csv,Fault data split 75/Bearing (1) Outer & Bearing (2) Ball 75 Trial 10.csv,1,20,10,64000,ba58fba1bc314532e8edaf8f40f2023d1d5cae15fc054b9f526438d3ac970f9c,9/6/2022 10:50:00 AM
Bearing (1) Outer & Bearing (2) Ball 75 Trial 11.csv,Fault data split 75/Bearing (1) Outer & Bearing (2) Ball 75 Trial 11.csv,1,20,11,64000,2ea63f270a96aca651cd31e3a5a6fa973f92a0e5c73646c1f50c58a68cca7405,9/6/2022 10:50:19 AM
Bearing (1) Outer & Bearing (2) Ball 75 Trial 12.csv,Fault data split 75/Bearing (1) Outer & Bearing (2) Ball 75 Trial 12.csv,1,20,12,64000,b7f59ad21a7da0e91e04fcb3628daedb806083c6e9734856a402860986b26ffb,9/6/2022 10:50:35 AM
Bearing (1) Outer & Bearing (2) Ball 75 Trial 13.csv,Fault data split 75/Bearing (1) Outer & Bearing (2) Ball 75 Trial 13.csv,1,20,13,64000,6396b5dc7b6f63eb17d0ca2a76e2792705387127c058bf81ef9ba8f2e146f617,9/6/2022 10:50:54 AM
Bearing (1) Outer & Bearing (2) Ball 75 Trial 14.csv,Fault data split 75/Bearing (1) Outer & Bearing (2) Ball 75 Trial 14.csv,1,20,14,64000,7826ca7fa19335f6065f6d06d2816e8f1dbb935ac005264ada9280b7392cb976,9/6/2022 10:51:10 AM
Bearing (1) Outer & Bearing (2) Ball 75 Trial 15.csv,Fault data split 75/Bearing (1) Outer & Bearing (2) Ball 75 Trial 15.csv,1,20,15,64000,a9aa7bf46c610d68439be04ed2903c96bedd51158c505047a67c22f741ddd0b1,9/6/2022 10:51:27 AM
Bearing (1) Outer & Bearing (2) Ball 75 Trial 16.csv,Fault data split 75/Bearing (1) Outer & Bearing (2) Ball 75 Trial 16.csv,1,20,16,64000,4e35404c64a040a199a23026c4d900c40351d7a1fac675ff12de698260a3fc8e,9/6/2022 10:51:44 AM
Bearing (1) Outer & Bearing (2) Ball 75 Trial 17.csv,Fault data split 75/Bearing (1) Outer & Bearing (2) Ball 75 Trial 17.csv,1,20,17,64000,0e26bc18dd1c478868d84f884cb62c144f3e02d390df26a4aa421b28b5658b15,9/6/2022 10:52:02 AM
Bearing (1) Outer & Bearing (2) Ball 75 Trial 18.csv,Fault data split 75/Bearing (1) Outer & Bearing (2) Ball 75 Trial 18.csv,1,20,18,64000,640cbe1989370ded77a92f1c5b03c416ddce4f979e6e8f2dc31943748ec0b0f0,9/6/2022 10:52:21 AM
Bearing (1) Outer & Bearing (2) Ball 75 Trial 19.csv,Fault data split 75/Bearing (1) Outer & Bearing (2) Ball 75 Trial 19.csv,1,20,19,64000,128c66e7fe84dcfddfd30323d900cc7aac6aae6e40a30ed165f30ad78d52acf2,9/6/2022 10:52:37 AM
Bearing (1) Outer & Bearing (2) Ball 75 Trial 2.csv,Fault data split 75/Bearing (1) Outer & Bearing (2) Ball 75 Trial 2.csv,1,20,2,64000,3f96341e24c5bd944980b646cdc8204d18b92c9c3a9d9f7e5bc2b37fe4a4bc0d,9/6/2022 10:47:51 AM
Bearing (1) Outer & Bearing (2) Ball 75 Trial 20.csv,Fault data split 75/Bearing (1) Outer & Bearing (2) Ball 75 Trial 20.csv,1,20,20,64000,2d427e0a0516d176558a14fd86b12010be507fa99662f95a9664aa2f9642fbdc,9/6/2022 10:52:54 AM
Bearing (1) Outer & Bearing (2) Ball 75 Trial 21.csv,Fault data split 75/Bearing (1) Outer & Bearing (2) Ball 75 Trial 21.csv,1,20,21,64000,f73b13f0450fc5b345b2d4e63e6357e9240e42e74b278399c556483b90959fd5,9/6/2022 10:53:12 AM
Bearing (1) Outer & Bearing (2) Ball 75 Trial 22.csv,Fault data split 75/Bearing (1) Outer & Bearing (2) Ball 75 Trial 22.csv,1,20,22,64000,74062fdead1824ba43a5c7d45c53c25c1666978502d4ea5c6bb41295066b98ab,9/6/2022 10:53:29 AM
Bearing (1) Outer & Bearing (2) Ball 75 Trial 23.csv,Fault data split 75/Bearing (1) Outer & Bearing (2) Ball 75 Trial 23.csv,1,20,23,64000,aebc4bbf5a4b7bae33f90893d5690d8614bef5770dc91bb1c7aa8a178fd02c42,9/6/2022 10:53:49 AM
Bearing (1) Outer & Bearing (2) Ball 75 Trial 24.csv,Fault data split 75/Bearing (1) Outer & Bearing (2) Ball 75 Trial 24.csv,1,20,24,64000,0de3e29de7eef8144c2fd1aa2f18909062d7b51744593d6ee106f08e7398d910,9/6/2022 10:54:06 AM
Bearing (1) Outer & Bearing (2) Ball 75 Trial 25.csv,Fault data split 75/Bearing (1) Outer & Bearing (2) Ball 75 Trial 25.csv,1,20,25,64000,4ae99fe3fe4798230a46be1b0141c368ecb29197830ca2eee70a8be591e439a9,9/6/2022 10:54:22 AM
Bearing (1) Outer & Bearing (2) Ball 75 Trial 3.csv,Fault data split 75/Bearing (1) Outer & Bearing (2) Ball 75 Trial 3.csv,1,20,3,64000,46cb2a959c124d896eaa137c9afeb885d387008d7385d05b7b6e79069e4e923f,9/6/2022 10:48:07 AM
Bearing (1) Outer & Bearing (2) Ball 75 Trial 4.csv,Fault data split 75/Bearing (1) Outer & Bearing (2) Ball 75 Trial 4.csv,1,20,4,64000,db34cb1811bc0f2d7dbba097e1e2fbf628709c0fdf62ab446a254b6f0961d36a,9/6/2022 10:48:23 AM
Bearing (1) Outer & Bearing (2) Ball 75 Trial 5.csv,Fault data split 75/Bearing (1) Outer & Bearing (2) Ball 75 Trial 5.csv,1,20,5,64000,1d3e7bbc05b03c75b1a35cdec25fc64b47fe67e8ae0018e87e49234a4da1ffad,9/6/2022 10:48:38 AM
Bearing (1) Outer & Bearing (2) Ball 75 Trial 6.csv,Fault data split 75/Bearing (1) Outer & Bearing (2) Ball 75 Trial 6.csv,1,20,6,64000,29426bd6a024e7d64fb8342ff2226a883577149136f2c772ff633d6512feafc4,9/6/2022 10:48:53 AM
Bearing (1) Outer & Bearing (2) Ball 75 Trial 7.csv,Fault data split 75/Bearing (1) Outer & Bearing (2) Ball 75 Trial 7.csv,1,20,7,64000,92cfd626bea57b31faa7ce31c6362127d86d93f8b9328c52afa194f1ca3c4da0,9/6/2022 10:49:13 AM
Bearing (1) Outer & Bearing (2) Ball 75 Trial 8.csv,Fault data split 75/Bearing (1) Outer & Bearing (2) Ball 75 Trial 8.csv,1,20,8,64000,9078375456f7a08887bc608d226ae3ff5ac8e8c13e5e8186acdc2cc8335a5468,9/6/2022 10:49:28 AM
Bearing (1) Outer & Bearing (2) Ball 75 Trial 9.csv,Fault data split 75/Bearing (1) Outer & Bearing (2) Ball 75 Trial 9.csv,1,20,9,64000,869d709d62b84251b7165c24d2e849ea620cb351f4f242f3cfc972949ca3e21c,9/6/2022 10:49:44 AM
Bearing (1) Outer & Bearing (2) Combination 75 Trial 1.csv,Fault data split 75/Bearing (1) Outer & Bearing (2) Combination 75 Trial 1.csv,1,21,1,64000,ad88e488b5bbafd6c1937c30af79454da78f560d078e1dea591e0eea702253ba,8/30/2022 10:45:56 AM
Bearing (1) Outer & Bearing (2) Combination 75 Trial 10.csv,Fault data split 75/Bearing (1) Outer & Bearing (2) Combination 75 Trial 10.csv,1,21,10,64000,2b865c73d2abef2b7c7ddebe77945c3a7706687f1edccfb0aaea06434353b2b5,8/30/2022 10:48:28 AM
Bearing (1) Outer & Bearing (2) Combination 75 Trial 11.csv,Fault data split 75/Bearing (1) Outer & Bearing (2) Combination 75 Trial 11.csv,1,21,11,64000,ade9473de0e045ad1f0f7a17b23a05740004702fbac7f5b3d18271bd8afaa968,8/30/2022 10:48:45 AM
Bearing (1) Outer & Bearing (2) Combination 75 Trial 12.csv,Fault data split 75/Bearing (1) Outer & Bearing (2) Combination 75 Trial 12.csv,1,21,12,64000,df09068427af9c39981cf0f83d228c0b6a6c8f10dcb4685150196a3cb4ffe653,8/30/2022 10:49:02 AM
Bearing (1) Outer & Bearing (2) Combination 75 Trial 13.csv,Fault data split 75/Bearing (1) Outer & Bearing (2) Combination 75 Trial 13.csv,1,21,13,64000,47cf8834fac59e60c7007548becc8536d627709fce2f3e42c67a69e59d1c9fb1,8/30/2022 10:49:18 AM
Bearing (1) Outer & Bearing (2) Combination 75 Trial 14.csv,Fault data split 75/Bearing (1) Outer & Bearing (2) Combination 75 Trial 14.csv,1,21,14,64000,d24269c731c5d3d96079433491aa82528f9de968150e9a9284fee011c9ee28b4,8/30/2022 10:49:35 AM
Bearing (1) Outer & Bearing (2) Combination 75 Trial 15.csv,Fault data split 75/Bearing (1) Outer & Bearing (2) Combination 75 Trial 15.csv,1,21,15,64000,af37eb98c92309bbeab3a679398d00db83b80d1bac4f68fb93ddc4fd0a003672,8/30/2022 10:49:51 AM
Bearing (1) Outer & Bearing (2) Combination 75 Trial 16.csv,Fault data split 75/Bearing (1) Outer & Bearing (2) Combination 75 Trial 16.csv,1,21,16,64000,e8bfbf6ca9ff83e5220b4430a6df8b562b06a2976659cf8d89661120f09596ab,8/30/2022 10:50:08 AM
Bearing (1) Outer & Bearing (2) Combination 75 Trial 17.csv,Fault data split 75/Bearing (1) Outer & Bearing (2) Combination 75 Trial 17.csv,1,21,17,64000,83a5c99e86899b4749d92dea0605cf07e4f3a747ffa39792b09ced9ce36ed78b,8/30/2022 10:50:23 AM
Bearing (1) Outer & Bearing (2) Combination 75 Trial 18.csv,Fault data split 75/Bearing (1) Outer & Bearing (2) Combination 75 Trial 18.csv,1,21,18,64000,22204e52987d48b5c0d6f223e1f085ad67c345d669d565f1b08cb0d939ad71a2,8/30/2022 10:50:40 AM
Bearing (1) Outer & Bearing (2) Combination 75 Trial 19.csv,Fault data split 75/Bearing (1) Outer & Bearing (2) Combination 75 Trial 19.csv,1,21,19,64000,2c35cf9d5b00b585d14949bede3789435784f89191071155c1c3c102cf685864,8/30/2022 10:51:02 AM
Bearing (1) Outer & Bearing (2) Combination 75 Trial 2.csv,Fault data split 75/Bearing (1) Outer & Bearing (2) Combination 75 Trial 2.csv,1,21,2,64000,8afaa09eb86222bd067e55c832185abd8568a4724e9dd92ce189eeabec836cc2,8/30/2022 10:46:11 AM
Bearing (1) Outer & Bearing (2) Combination 75 Trial 20.csv,Fault data split 75/Bearing (1) Outer & Bearing (2) Combination 75 Trial 20.csv,1,21,20,64000,eb6326e73f3236cace2afb257fe41f4bfcf78d749186fb64639c5259d4ea839a,8/30/2022 10:51:22 AM
Bearing (1) Outer & Bearing (2) Combination 75 Trial 21.csv,Fault data split 75/Bearing (1) Outer & Bearing (2) Combination 75 Trial 21.csv,1,21,21,64000,63d65332e2a3b596f4af9fd21bdb4b95fec1e704603bfaca99180a68d4d163c6,8/30/2022 10:51:38 AM
Bearing (1) Outer & Bearing (2) Combination 75 Trial 22.csv,Fault data split 75/Bearing (1) Outer & Bearing (2) Combination 75 Trial 22.csv,1,21,22,64000,d7163b829cea7458592559cd40e82f54ad3b068efe94fe0b04ca2aee56467340,8/30/2022 10:51:55 AM
Bearing (1) Outer & Bearing (2) Combination 75 Trial 23.csv,Fault data split 75/Bearing (1) Outer & Bearing (2) Combination 75 Trial 23.csv,1,21,23,64000,a6efc4ebc8d6b85bd5ab4d5ce242c623f0e0b75bec14c33191651ef90710c395,8/30/2022 10:52:15 AM
Bearing (1) Outer & Bearing (2) Combination 75 Trial 24.csv,Fault data split 75/Bearing (1) Outer & Bearing (2) Combination 75 Trial 24.csv,1,21,24,64000,3d6b1ff5fa251fc495ccb82ffdfbd69efac12a3428c9a4d97a4fc6c420308230,8/30/2022 10:52:44 AM
Bearing (1) Outer & Bearing (2) Combination 75 Trial 25.csv,Fault data split 75/Bearing (1) Outer & Bearing (2) Combination 75 Trial 25.csv,1,21,25,64000,a4d26ce0b8408a74b984d209dcb870d4a7b26391f3c5420d90d6128d9e8fc72a,8/30/2022 10:53:00 AM
Bearing (1) Outer & Bearing (2) Combination 75 Trial 3.csv,Fault data split 75/Bearing (1) Outer & Bearing (2) Combination 75 Trial 3.csv,1,21,3,64000,6e35cf495ecd111b38b137b7a984052befc2e85e6a3ae79cdd9c7ab41d281e81,8/30/2022 10:46:29 AM
Bearing (1) Outer & Bearing (2) Combination 75 Trial 4.csv,Fault data split 75/Bearing (1) Outer & Bearing (2) Combination 75 Trial 4.csv,1,21,4,64000,155d00be4cdeb748ce46900f826c78ffbe6693ee9631e8043ef895d0d69a7647,8/30/2022 10:46:46 AM
Bearing (1) Outer & Bearing (2) Combination 75 Trial 5.csv,Fault data split 75/Bearing (1) Outer & Bearing (2) Combination 75 Trial 5.csv,1,21,5,64000,ae3e2dda1af6b6d5c6d6c0d7cf59a60c124115f28c3ef2dd193c2d18c9d9dc9c,8/30/2022 10:47:03 AM
Bearing (1) Outer & Bearing (2) Combination 75 Trial 6.csv,Fault data split 75/Bearing (1) Outer & Bearing (2) Combination 75 Trial 6.csv,1,21,6,64000,955af22909ad9aff20bc79d45027786d7ef47db38d747f2a49eefa6d2000e36d,8/30/2022 10:47:22 AM
Bearing (1) Outer & Bearing (2) Combination 75 Trial 7.csv,Fault data split 75/Bearing (1) Outer & Bearing (2) Combination 75 Trial 7.csv,1,21,7,64000,e40a822479bb645fe48a60391a9e5a8ae1e01e17c0c2c3f5ae01e5fc748c5dca,8/30/2022 10:47:39 AM
Bearing (1) Outer & Bearing (2) Combination 75 Trial 8.csv,Fault data split 75/Bearing (1) Outer & Bearing (2) Combination 75 Trial 8.csv,1,21,8,64000,c56767f239b341c1aaeaa8309d1e91005b94d7e97f3f38cab3bf2b20d72a1ba0,8/30/2022 10:47:57 AM
Bearing (1) Outer & Bearing (2) Combination 75 Trial 9.csv,Fault data split 75/Bearing (1) Outer & Bearing (2) Combination 75 Trial 9.csv,1,21,9,64000,333e9fb7ab79c1a6968b78b5eb3fe5319edc9b18efcc7f88d363efc31138fa52,8/30/2022 10:48:13 AM
Bearing (1) Outer & Bearing (2) Inner 75 Trial 1.csv,Fault data split 75/Bearing (1) Outer & Bearing (2) Inner 75 Trial 1.csv,1,22,1,64000,139179454e177c663ac01c17dd7cc0c909be6aac599fffa781d70b615e8e9921,8/30/2022 10:20:52 AM
Bearing (1) Outer & Bearing (2) Inner 75 Trial 10.csv,Fault data split 75/Bearing (1) Outer & Bearing (2) Inner 75 Trial 10.csv,1,22,10,64000,da3e9daf1ad8922c163058539ccdf594d96a62347f168b769e9e19f439c88499,8/30/2022 10:23:21 AM
Bearing (1) Outer & Bearing (2) Inner 75 Trial 11.csv,Fault data split 75/Bearing (1) Outer & Bearing (2) Inner 75 Trial 11.csv,1,22,11,64000,25c770e98d7f6b74338be7b3efcfac354898999b17030c85c0369068b30039ad,8/30/2022 10:23:46 AM
Bearing (1) Outer & Bearing (2) Inner 75 Trial 12.csv,Fault data split 75/Bearing (1) Outer & Bearing (2) Inner 75 Trial 12.csv,1,22,12,64000,693143def7470c42ce8b490973769fdffe9ebcd444ff3c834ae96f69466d6d50,8/30/2022 10:24:04 AM
Bearing (1) Outer & Bearing (2) Inner 75 Trial 13.csv,Fault data split 75/Bearing (1) Outer & Bearing (2) Inner 75 Trial 13.csv,1,22,13,64000,dd8d2794d0006e44f8389bd3e199d544197cbac339c19465d8755829bc634ac9,8/30/2022 10:24:24 AM
Bearing (1) Outer & Bearing (2) Inner 75 Trial 14.csv,Fault data split 75/Bearing (1) Outer & Bearing (2) Inner 75 Trial 14.csv,1,22,14,64000,bfd970167d703f91c1b0c73b0c3c24a297c8516311e4a96040c9d02fa60db832,8/30/2022 10:24:40 AM
Bearing (1) Outer & Bearing (2) Inner 75 Trial 15.csv,Fault data split 75/Bearing (1) Outer & Bearing (2) Inner 75 Trial 15.csv,1,22,15,64000,a1e6bc74936310b3534fe3aadb99ad08ef551d0b919f704428c36e4671699fec,8/30/2022 10:24:59 AM
Bearing (1) Outer & Bearing (2) Inner 75 Trial 16.csv,Fault data split 75/Bearing (1) Outer & Bearing (2) Inner 75 Trial 16.csv,1,22,16,64000,2c83519c0e589f30b41db2a3cdf19a5bfb8154bbca6fe2ba1dc1b73e6945c905,8/30/2022 10:25:16 AM
Bearing (1) Outer & Bearing (2) Inner 75 Trial 17.csv,Fault data split 75/Bearing (1) Outer & Bearing (2) Inner 75 Trial 17.csv,1,22,17,64000,c6f84d4b20ac9cbb87e64bce8d4f6fb6790c1b5d81bd5ac31677c6e25015e6e4,8/30/2022 10:25:34 AM
Bearing (1) Outer & Bearing (2) Inner 75 Trial 18.csv,Fault data split 75/Bearing (1) Outer & Bearing (2) Inner 75 Trial 18.csv,1,22,18,64000,60aa5fc3188c903d788da02e9afb540ee7679e8fe579c9ae0a939007a508d7a8,8/30/2022 10:25:50 AM
Bearing (1) Outer & Bearing (2) Inner 75 Trial 19.csv,Fault data split 75/Bearing (1) Outer & Bearing (2) Inner 75 Trial 19.csv,1,22,19,64000,090d0c1a7ae311c5af03bbc6c11ce2c6d43b76d5dc42d1e1a0f36e323347d800,8/30/2022 10:26:06 AM
Bearing (1) Outer & Bearing (2) Inner 75 Trial 2.csv,Fault data split 75/Bearing (1) Outer & Bearing (2) Inner 75 Trial 2.csv,1,22,2,64000,7f14222b666988b300c14aca935b75f740530a85b256c770a633d4e5c24120f4,8/30/2022 10:21:07 AM
Bearing (1) Outer & Bearing (2) Inner 75 Trial 20.csv,Fault data split 75/Bearing (1) Outer & Bearing (2) Inner 75 Trial 20.csv,1,22,20,64000,67af75366e0d7d6597168e65044069d25320b9ee8d77c24ebeea1cf0ff1e5b42,8/30/2022 10:26:21 AM
Bearing (1) Outer & Bearing (2) Inner 75 Trial 21.csv,Fault data split 75/Bearing (1) Outer & Bearing (2) Inner 75 Trial 21.csv,1,22,21,64000,7f2e1b99c4a2c038162f366180cf1cd6df528f1faf9031b8c807e992b8d39c27,8/30/2022 10:26:38 AM
Bearing (1) Outer & Bearing (2) Inner 75 Trial 22.csv,Fault data split 75/Bearing (1) Outer & Bearing (2) Inner 75 Trial 22.csv,1,22,22,64000,d62b4909cacc5fa7857ae9577eeecb3f09510a64855682e9ee657b47ea4fcda0,8/30/2022 10:27:02 AM
Bearing (1) Outer & Bearing (2) Inner 75 Trial 23.csv,Fault data split 75/Bearing (1) Outer & Bearing (2) Inner 75 Trial 23.csv,1,22,23,64000,7c2844c67bba297a191e31100c0d18330ebd5fc2b5e1ef219994bf70fc88643e,8/30/2022 10:27:21 AM
Bearing (1) Outer & Bearing (2) Inner 75 Trial 24.csv,Fault data split 75/Bearing (1) Outer & Bearing (2) Inner 75 Trial 24.csv,1,22,24,64000,f93b7b54c354a70a8328e6ebc8599c8f5e9a371dd17d16b428c69e31d2cc0142,8/30/2022 10:27:39 AM
Bearing (1) Outer & Bearing (2) Inner 75 Trial 25.csv,Fault data split 75/Bearing (1) Outer & Bearing (2) Inner 75 Trial 25.csv,1,22,25,64000,d43bf0a1e06b6f25c638f9ada847ce9763317b8bf0fc028521c7404f096ecc7e,8/30/2022 10:27:56 AM
Bearing (1) Outer & Bearing (2) Inner 75 Trial 3.csv,Fault data split 75/Bearing (1) Outer & Bearing (2) Inner 75 Trial 3.csv,1,22,3,64000,814dd03abd81b9f3560c24346efb7f59dd33143ef863260d322df07c0f3157b3,8/30/2022 10:21:22 AM
Bearing (1) Outer & Bearing (2) Inner 75 Trial 4.csv,Fault data split 75/Bearing (1) Outer & Bearing (2) Inner 75 Trial 4.csv,1,22,4,64000,eab5fb67226db20a7627786969d0592a61b8ff0fe0d76e449704b3f56b7c27ff,8/30/2022 10:21:38 AM
Bearing (1) Outer & Bearing (2) Inner 75 Trial 5.csv,Fault data split 75/Bearing (1) Outer & Bearing (2) Inner 75 Trial 5.csv,1,22,5,64000,11d5e8a51576eccbe1a154bbd96a0ecc2986f259ae481a8c2a1d70ad4daee233,8/30/2022 10:21:53 AM
Bearing (1) Outer & Bearing (2) Inner 75 Trial 6.csv,Fault data split 75/Bearing (1) Outer & Bearing (2) Inner 75 Trial 6.csv,1,22,6,64000,b4ef9c767262f5c16a66fff05a691bc909184f0eb218b0eaf5f376e1d23294e9,8/30/2022 10:22:09 AM
Bearing (1) Outer & Bearing (2) Inner 75 Trial 7.csv,Fault data split 75/Bearing (1) Outer & Bearing (2) Inner 75 Trial 7.csv,1,22,7,64000,173a74345664144edff06a74e010d165d869f001cd87eb519a4b9a446b140b7d,8/30/2022 10:22:24 AM
Bearing (1) Outer & Bearing (2) Inner 75 Trial 8.csv,Fault data split 75/Bearing (1) Outer & Bearing (2) Inner 75 Trial 8.csv,1,22,8,64000,3528fe18465ae95a35637c029a2f1ace8eb424994caf5794f63aa8727f085940,8/30/2022 10:22:43 AM
Bearing (1) Outer & Bearing (2) Inner 75 Trial 9.csv,Fault data split 75/Bearing (1) Outer & Bearing (2) Inner 75 Trial 9.csv,1,22,9,64000,c3cb0e741ce544443fc713a83d45ba70f4ae1baa26ab621027b3d5fdc98463a4,8/30/2022 10:23:05 AM
Bearing (1) Outer & Shaft Fault ( Coupling End Bent) 75 Trial 1.csv,Fault data split 75/Bearing (1) Outer & Shaft Fault ( Coupling End Bent) 75 Trial 1.csv,1,24,1,64000,986b54ce26f7ba55e961f0e903419ae876e9acc76212835f8d212e069d7a6c80,9/23/2022 6:48:05 PM
Bearing (1) Outer & Shaft Fault ( Coupling End Bent) 75 Trial 10.csv,Fault data split 75/Bearing (1) Outer & Shaft Fault ( Coupling End Bent) 75 Trial 10.csv,1,24,10,64000,0594f1fc521f4b69a78131679440861d842afca394a3e4a2ad876f3171d83cd3,9/23/2022 6:50:25 PM
Bearing (1) Outer & Shaft Fault ( Coupling End Bent) 75 Trial 11.csv,Fault data split 75/Bearing (1) Outer & Shaft Fault ( Coupling End Bent) 75 Trial 11.csv,1,24,11,64000,b3d6f474d4729342c3305838a3cf7146df18d4995fd96822b71232f0676dad56,9/23/2022 6:50:39 PM
Bearing (1) Outer & Shaft Fault ( Coupling End Bent) 75 Trial 12.csv,Fault data split 75/Bearing (1) Outer & Shaft Fault ( Coupling End Bent) 75 Trial 12.csv,1,24,12,64000,aa1f255e1967894a1bdd4500022327c3b3db9d7d6744fb7045959bea78af5f85,9/23/2022 6:50:53 PM
Bearing (1) Outer & Shaft Fault ( Coupling End Bent) 75 Trial 13.csv,Fault data split 75/Bearing (1) Outer & Shaft Fault ( Coupling End Bent) 75 Trial 13.csv,1,24,13,64000,d0dfe6b0d6e421d2b95e4e04951ed985e845548b19b822a4c7bef2bc1c1dea9f,9/23/2022 6:51:07 PM
Bearing (1) Outer & Shaft Fault ( Coupling End Bent) 75 Trial 14.csv,Fault data split 75/Bearing (1) Outer & Shaft Fault ( Coupling End Bent) 75 Trial 14.csv,1,24,14,64000,978668ad7f8ccc75d2c432a1a5bfadd7881e74f050b5f90a2305c3cf41542415,9/23/2022 6:51:23 PM
Bearing (1) Outer & Shaft Fault ( Coupling End Bent) 75 Trial 15.csv,Fault data split 75/Bearing (1) Outer & Shaft Fault ( Coupling End Bent) 75 Trial 15.csv,1,24,15,64000,a0667cc2f06deb904ca71a95073befa994386048b6773b057aea77ccbcbe29bd,9/23/2022 6:51:38 PM
Bearing (1) Outer & Shaft Fault ( Coupling End Bent) 75 Trial 16.csv,Fault data split 75/Bearing (1) Outer & Shaft Fault ( Coupling End Bent) 75 Trial 16.csv,1,24,16,64000,5d141d48db3b9c72201fc88bc580db046c7080e476b2b02db399cfb700c3f990,9/23/2022 6:51:54 PM
Bearing (1) Outer & Shaft Fault ( Coupling End Bent) 75 Trial 17.csv,Fault data split 75/Bearing (1) Outer & Shaft Fault ( Coupling End Bent) 75 Trial 17.csv,1,24,17,64000,bddaa7c11a2ffde83164e49050d9901db875adc655aafafd1d8e8f9cb3a6784d,9/23/2022 6:52:09 PM
Bearing (1) Outer & Shaft Fault ( Coupling End Bent) 75 Trial 18.csv,Fault data split 75/Bearing (1) Outer & Shaft Fault ( Coupling End Bent) 75 Trial 18.csv,1,24,18,64000,1811b3f00ec9b4655e4380c634e001e5336ddf20ce12938f3dc17c46730721af,9/23/2022 6:52:32 PM
Bearing (1) Outer & Shaft Fault ( Coupling End Bent) 75 Trial 19.csv,Fault data split 75/Bearing (1) Outer & Shaft Fault ( Coupling End Bent) 75 Trial 19.csv,1,24,19,64000,af2337861abffbfe8fad933086b22bc36f78187451c7d1693b7990b9da9c493f,9/23/2022 6:52:46 PM
Bearing (1) Outer & Shaft Fault ( Coupling End Bent) 75 Trial 2.csv,Fault data split 75/Bearing (1) Outer & Shaft Fault ( Coupling End Bent) 75 Trial 2.csv,1,24,2,64000,d0cbd9b5f4d5b9a552a7445269ee6c098240ad09ae70d49f408111caabfb9b45,9/23/2022 6:48:19 PM
Bearing (1) Outer & Shaft Fault ( Coupling End Bent) 75 Trial 20.csv,Fault data split 75/Bearing (1) Outer & Shaft Fault ( Coupling End Bent) 75 Trial 20.csv,1,24,20,64000,c63e036dd76c521706713b708973f4951a409273b656594754c78b5f75159758,9/23/2022 6:53:00 PM
Bearing (1) Outer & Shaft Fault ( Coupling End Bent) 75 Trial 21.csv,Fault data split 75/Bearing (1) Outer & Shaft Fault ( Coupling End Bent) 75 Trial 21.csv,1,24,21,64000,54b892e8c34320a0c3429b308ec979a382021e24cd8612268317270357b89e9f,9/23/2022 6:53:14 PM
Bearing (1) Outer & Shaft Fault ( Coupling End Bent) 75 Trial 22.csv,Fault data split 75/Bearing (1) Outer & Shaft Fault ( Coupling End Bent) 75 Trial 22.csv,1,24,22,64000,c937fbe3510a5ba759ca7e495f5f95730e4399a43f2d2e76e5e3beb743c1b191,9/23/2022 6:53:29 PM
Bearing (1) Outer & Shaft Fault ( Coupling End Bent) 75 Trial 23.csv,Fault data split 75/Bearing (1) Outer & Shaft Fault ( Coupling End Bent) 75 Trial 23.csv,1,24,23,64000,5d47e60b5cf9be33ed106309a689094bc20047ce2e5151708d8ef56990d918ce,9/23/2022 6:53:44 PM
Bearing (1) Outer & Shaft Fault ( Coupling End Bent) 75 Trial 24.csv,Fault data split 75/Bearing (1) Outer & Shaft Fault ( Coupling End Bent) 75 Trial 24.csv,1,24,24,64000,8c22576efdc8a67eabb91239a0954cb6a960037e9ce957ad3e0c472f4645d168,9/23/2022 6:53:59 PM
Bearing (1) Outer & Shaft Fault ( Coupling End Bent) 75 Trial 25.csv,Fault data split 75/Bearing (1) Outer & Shaft Fault ( Coupling End Bent) 75 Trial 25.csv,1,24,25,64000,bd3c0b8db7b29e527fef34830f5ab129ee1dda5308a7222efc100b15081503b2,9/23/2022 6:54:13 PM
Bearing (1) Outer & Shaft Fault ( Coupling End Bent) 75 Trial 3.csv,Fault data split 75/Bearing (1) Outer & Shaft Fault ( Coupling End Bent) 75 Trial 3.csv,1,24,3,64000,eef979a18ecca2949db21253a31beb6d9047cc138009c919b43d55a6c9a665b1,9/23/2022 6:48:35 PM
Bearing (1) Outer & Shaft Fault ( Coupling End Bent) 75 Trial 4.csv,Fault data split 75/Bearing (1) Outer & Shaft Fault ( Coupling End Bent) 75 Trial 4.csv,1,24,4,64000,5693daf03d0f85dd0f36803f159f51a4e284682c2b4d2cf944ac3d86777931a2,9/23/2022 6:48:50 PM
Bearing (1) Outer & Shaft Fault ( Coupling End Bent) 75 Trial 5.csv,Fault data split 75/Bearing (1) Outer & Shaft Fault ( Coupling End Bent) 75 Trial 5.csv,1,24,5,64000,c209d068b47e57d394b26bb381abcb6d7d43224c088cc87c352248f8cf86162f,9/23/2022 6:49:05 PM
Bearing (1) Outer & Shaft Fault ( Coupling End Bent) 75 Trial 6.csv,Fault data split 75/Bearing (1) Outer & Shaft Fault ( Coupling End Bent) 75 Trial 6.csv,1,24,6,64000,d98087659e1e3891ff15f5b98b2d58f5c7c64bd7ff5f4ecec89eb62edae49a1c,9/23/2022 6:49:20 PM
Bearing (1) Outer & Shaft Fault ( Coupling End Bent) 75 Trial 7.csv,Fault data split 75/Bearing (1) Outer & Shaft Fault ( Coupling End Bent) 75 Trial 7.csv,1,24,7,64000,22d8ff4f11ec00b8311598343fb1065120e10c1558d01eb2d7cdca4e6b52291e,9/23/2022 6:49:37 PM
Bearing (1) Outer & Shaft Fault ( Coupling End Bent) 75 Trial 8.csv,Fault data split 75/Bearing (1) Outer & Shaft Fault ( Coupling End Bent) 75 Trial 8.csv,1,24,8,64000,e8f9e6973f77dc483c21b45eea3a6635b073f0ada6d56b2c40a7ed63fd72de6c,9/23/2022 6:49:55 PM
Bearing (1) Outer & Shaft Fault ( Coupling End Bent) 75 Trial 9.csv,Fault data split 75/Bearing (1) Outer & Shaft Fault ( Coupling End Bent) 75 Trial 9.csv,1,24,9,64000,ffae8d3b9b515c441a6a9d924d6244442305e5e30d905c20457cfe28fbd30711,9/23/2022 6:50:11 PM
Bearing (1) Outer & Shaft Fault (Centerally bent) 75 Trial 1.csv,Fault data split 75/Bearing (1) Outer & Shaft Fault (Centerally bent) 75 Trial 1.csv,1,23,1,64000,103e394567a94d7bcea4595d5d67a1894cb21c289576c536bfb6ad22220961c0,9/29/2022 2:51:24 PM
Bearing (1) Outer & Shaft Fault (Centerally bent) 75 Trial 10.csv,Fault data split 75/Bearing (1) Outer & Shaft Fault (Centerally bent) 75 Trial 10.csv,1,23,10,64000,ccfe419cdde8af20141bcdb02ba0f6206a886b9fca2330e5bbd9ef956f429772,9/29/2022 3:01:43 PM
Bearing (1) Outer & Shaft Fault (Centerally bent) 75 Trial 11.csv,Fault data split 75/Bearing (1) Outer & Shaft Fault (Centerally bent) 75 Trial 11.csv,1,23,11,64000,f333ac9328827bf4bee6b58ff48ff5e6bf3f73a2fef58aa65ef3da6f53edcc47,9/29/2022 3:02:02 PM
Bearing (1) Outer & Shaft Fault (Centerally bent) 75 Trial 12.csv,Fault data split 75/Bearing (1) Outer & Shaft Fault (Centerally bent) 75 Trial 12.csv,1,23,12,64000,2bebdaa56b69a45cd80a5ffd0ad1567a4b5fbd05651a073323f44a3e09e97d32,9/29/2022 3:02:20 PM
Bearing (1) Outer & Shaft Fault (Centerally bent) 75 Trial 13.csv,Fault data split 75/Bearing (1) Outer & Shaft Fault (Centerally bent) 75 Trial 13.csv,1,23,13,64000,ea926461db6cae1b9371a98f6a5e391afb404260f4484f33e0b81c51ba3974ab,9/29/2022 3:02:37 PM
Bearing (1) Outer & Shaft Fault (Centerally bent) 75 Trial 14.csv,Fault data split 75/Bearing (1) Outer & Shaft Fault (Centerally bent) 75 Trial 14.csv,1,23,14,64000,cc49248c04a173c2a9cc104b29056ecaefc31054031fe9a2861d27f61c25255d,9/29/2022 3:02:54 PM
Bearing (1) Outer & Shaft Fault (Centerally bent) 75 Trial 15.csv,Fault data split 75/Bearing (1) Outer & Shaft Fault (Centerally bent) 75 Trial 15.csv,1,23,15,64000,8cbbd4ebee073a155334ae84268ffb5e514fd6550dd767bb7a4079e3ba1f0121,9/29/2022 3:03:12 PM
Bearing (1) Outer & Shaft Fault (Centerally bent) 75 Trial 16.csv,Fault data split 75/Bearing (1) Outer & Shaft Fault (Centerally bent) 75 Trial 16.csv,1,23,16,64000,d4adf1dca2f2c3ff059c2ba1c1d44449bdb852a19808b12fd69b269a332fcba1,9/29/2022 3:03:28 PM
Bearing (1) Outer & Shaft Fault (Centerally bent) 75 Trial 17.csv,Fault data split 75/Bearing (1) Outer & Shaft Fault (Centerally bent) 75 Trial 17.csv,1,23,17,64000,ab3ce041e019cf5479c8e3af74f0b5d2a90c63a092e8e10b4b2b10b7e69f87d7,9/29/2022 3:03:44 PM
Bearing (1) Outer & Shaft Fault (Centerally bent) 75 Trial 18.csv,Fault data split 75/Bearing (1) Outer & Shaft Fault (Centerally bent) 75 Trial 18.csv,1,23,18,64000,9e941665d03edbb8a0758279f38912b220373e05c253058ddc41bb97c15e862d,9/29/2022 3:04:02 PM
Bearing (1) Outer & Shaft Fault (Centerally bent) 75 Trial 19.csv,Fault data split 75/Bearing (1) Outer & Shaft Fault (Centerally bent) 75 Trial 19.csv,1,23,19,64000,b5987b17dc247fa0c3c7937719b8f65b6e3507e018feb145184d2c9aa80450d2,9/29/2022 3:04:19 PM
Bearing (1) Outer & Shaft Fault (Centerally bent) 75 Trial 2.csv,Fault data split 75/Bearing (1) Outer & Shaft Fault (Centerally bent) 75 Trial 2.csv,1,23,2,64000,0b06565269125da1b1746309e91fdb153e82a4d56508c354ab12d99f88176dba,9/29/2022 2:51:40 PM
Bearing (1) Outer & Shaft Fault (Centerally bent) 75 Trial 20.csv,Fault data split 75/Bearing (1) Outer & Shaft Fault (Centerally bent) 75 Trial 20.csv,1,23,20,64000,2f2c180b1cfcc8beba7e17f8083599496033bb058124a303578549a6222d35f8,9/29/2022 3:04:36 PM
Bearing (1) Outer & Shaft Fault (Centerally bent) 75 Trial 21.csv,Fault data split 75/Bearing (1) Outer & Shaft Fault (Centerally bent) 75 Trial 21.csv,1,23,21,64000,166318078b3be68e5b541687cede000df103e490f30cc40e09dc2e1402d154c9,9/29/2022 3:04:54 PM
Bearing (1) Outer & Shaft Fault (Centerally bent) 75 Trial 22.csv,Fault data split 75/Bearing (1) Outer & Shaft Fault (Centerally bent) 75 Trial 22.csv,1,23,22,64000,bf193d12bb1add7e76b979d4c93cec87df418277a569cb7815b043d1c49ab0e2,9/29/2022 3:05:10 PM
Bearing (1) Outer & Shaft Fault (Centerally bent) 75 Trial 23.csv,Fault data split 75/Bearing (1) Outer & Shaft Fault (Centerally bent) 75 Trial 23.csv,1,23,23,64000,98c4965489a901923a61a7b63f4ee583dd710c3c42eb0df8403395136c83770d,9/29/2022 3:05:28 PM
Bearing (1) Outer & Shaft Fault (Centerally bent) 75 Trial 24.csv,Fault data split 75/Bearing (1) Outer & Shaft Fault (Centerally bent) 75 Trial 24.csv,1,23,24,64000,d2a65389f0d4b60241cb4a7e1e2a9374dcbb5fa720be5346e6bcef0eae114bc2,9/29/2022 3:05:46 PM
Bearing (1) Outer & Shaft Fault (Centerally bent) 75 Trial 25.csv,Fault data split 75/Bearing (1) Outer & Shaft Fault (Centerally bent) 75 Trial 25.csv,1,23,25,64000,e727a6cac4f5075e7e2b13483efcc5fd94c7376014a25742a48ec7251df67328,9/29/2022 3:06:04 PM
Bearing (1) Outer & Shaft Fault (Centerally bent) 75 Trial 3.csv,Fault data split 75/Bearing (1) Outer & Shaft Fault (Centerally bent) 75 Trial 3.csv,1,23,3,64000,6f5fcec5de3b11d85dbc2a7cafe9e47dfe715fa84af717cc7ddc1f282227b024,9/29/2022 2:51:56 PM
Bearing (1) Outer & Shaft Fault (Centerally bent) 75 Trial 4.csv,Fault data split 75/Bearing (1) Outer & Shaft Fault (Centerally bent) 75 Trial 4.csv,1,23,4,64000,df115d41f73effc28f5f80c0bb480c9bf00095e00f0a5642dbc7f6f5a082b016,9/29/2022 2:52:42 PM
Bearing (1) Outer & Shaft Fault (Centerally bent) 75 Trial 5.csv,Fault data split 75/Bearing (1) Outer & Shaft Fault (Centerally bent) 75 Trial 5.csv,1,23,5,64000,20f593f0fc1eada3fe0b0f7a5254220db5570a6eb6245ccaf0d3632cb8897b58,9/29/2022 2:52:58 PM
Bearing (1) Outer & Shaft Fault (Centerally bent) 75 Trial 6.csv,Fault data split 75/Bearing (1) Outer & Shaft Fault (Centerally bent) 75 Trial 6.csv,1,23,6,64000,43468c1193102648d70b7da53e9caf6e779158d3b2453c719819bcba53b4cea4,9/29/2022 2:53:14 PM
Bearing (1) Outer & Shaft Fault (Centerally bent) 75 Trial 7.csv,Fault data split 75/Bearing (1) Outer & Shaft Fault (Centerally bent) 75 Trial 7.csv,1,23,7,64000,12debb03a7ba34fa53f10b90cbecbe8c87697f38be10253768a012f5e8bb3886,9/29/2022 2:53:31 PM
Bearing (1) Outer & Shaft Fault (Centerally bent) 75 Trial 8.csv,Fault data split 75/Bearing (1) Outer & Shaft Fault (Centerally bent) 75 Trial 8.csv,1,23,8,64000,b94d3e16ab8fc15ac6617a3042856e106d150e7fd5e23671d0dc00e76af025f7,9/29/2022 2:53:52 PM
Bearing (1) Outer & Shaft Fault (Centerally bent) 75 Trial 9.csv,Fault data split 75/Bearing (1) Outer & Shaft Fault (Centerally bent) 75 Trial 9.csv,1,23,9,64000,6eae73df930c3ab76a41cb626f96f9592a817bae775090a46a228745607d2347,9/29/2022 3:01:26 PM
Bearing (1) Outer 75 Trial 1.csv,Fault data split 75/Bearing (1) Outer 75 Trial 1.csv,1,14,1,64000,aa281ef867ac80bbfea7c920375a880efb53ef40926c3bc834d596a4a062f114,9/6/2022 11:19:40 AM
Bearing (1) Outer 75 Trial 10.csv,Fault data split 75/Bearing (1) Outer 75 Trial 10.csv,1,14,10,64000,1ea2cc17b40e2371fa397ec425bc5c4e4d2cc051e8e7627333ac8242cb83a9ce,9/6/2022 11:37:13 AM
Bearing (1) Outer 75 Trial 11.csv,Fault data split 75/Bearing (1) Outer 75 Trial 11.csv,1,14,11,64000,ed6a39aef9c79dee9d9477f51405ecd1bbc96759790bf10b15fabb48780e8428,9/6/2022 11:37:27 AM
Bearing (1) Outer 75 Trial 12.csv,Fault data split 75/Bearing (1) Outer 75 Trial 12.csv,1,14,12,64000,274a490d18fe5284e3e4136cdd35bd3a68716e379ce9497f33e55d41479eaa84,9/6/2022 11:37:41 AM
Bearing (1) Outer 75 Trial 13.csv,Fault data split 75/Bearing (1) Outer 75 Trial 13.csv,1,14,13,64000,dd5c6cdc2c78dafbdf7a722cb98ede6bf6c7f9d55718988a2dbf054002415487,9/6/2022 11:37:57 AM
Bearing (1) Outer 75 Trial 14.csv,Fault data split 75/Bearing (1) Outer 75 Trial 14.csv,1,14,14,64000,635d2eacd14c0580e4cddd83a4cf239377add11958375b5c7a5d5ab08b614258,9/6/2022 11:38:14 AM
Bearing (1) Outer 75 Trial 15.csv,Fault data split 75/Bearing (1) Outer 75 Trial 15.csv,1,14,15,64000,0d5955a47a5f1efd8ab6fa8ca6faaeae240da3bd486ef880a9d06fa646a3774d,9/6/2022 11:38:29 AM
Bearing (1) Outer 75 Trial 16.csv,Fault data split 75/Bearing (1) Outer 75 Trial 16.csv,1,14,16,64000,cc0bb18e9f4c51fb5b2279e1fbac8b90755da825b4b94d8d5d427a40abf20bc2,9/6/2022 11:38:45 AM
Bearing (1) Outer 75 Trial 17.csv,Fault data split 75/Bearing (1) Outer 75 Trial 17.csv,1,14,17,64000,4bc228f7df6e420c368a849eb650c4e2d5f618436b66d7f8235caa9f6e3c1531,9/6/2022 11:39:01 AM
Bearing (1) Outer 75 Trial 18.csv,Fault data split 75/Bearing (1) Outer 75 Trial 18.csv,1,14,18,64000,4a4aa5dc410d1217568eb4c390e38b8347309f57ab817f612630c1faf6890ecf,9/6/2022 11:39:16 AM
Bearing (1) Outer 75 Trial 19.csv,Fault data split 75/Bearing (1) Outer 75 Trial 19.csv,1,14,19,64000,9359e4efac6a545968440dcba10f70ef540c897d0820ece253148a223cf072be,9/6/2022 11:39:31 AM
Bearing (1) Outer 75 Trial 2.csv,Fault data split 75/Bearing (1) Outer 75 Trial 2.csv,1,14,2,64000,55e9df250fb33f815ac4fc276134ff7e99c1ff1a7475ba90e020cd6f3d83a879,9/6/2022 11:19:55 AM
Bearing (1) Outer 75 Trial 20.csv,Fault data split 75/Bearing (1) Outer 75 Trial 20.csv,1,14,20,64000,be5495261db398143f89f9e2c4851e088e6ebad3db52f8a575a4295985ab8ced,9/6/2022 11:39:47 AM
Bearing (1) Outer 75 Trial 21.csv,Fault data split 75/Bearing (1) Outer 75 Trial 21.csv,1,14,21,64000,18b751a8f0383074131244cd9f1d9e6768f79f2873c259966f791f58c241c379,9/6/2022 11:40:02 AM
Bearing (1) Outer 75 Trial 22.csv,Fault data split 75/Bearing (1) Outer 75 Trial 22.csv,1,14,22,64000,9b0acd66592532facd79ce04a33dbc83a92e8779d7d0a22836a5df2695f79e4d,9/6/2022 11:40:18 AM
Bearing (1) Outer 75 Trial 23.csv,Fault data split 75/Bearing (1) Outer 75 Trial 23.csv,1,14,23,64000,9dfb819c54f463bde10f37dbb0f6b42f2068ec149e821f16034ddd75f00eb016,9/6/2022 11:40:35 AM
Bearing (1) Outer 75 Trial 24.csv,Fault data split 75/Bearing (1) Outer 75 Trial 24.csv,1,14,24,64000,0bb873204ac160fd46ecfc91fbf33a852384ae331e0f567a0ef69461dba85c3c,9/6/2022 11:40:51 AM
Bearing (1) Outer 75 Trial 25.csv,Fault data split 75/Bearing (1) Outer 75 Trial 25.csv,1,14,25,64000,3360bc73557e274818899b0fe47c99502c385ff6fab3e71d34cf4a3c289867b3,9/6/2022 11:41:10 AM
Bearing (1) Outer 75 Trial 3.csv,Fault data split 75/Bearing (1) Outer 75 Trial 3.csv,1,14,3,64000,dfa0411f2ae0f6c8eecbb252a66db29d91ee68118994277741b8d95591a19441,9/6/2022 11:20:13 AM
Bearing (1) Outer 75 Trial 4.csv,Fault data split 75/Bearing (1) Outer 75 Trial 4.csv,1,14,4,64000,949b049b30c03dc6f18216d2dbff3dbbe85c814bb2b7a16d460b281a47b7f450,9/6/2022 11:20:29 AM
Bearing (1) Outer 75 Trial 5.csv,Fault data split 75/Bearing (1) Outer 75 Trial 5.csv,1,14,5,64000,b9ec02af3b40c69651ee9d2318b49f49c9f0cf38dac424d628e82c242ddf2de2,9/6/2022 11:20:44 AM
Bearing (1) Outer 75 Trial 6.csv,Fault data split 75/Bearing (1) Outer 75 Trial 6.csv,1,14,6,64000,fbf42ba86a99423e2a1425ffe98646d8d74bdbd3242c83d6a79b1ed2ebb22e3f,9/6/2022 11:20:59 AM
Bearing (1) Outer 75 Trial 7.csv,Fault data split 75/Bearing (1) Outer 75 Trial 7.csv,1,14,7,64000,5c90133f1c896876e6202d8cab7ee4a2b92be766b816dbaf2326ec5f15ec6a4b,9/6/2022 11:21:21 AM
Bearing (1) Outer 75 Trial 8.csv,Fault data split 75/Bearing (1) Outer 75 Trial 8.csv,1,14,8,64000,182946e9c40f35180bdd0c74b11a587757ab9d2385a0ee9977c240421afeaf0d,9/6/2022 11:36:42 AM
Bearing (1) Outer 75 Trial 9.csv,Fault data split 75/Bearing (1) Outer 75 Trial 9.csv,1,14,9,64000,26d138d9ebbc8e476a0d0c4e97748800ba9009eee12c3487aba8ee2e98a20b95,9/6/2022 11:36:58 AM
Bearing (2) Ball & Shaft Fault ( Coupling End Bent) 75 Trial 1.csv,Fault data split 75/Bearing (2) Ball & Shaft Fault ( Coupling End Bent) 75 Trial 1.csv,1,26,1,64000,4cf0230d32f1bfef71ae768191771dd5dff3647130bed269ca9b60d9b69b3875,9/23/2022 8:18:22 PM
Bearing (2) Ball & Shaft Fault ( Coupling End Bent) 75 Trial 10.csv,Fault data split 75/Bearing (2) Ball & Shaft Fault ( Coupling End Bent) 75 Trial 10.csv,1,26,10,64000,f2a1118b8ba3d51bf886d0ec57b82a2eebd87b5038d355d374db430baac68e13,9/23/2022 8:20:47 PM
Bearing (2) Ball & Shaft Fault ( Coupling End Bent) 75 Trial 11.csv,Fault data split 75/Bearing (2) Ball & Shaft Fault ( Coupling End Bent) 75 Trial 11.csv,1,26,11,64000,721ec6979a06689bf7c18835f091fe13c42342ac89c0b261816dd2bc109cb8ae,9/23/2022 8:21:01 PM
Bearing (2) Ball & Shaft Fault ( Coupling End Bent) 75 Trial 12.csv,Fault data split 75/Bearing (2) Ball & Shaft Fault ( Coupling End Bent) 75 Trial 12.csv,1,26,12,64000,de3f4b4c832e8fd26d68f7babc545f5446b430ce17bb02578ffec9b7bec3513f,9/23/2022 8:21:19 PM
Bearing (2) Ball & Shaft Fault ( Coupling End Bent) 75 Trial 13.csv,Fault data split 75/Bearing (2) Ball & Shaft Fault ( Coupling End Bent) 75 Trial 13.csv,1,26,13,64000,0c3bc5be9043a6fa1caf7470f00022e65f9056146045633f0de67c2ff6afc91b,9/23/2022 8:21:45 PM
Bearing (2) Ball & Shaft Fault ( Coupling End Bent) 75 Trial 14.csv,Fault data split 75/Bearing (2) Ball & Shaft Fault ( Coupling End Bent) 75 Trial 14.csv,1,26,14,64000,73ef4cf4eca1b451729f06bea8ce6e3a41009ec8e8c5d4c3a615f65995a68f5f,9/23/2022 8:22:00 PM
Bearing (2) Ball & Shaft Fault ( Coupling End Bent) 75 Trial 15.csv,Fault data split 75/Bearing (2) Ball & Shaft Fault ( Coupling End Bent) 75 Trial 15.csv,1,26,15,64000,124a566e4069ea09833eb58663b989b1cecbba11120fd1e437330d026afdd646,9/23/2022 8:22:14 PM
Bearing (2) Ball & Shaft Fault ( Coupling End Bent) 75 Trial 16.csv,Fault data split 75/Bearing (2) Ball & Shaft Fault ( Coupling End Bent) 75 Trial 16.csv,1,26,16,64000,a6e9054863b412412409dc40bd10bbb9d489d9428d2843bf4f645696d1abdb92,9/23/2022 8:22:30 PM
Bearing (2) Ball & Shaft Fault ( Coupling End Bent) 75 Trial 17.csv,Fault data split 75/Bearing (2) Ball & Shaft Fault ( Coupling End Bent) 75 Trial 17.csv,1,26,17,64000,8740f9ce7d5462897077847a7edfff8ed1a4c2960afecfe826f83a299eaf9803,9/23/2022 8:22:44 PM
Bearing (2) Ball & Shaft Fault ( Coupling End Bent) 75 Trial 18.csv,Fault data split 75/Bearing (2) Ball & Shaft Fault ( Coupling End Bent) 75 Trial 18.csv,1,26,18,64000,e61fc709446d71ed0a1fe019b3abc04194f85067efb3664d6301890b54f208f7,9/23/2022 8:23:06 PM
Bearing (2) Ball & Shaft Fault ( Coupling End Bent) 75 Trial 19.csv,Fault data split 75/Bearing (2) Ball & Shaft Fault ( Coupling End Bent) 75 Trial 19.csv,1,26,19,64000,d5dc65efa74eaa53b5921ccc5e3f847c5670b2c34847d7ab05fcc6d57b82721c,9/23/2022 8:23:20 PM
Bearing (2) Ball & Shaft Fault ( Coupling End Bent) 75 Trial 2.csv,Fault data split 75/Bearing (2) Ball & Shaft Fault ( Coupling End Bent) 75 Trial 2.csv,1,26,2,64000,3900d1d34aa28ab1f83d9a5d7a242d10c906ed3eeadc2dcd9631a0ad317c6ca9,9/23/2022 8:18:42 PM
Bearing (2) Ball & Shaft Fault ( Coupling End Bent) 75 Trial 20.csv,Fault data split 75/Bearing (2) Ball & Shaft Fault ( Coupling End Bent) 75 Trial 20.csv,1,26,20,64000,41aab79cc6f3885e73de28aeac943401c364486d90c2b0c63f4ea07026d24ab8,9/23/2022 8:23:35 PM
Bearing (2) Ball & Shaft Fault ( Coupling End Bent) 75 Trial 21.csv,Fault data split 75/Bearing (2) Ball & Shaft Fault ( Coupling End Bent) 75 Trial 21.csv,1,26,21,64000,82a6c44c20ecd37e700111fb89d25fbeea7f5cd56cee598c27f1d08a2750225e,9/23/2022 8:23:50 PM
Bearing (2) Ball & Shaft Fault ( Coupling End Bent) 75 Trial 22.csv,Fault data split 75/Bearing (2) Ball & Shaft Fault ( Coupling End Bent) 75 Trial 22.csv,1,26,22,64000,4683e43626119b495e1c01c729d5ea9dd3690243c932aeda0995d5507a8dc68a,9/23/2022 8:24:06 PM
Bearing (2) Ball & Shaft Fault ( Coupling End Bent) 75 Trial 23.csv,Fault data split 75/Bearing (2) Ball & Shaft Fault ( Coupling End Bent) 75 Trial 23.csv,1,26,23,64000,dd926ffbaf7b0e96fe8a04af143bfdb223dc8de5d12a872c216c2d27dd16e52c,9/23/2022 8:24:21 PM
Bearing (2) Ball & Shaft Fault ( Coupling End Bent) 75 Trial 24.csv,Fault data split 75/Bearing (2) Ball & Shaft Fault ( Coupling End Bent) 75 Trial 24.csv,1,26,24,64000,3ca34b557ab8e3a85ffaca75d884f6d47d99d4f8af4986dc78d35d8b4af2ca7a,9/23/2022 8:24:40 PM
Bearing (2) Ball & Shaft Fault ( Coupling End Bent) 75 Trial 25.csv,Fault data split 75/Bearing (2) Ball & Shaft Fault ( Coupling End Bent) 75 Trial 25.csv,1,26,25,64000,9971a0eb9e61ee8107ffce468eacec73d1491c7aa3c7cf8e442473785f057800,9/23/2022 8:24:58 PM
Bearing (2) Ball & Shaft Fault ( Coupling End Bent) 75 Trial 3.csv,Fault data split 75/Bearing (2) Ball & Shaft Fault ( Coupling End Bent) 75 Trial 3.csv,1,26,3,64000,55dafa0a75a51fbec32a79a16f18da23e7717840eeebf3a93cd7fc513fb14bd8,9/23/2022 8:18:57 PM
Bearing (2) Ball & Shaft Fault ( Coupling End Bent) 75 Trial 4.csv,Fault data split 75/Bearing (2) Ball & Shaft Fault ( Coupling End Bent) 75 Trial 4.csv,1,26,4,64000,de82a4e8108f2513a3264bb3c5a5c534c33fe192cc26128ce06e204eed842b16,9/23/2022 8:19:13 PM
Bearing (2) Ball & Shaft Fault ( Coupling End Bent) 75 Trial 5.csv,Fault data split 75/Bearing (2) Ball & Shaft Fault ( Coupling End Bent) 75 Trial 5.csv,1,26,5,64000,9151e51383152e1bd967a7a925245810e4e1cbda4e5a62216bafb5a3243dffc1,9/23/2022 8:19:28 PM
Bearing (2) Ball & Shaft Fault ( Coupling End Bent) 75 Trial 6.csv,Fault data split 75/Bearing (2) Ball & Shaft Fault ( Coupling End Bent) 75 Trial 6.csv,1,26,6,64000,0e7c0e182c5ef7e6565e81caa7c2f52bf23a3815c916d038c56ffea3dd3d637f,9/23/2022 8:19:43 PM
Bearing (2) Ball & Shaft Fault ( Coupling End Bent) 75 Trial 7.csv,Fault data split 75/Bearing (2) Ball & Shaft Fault ( Coupling End Bent) 75 Trial 7.csv,1,26,7,64000,ae2ae1939e54c31d7ca9f4cacb9b48e4c35670fb3f7184f6dcd3635855208d8c,9/23/2022 8:20:03 PM
Bearing (2) Ball & Shaft Fault ( Coupling End Bent) 75 Trial 8.csv,Fault data split 75/Bearing (2) Ball & Shaft Fault ( Coupling End Bent) 75 Trial 8.csv,1,26,8,64000,525f00dba6d2dfa2db46483fbabffd5bffd518aaeb0439611df3fb0a3922b229,9/23/2022 8:20:18 PM
Bearing (2) Ball & Shaft Fault ( Coupling End Bent) 75 Trial 9.csv,Fault data split 75/Bearing (2) Ball & Shaft Fault ( Coupling End Bent) 75 Trial 9.csv,1,26,9,64000,9f100b8a7e1c9b84531a7eee57fe8aa57a034cc2b28aab0bb79e37723db8c584,9/23/2022 8:20:33 PM
Bearing (2) Ball & Shaft Fault (Centerally bent) 75 Trial 1.csv,Fault data split 75/Bearing (2) Ball & Shaft Fault (Centerally bent) 75 Trial 1.csv,1,25,1,64000,7b2897b0e70a1b7ecc12830fd783ba1009116fd5159fcde5843d9c57702c2e2d,10/4/2022 12:58:27 PM
Bearing (2) Ball & Shaft Fault (Centerally bent) 75 Trial 10.csv,Fault data split 75/Bearing (2) Ball & Shaft Fault (Centerally bent) 75 Trial 10.csv,1,25,10,64000,ba8ef67872768e125e1839c5185d7c7bce682ad5cb65da2dbc2d18f856c9cbda,10/4/2022 1:00:51 PM
Bearing (2) Ball & Shaft Fault (Centerally bent) 75 Trial 11.csv,Fault data split 75/Bearing (2) Ball & Shaft Fault (Centerally bent) 75 Trial 11.csv,1,25,11,64000,c82c54c5b5c2f571d2c6f01575e07f49af66c68d5a502e1d6c3f3f162fd693e3,10/4/2022 1:01:05 PM
Bearing (2) Ball & Shaft Fault (Centerally bent) 75 Trial 12.csv,Fault data split 75/Bearing (2) Ball & Shaft Fault (Centerally bent) 75 Trial 12.csv,1,25,12,64000,22d034485fcb16d78cb8e71c92b47fc464415a9a80dc2c8a305b45799a37339f,10/4/2022 1:01:22 PM
Bearing (2) Ball & Shaft Fault (Centerally bent) 75 Trial 13.csv,Fault data split 75/Bearing (2) Ball & Shaft Fault (Centerally bent) 75 Trial 13.csv,1,25,13,64000,7593c842218b7be0c14d8948acc4c3e4f46c0e3be20b549c35b0a6260e04a2eb,10/4/2022 1:01:38 PM
Bearing (2) Ball & Shaft Fault (Centerally bent) 75 Trial 14.csv,Fault data split 75/Bearing (2) Ball & Shaft Fault (Centerally bent) 75 Trial 14.csv,1,25,14,64000,0d4dde960ad8b529f35777876c9f13a66434751fb5a2759dac0ef2679f20c2e5,10/4/2022 1:01:57 PM
Bearing (2) Ball & Shaft Fault (Centerally bent) 75 Trial 15.csv,Fault data split 75/Bearing (2) Ball & Shaft Fault (Centerally bent) 75 Trial 15.csv,1,25,15,64000,96d94baa54a17b025debd883a1f1d5e869b4aaf3c065682c45f48725c6906bcd,10/4/2022 1:02:13 PM
Bearing (2) Ball & Shaft Fault (Centerally bent) 75 Trial 16.csv,Fault data split 75/Bearing (2) Ball & Shaft Fault (Centerally bent) 75 Trial 16.csv,1,25,16,64000,4613fc97799e6af8fcfe0edf97bf254b4c0ce753377d7c8eaaf2d0e9a1c40fed,10/4/2022 1:02:29 PM
Bearing (2) Ball & Shaft Fault (Centerally bent) 75 Trial 17.csv,Fault data split 75/Bearing (2) Ball & Shaft Fault (Centerally bent) 75 Trial 17.csv,1,25,17,64000,41743415556a95a016e334cc3a606d717a5fac6dabd1bf114a36801d43435db2,10/4/2022 1:02:48 PM
Bearing (2) Ball & Shaft Fault (Centerally bent) 75 Trial 18.csv,Fault data split 75/Bearing (2) Ball & Shaft Fault (Centerally bent) 75 Trial 18.csv,1,25,18,64000,0ecfa7bea75a0421996d01795ccc4de15cae1eb3086872b06196464b410e423d,10/4/2022 1:03:03 PM
Bearing (2) Ball & Shaft Fault (Centerally bent) 75 Trial 19.csv,Fault data split 75/Bearing (2) Ball & Shaft Fault (Centerally bent) 75 Trial 19.csv,1,25,19,64000,57bfdabaa268e8900201a4e6cc0c581cefb95f8bbc94cb307d84d45c13436b10,10/4/2022 1:03:19 PM
Bearing (2) Ball & Shaft Fault (Centerally bent) 75 Trial 2.csv,Fault data split 75/Bearing (2) Ball & Shaft Fault (Centerally bent) 75 Trial 2.csv,1,25,2,64000,1fbbb14f4d77462d875925b4dafc08e3ed10c5bb62049612bb7c4493e69f3e41,10/4/2022 12:58:47 PM
Bearing (2) Ball & Shaft Fault (Centerally bent) 75 Trial 20.csv,Fault data split 75/Bearing (2) Ball & Shaft Fault (Centerally bent) 75 Trial 20.csv,1,25,20,64000,5559b679f00b6cfb13b9796b4db27c6b77fd8138cc7e4a2b9e8cd14ba7dc3eb5,10/4/2022 1:03:35 PM
Bearing (2) Ball & Shaft Fault (Centerally bent) 75 Trial 21.csv,Fault data split 75/Bearing (2) Ball & Shaft Fault (Centerally bent) 75 Trial 21.csv,1,25,21,64000,259263c9bbb5d954bdf8a20dce8ce1317794f821ca1c6e79a4f9563df554510c,10/4/2022 1:03:52 PM
Bearing (2) Ball & Shaft Fault (Centerally bent) 75 Trial 22.csv,Fault data split 75/Bearing (2) Ball & Shaft Fault (Centerally bent) 75 Trial 22.csv,1,25,22,64000,114f1de8a854df097402647dcda65c1599b1bf8d9e823006f4419598beaa6cc6,10/4/2022 1:04:08 PM
Bearing (2) Ball & Shaft Fault (Centerally bent) 75 Trial 23.csv,Fault data split 75/Bearing (2) Ball & Shaft Fault (Centerally bent) 75 Trial 23.csv,1,25,23,64000,bfb984ccecd553cd7137c7f83b8f97c6eefcd36feb08040038be9fc6f90b34aa,10/4/2022 1:04:23 PM
Bearing (2) Ball & Shaft Fault (Centerally bent) 75 Trial 24.csv,Fault data split 75/Bearing (2) Ball & Shaft Fault (Centerally bent) 75 Trial 24.csv,1,25,24,64000,40007b894842d1a7bc244a4e1fe1f79f9d3ca614dfe6a0d3d00ecc493305626a,10/4/2022 1:04:40 PM
Bearing (2) Ball & Shaft Fault (Centerally bent) 75 Trial 25.csv,Fault data split 75/Bearing (2) Ball & Shaft Fault (Centerally bent) 75 Trial 25.csv,1,25,25,64000,303e4412c69f1e0c22881093446b1c76e9380055e902f3d119b999c5ef291d7a,10/4/2022 1:04:55 PM
Bearing (2) Ball & Shaft Fault (Centerally bent) 75 Trial 3.csv,Fault data split 75/Bearing (2) Ball & Shaft Fault (Centerally bent) 75 Trial 3.csv,1,25,3,64000,b6ee6df899f9cc57b59b588b4751d81902aebeccabbdebff925ebdf29554d5a9,10/4/2022 12:59:01 PM
Bearing (2) Ball & Shaft Fault (Centerally bent) 75 Trial 4.csv,Fault data split 75/Bearing (2) Ball & Shaft Fault (Centerally bent) 75 Trial 4.csv,1,25,4,64000,a2caf6bb6e47f5cc77d77cc56ca9af3b1120e337f7b2642678909bbfdd8d4884,10/4/2022 12:59:17 PM
Bearing (2) Ball & Shaft Fault (Centerally bent) 75 Trial 5.csv,Fault data split 75/Bearing (2) Ball & Shaft Fault (Centerally bent) 75 Trial 5.csv,1,25,5,64000,ba9fe49cd7b3a28adf81874272cf58e0495e8823dde4684b1330dda99218bae2,10/4/2022 12:59:34 PM
Bearing (2) Ball & Shaft Fault (Centerally bent) 75 Trial 6.csv,Fault data split 75/Bearing (2) Ball & Shaft Fault (Centerally bent) 75 Trial 6.csv,1,25,6,64000,e97c480e675759cb9c0cc06e53330a616809972a9f5dad1aa21ca6a2993db53d,10/4/2022 12:59:50 PM
Bearing (2) Ball & Shaft Fault (Centerally bent) 75 Trial 7.csv,Fault data split 75/Bearing (2) Ball & Shaft Fault (Centerally bent) 75 Trial 7.csv,1,25,7,64000,676f03ccd01b167ae9558eb66606605f48bf09563c360076f3e57f79b2c92aba,10/4/2022 1:00:06 PM
Bearing (2) Ball & Shaft Fault (Centerally bent) 75 Trial 8.csv,Fault data split 75/Bearing (2) Ball & Shaft Fault (Centerally bent) 75 Trial 8.csv,1,25,8,64000,0f670c21ace3e3a0210c5b0efbf6b519a6a9ada2a91b9f8281c1a0b8e3f8f2c1,10/4/2022 1:00:21 PM
Bearing (2) Ball & Shaft Fault (Centerally bent) 75 Trial 9.csv,Fault data split 75/Bearing (2) Ball & Shaft Fault (Centerally bent) 75 Trial 9.csv,1,25,9,64000,956ad4e5bfef9e6c882ee2a1734b8afd23197308748aeaaf28f7e09f39f1a79c,10/4/2022 1:00:37 PM
Bearing (2) Ball 75 Trial 1.csv,Fault data split 75/Bearing (2) Ball 75 Trial 1.csv,1,29,1,64000,e96e1cbae6d04b84dfc0c82392aa5a51ed56aadbf37adb41177f4f17d6cd373c,10/25/2022 11:12:29 AM
Bearing (2) Ball 75 Trial 10.csv,Fault data split 75/Bearing (2) Ball 75 Trial 10.csv,1,29,10,64000,ed15c3ed04bf86ebd678fa276a93a4cfec8b59e34150148eb79927aa817b659b,10/25/2022 11:15:22 AM
Bearing (2) Ball 75 Trial 11.csv,Fault data split 75/Bearing (2) Ball 75 Trial 11.csv,1,29,11,64000,6481537b13152fd9558dfe3ab2e8387cdbad64915573a8b84179d018adb7711e,10/25/2022 11:15:40 AM
Bearing (2) Ball 75 Trial 12.csv,Fault data split 75/Bearing (2) Ball 75 Trial 12.csv,1,29,12,64000,32f9aaabf5ec9d5a5e1922ccd0aea4905a15fb17a6005e3e8850a135e3dbb3af,10/25/2022 11:15:56 AM
Bearing (2) Ball 75 Trial 13.csv,Fault data split 75/Bearing (2) Ball 75 Trial 13.csv,1,29,13,64000,92a6065e590a0f4427863c0e8932237a8fc9039c7700775ad403dc7e8983feef,10/25/2022 11:17:36 AM
Bearing (2) Ball 75 Trial 14.csv,Fault data split 75/Bearing (2) Ball 75 Trial 14.csv,1,29,14,64000,241a0f2589d1026d256b71f37eaa1173a68e7a71c78dfca2dfec6f0e0c02ec8b,10/25/2022 11:17:58 AM
Bearing (2) Ball 75 Trial 15.csv,Fault data split 75/Bearing (2) Ball 75 Trial 15.csv,1,29,15,64000,ef8fe2b196c94fc30d2894f2864da236a8e426118b356ff1dab0bf3cf2322e7c,10/25/2022 11:18:17 AM
Bearing (2) Ball 75 Trial 16.csv,Fault data split 75/Bearing (2) Ball 75 Trial 16.csv,1,29,16,64000,c70aa84bdf809a4ce5457d8474d161c78d7691708ef44b2ce5e02aafe811902b,10/25/2022 11:18:34 AM
Bearing (2) Ball 75 Trial 17.csv,Fault data split 75/Bearing (2) Ball 75 Trial 17.csv,1,29,17,64000,2a0da74ddd6a570bac915d2e5c297e644f3a5dd53cc0ead736452613fff39e41,10/25/2022 11:18:57 AM
Bearing (2) Ball 75 Trial 18.csv,Fault data split 75/Bearing (2) Ball 75 Trial 18.csv,1,29,18,64000,9ca315cbca9c3feef2f81b3056fad0f9ffc050723883e4af59090365966afa25,10/25/2022 11:19:21 AM
Bearing (2) Ball 75 Trial 19.csv,Fault data split 75/Bearing (2) Ball 75 Trial 19.csv,1,29,19,64000,c7c8f4995b1ae1fca4b7f2d759e1ee06cb510775ab6231f9ecd6ade48bb042e8,10/25/2022 11:19:40 AM
Bearing (2) Ball 75 Trial 2.csv,Fault data split 75/Bearing (2) Ball 75 Trial 2.csv,1,29,2,64000,38e99b7bcf8d8de539394cf02f7cdd36e650d78f03c955cc2065ac3030e82a0b,10/25/2022 11:12:53 AM
Bearing (2) Ball 75 Trial 20.csv,Fault data split 75/Bearing (2) Ball 75 Trial 20.csv,1,29,20,64000,a493fcb64678d04cdf9f1b166dc2f830000ac47f05dbf28b0aee3a13376991ed,10/25/2022 11:19:57 AM
Bearing (2) Ball 75 Trial 21.csv,Fault data split 75/Bearing (2) Ball 75 Trial 21.csv,1,29,21,64000,d6956bafd876420d238a71c9ee78c3e41448f3d7fe9aea2c064104526c635655,10/25/2022 11:20:12 AM
Bearing (2) Ball 75 Trial 22.csv,Fault data split 75/Bearing (2) Ball 75 Trial 22.csv,1,29,22,64000,8946e3596db188742c05b4ee2a4e4229ec68ec9be580da19bd9c4b38394077b5,10/25/2022 11:20:30 AM
Bearing (2) Ball 75 Trial 23.csv,Fault data split 75/Bearing (2) Ball 75 Trial 23.csv,1,29,23,64000,2e438094a8230074b547c31cea1f35969ff6f32c2353e153499a999c1865caf7,10/25/2022 11:20:49 AM
Bearing (2) Ball 75 Trial 24.csv,Fault data split 75/Bearing (2) Ball 75 Trial 24.csv,1,29,24,64000,3e27c10026df8b15f58bdf644f6753ddd541fc59eae85f6fc2d7e8ec27af659e,10/25/2022 11:21:08 AM
Bearing (2) Ball 75 Trial 25.csv,Fault data split 75/Bearing (2) Ball 75 Trial 25.csv,1,29,25,64000,6cf4118e8b47bc4d23a25342a3164bab8f9d970fd49843798cb20ec186c7b177,10/25/2022 11:21:24 AM
Bearing (2) Ball 75 Trial 3.csv,Fault data split 75/Bearing (2) Ball 75 Trial 3.csv,1,29,3,64000,a13de6e0ec5ad0532e961a9a749162227e1a3287e32c7a83ba568d670aad8246,10/25/2022 11:13:13 AM
Bearing (2) Ball 75 Trial 4.csv,Fault data split 75/Bearing (2) Ball 75 Trial 4.csv,1,29,4,64000,00afa83da14f65d77ad77636699ed2ee29782a51c637beef569896f309055b4b,10/25/2022 11:13:30 AM
Bearing (2) Ball 75 Trial 5.csv,Fault data split 75/Bearing (2) Ball 75 Trial 5.csv,1,29,5,64000,5ece06ddb3b84546255b66f2f1ba274f092210c4a829a0baea81f9ea7815c957,10/25/2022 11:13:48 AM
Bearing (2) Ball 75 Trial 6.csv,Fault data split 75/Bearing (2) Ball 75 Trial 6.csv,1,29,6,64000,c2b3aaac4f62cb6d40bb84f43c8089a00b42021e2d85d1e9623928d0d1d9a215,10/25/2022 11:14:08 AM
Bearing (2) Ball 75 Trial 7.csv,Fault data split 75/Bearing (2) Ball 75 Trial 7.csv,1,29,7,64000,d1e35f03e0c138ecc2b0548c271b35dc5682f5da98c1ae28857246a10450f51c,10/25/2022 11:14:29 AM
Bearing (2) Ball 75 Trial 8.csv,Fault data split 75/Bearing (2) Ball 75 Trial 8.csv,1,29,8,64000,ca04f12e09113b2f1ae28275a027ee595675a5850d77f23c2e3fbd5ac6563407,10/25/2022 11:14:45 AM
Bearing (2) Ball 75 Trial 9.csv,Fault data split 75/Bearing (2) Ball 75 Trial 9.csv,1,29,9,64000,2e81d1f7c7db5d052d0f53444b5532e595a7c2a9a7c573ff3007c8308f4e5f68,10/25/2022 11:15:02 AM
Bearing (2) Combination & Shaft Fault ( Coupling End Bent) 75 Trial 1.csv,Fault data split 75/Bearing (2) Combination & Shaft Fault ( Coupling End Bent) 75 Trial 1.csv,1,28,1,64000,6520db44c590cf6d572cb1f52dd37ac88e41fa701e540c9898450729718cf8f2,9/29/2022 11:24:27 AM
Bearing (2) Combination & Shaft Fault ( Coupling End Bent) 75 Trial 10.csv,Fault data split 75/Bearing (2) Combination & Shaft Fault ( Coupling End Bent) 75 Trial 10.csv,1,28,10,64000,63ef67f61b770fe7845db860fbec40727eff199d90e82744924c9aeb64631d87,9/29/2022 11:27:18 AM
Bearing (2) Combination & Shaft Fault ( Coupling End Bent) 75 Trial 11.csv,Fault data split 75/Bearing (2) Combination & Shaft Fault ( Coupling End Bent) 75 Trial 11.csv,1,28,11,64000,970b037dfdd4eef105cd98687d15dbd34a25e89ea2dd95a6032d702370a5d5a3,9/29/2022 11:27:33 AM
Bearing (2) Combination & Shaft Fault ( Coupling End Bent) 75 Trial 12.csv,Fault data split 75/Bearing (2) Combination & Shaft Fault ( Coupling End Bent) 75 Trial 12.csv,1,28,12,64000,b3e705480cdf133a04a637f263617035f9ddf5b28721d02a806c4a2927892b6a,9/29/2022 11:27:49 AM
Bearing (2) Combination & Shaft Fault ( Coupling End Bent) 75 Trial 13.csv,Fault data split 75/Bearing (2) Combination & Shaft Fault ( Coupling End Bent) 75 Trial 13.csv,1,28,13,64000,3425815623dc57f8b31c57dc54413084a005d573b6cda2513e4979e0afeee53c,9/29/2022 11:28:06 AM
Bearing (2) Combination & Shaft Fault ( Coupling End Bent) 75 Trial 14.csv,Fault data split 75/Bearing (2) Combination & Shaft Fault ( Coupling End Bent) 75 Trial 14.csv,1,28,14,64000,eda2ea929840c24f466432fa297f5a574b269d66cbee8b5193b7e1a59d5d6ef4,9/29/2022 11:28:25 AM
Bearing (2) Combination & Shaft Fault ( Coupling End Bent) 75 Trial 15.csv,Fault data split 75/Bearing (2) Combination & Shaft Fault ( Coupling End Bent) 75 Trial 15.csv,1,28,15,64000,1ecbbf7641edc011f9e69c0b8f5284c13af4033f6994106f93ee6be5d64c0731,9/29/2022 11:28:41 AM
Bearing (2) Combination & Shaft Fault ( Coupling End Bent) 75 Trial 16.csv,Fault data split 75/Bearing (2) Combination & Shaft Fault ( Coupling End Bent) 75 Trial 16.csv,1,28,16,64000,5bf38ed7809329e5936447fd81868f29ace1a9fb5bbabadf1a8910472911b802,9/29/2022 11:28:57 AM
Bearing (2) Combination & Shaft Fault ( Coupling End Bent) 75 Trial 17.csv,Fault data split 75/Bearing (2) Combination & Shaft Fault ( Coupling End Bent) 75 Trial 17.csv,1,28,17,64000,84de7cc1273fb8c411a9ed960ad8328de3a0fb3fba61ea5b395a3ee79f8effab,9/29/2022 11:29:14 AM
Bearing (2) Combination & Shaft Fault ( Coupling End Bent) 75 Trial 18.csv,Fault data split 75/Bearing (2) Combination & Shaft Fault ( Coupling End Bent) 75 Trial 18.csv,1,28,18,64000,0d9c4d79db2c3e1582cb66d9205f468bdd6b4288201291b28046a80ecde39ebe,9/29/2022 11:29:28 AM
Bearing (2) Combination & Shaft Fault ( Coupling End Bent) 75 Trial 19.csv,Fault data split 75/Bearing (2) Combination & Shaft Fault ( Coupling End Bent) 75 Trial 19.csv,1,28,19,64000,f844ae319ea4fd39f6aa15fb1d7c9bd3d2d494549d685b97a2d984738dc45647,9/29/2022 11:29:44 AM
Bearing (2) Combination & Shaft Fault ( Coupling End Bent) 75 Trial 2.csv,Fault data split 75/Bearing (2) Combination & Shaft Fault ( Coupling End Bent) 75 Trial 2.csv,1,28,2,64000,47d669948133d29f1beb011b0a27168a68391a5d1ecfb1b26e0a5aa2de9812fe,9/29/2022 11:25:05 AM
Bearing (2) Combination & Shaft Fault ( Coupling End Bent) 75 Trial 20.csv,Fault data split 75/Bearing (2) Combination & Shaft Fault ( Coupling End Bent) 75 Trial 20.csv,1,28,20,64000,8372452151d72f251578e0276aa44b016798f98bdb319282dc54170d689f758c,9/29/2022 11:30:01 AM
Bearing (2) Combination & Shaft Fault ( Coupling End Bent) 75 Trial 21.csv,Fault data split 75/Bearing (2) Combination & Shaft Fault ( Coupling End Bent) 75 Trial 21.csv,1,28,21,64000,7e5dd775f357985b25dc950f6263b2962c3c62a7e9ff0cddc7aa7cac8a1e530c,9/29/2022 11:30:21 AM
Bearing (2) Combination & Shaft Fault ( Coupling End Bent) 75 Trial 22.csv,Fault data split 75/Bearing (2) Combination & Shaft Fault ( Coupling End Bent) 75 Trial 22.csv,1,28,22,64000,e59b59962e2cfc6c104300ec0fa5dda457b88ecff5da8f3405db56b4c1a096d9,9/29/2022 11:30:41 AM
Bearing (2) Combination & Shaft Fault ( Coupling End Bent) 75 Trial 23.csv,Fault data split 75/Bearing (2) Combination & Shaft Fault ( Coupling End Bent) 75 Trial 23.csv,1,28,23,64000,48a7ba597e7c8e9ace334c57c733a3b7a06ae90545f9d5ece57e4ec1923b595c,9/29/2022 11:30:55 AM
Bearing (2) Combination & Shaft Fault ( Coupling End Bent) 75 Trial 24.csv,Fault data split 75/Bearing (2) Combination & Shaft Fault ( Coupling End Bent) 75 Trial 24.csv,1,28,24,64000,d87c587010bde6ff9cacb87693af565ba83dff4e7af75d1f6aa79a579e59973b,9/29/2022 11:31:14 AM
Bearing (2) Combination & Shaft Fault ( Coupling End Bent) 75 Trial 25.csv,Fault data split 75/Bearing (2) Combination & Shaft Fault ( Coupling End Bent) 75 Trial 25.csv,1,28,25,64000,23cb911073e76555fe5eb3104ec2393c108d72e06a694f7be479f55b99d52e18,9/29/2022 11:31:29 AM
Bearing (2) Combination & Shaft Fault ( Coupling End Bent) 75 Trial 3.csv,Fault data split 75/Bearing (2) Combination & Shaft Fault ( Coupling End Bent) 75 Trial 3.csv,1,28,3,64000,40612b25f1459b75abbfd102115a7e00d2a2069300dad678f5695a340e541428,9/29/2022 11:25:24 AM
Bearing (2) Combination & Shaft Fault ( Coupling End Bent) 75 Trial 4.csv,Fault data split 75/Bearing (2) Combination & Shaft Fault ( Coupling End Bent) 75 Trial 4.csv,1,28,4,64000,e828709572bcb14e1535ab0eb588b27c95e55aa765a2feec02c68760ca9baa37,9/29/2022 11:25:40 AM
Bearing (2) Combination & Shaft Fault ( Coupling End Bent) 75 Trial 5.csv,Fault data split 75/Bearing (2) Combination & Shaft Fault ( Coupling End Bent) 75 Trial 5.csv,1,28,5,64000,8ca6998b40e820c18836d8a733a4a9af282f94ff8f3b7eab41a69b5370453581,9/29/2022 11:25:56 AM
Bearing (2) Combination & Shaft Fault ( Coupling End Bent) 75 Trial 6.csv,Fault data split 75/Bearing (2) Combination & Shaft Fault ( Coupling End Bent) 75 Trial 6.csv,1,28,6,64000,48ff29c2b88456a3f475b7b50bdb0d6d0f6b516111c0cca77f32a3fc49cde48f,9/29/2022 11:26:11 AM
Bearing (2) Combination & Shaft Fault ( Coupling End Bent) 75 Trial 7.csv,Fault data split 75/Bearing (2) Combination & Shaft Fault ( Coupling End Bent) 75 Trial 7.csv,1,28,7,64000,6fb48933775db8b70caaaece0fec70e618bb3ab9df1286d39f2be07b523cd973,9/29/2022 11:26:27 AM
Bearing (2) Combination & Shaft Fault ( Coupling End Bent) 75 Trial 8.csv,Fault data split 75/Bearing (2) Combination & Shaft Fault ( Coupling End Bent) 75 Trial 8.csv,1,28,8,64000,b04e88dfd39acb9ed233002c0988f09a1ef5fe265a2afbf382e2f9bd6f826039,9/29/2022 11:26:43 AM
Bearing (2) Combination & Shaft Fault ( Coupling End Bent) 75 Trial 9.csv,Fault data split 75/Bearing (2) Combination & Shaft Fault ( Coupling End Bent) 75 Trial 9.csv,1,28,9,64000,bbef7e0e84a66c9c68a5953c13f5334f2454601e26f9d6b7b767ebb858037309,9/29/2022 11:27:01 AM
Bearing (2) Combination & Shaft Fault (Centerally bent) 75 Trial 1.csv,Fault data split 75/Bearing (2) Combination & Shaft Fault (Centerally bent) 75 Trial 1.csv,1,27,1,64000,7c01b0f6b370ff094af891ff2dc763f88eae35e881dbd9455e5d65584103cb56,10/4/2022 12:22:39 PM
Bearing (2) Combination & Shaft Fault (Centerally bent) 75 Trial 10.csv,Fault data split 75/Bearing (2) Combination & Shaft Fault (Centerally bent) 75 Trial 10.csv,1,27,10,64000,4c34267a1636d77770246258a74b46e9bf75a08205c7357f1f9ac66f1dc25e3f,10/4/2022 12:25:13 PM
Bearing (2) Combination & Shaft Fault (Centerally bent) 75 Trial 11.csv,Fault data split 75/Bearing (2) Combination & Shaft Fault (Centerally bent) 75 Trial 11.csv,1,27,11,64000,95299da300ea65eb67b91522eaf2afc7b48c4b5946c01558701b322a01bc6209,10/4/2022 12:25:27 PM
Bearing (2) Combination & Shaft Fault (Centerally bent) 75 Trial 12.csv,Fault data split 75/Bearing (2) Combination & Shaft Fault (Centerally bent) 75 Trial 12.csv,1,27,12,64000,2e288ea1891222c087151452598457d2a7ca39a997d1dce081e88e677b4fa10a,10/4/2022 12:25:42 PM
Bearing (2) Combination & Shaft Fault (Centerally bent) 75 Trial 13.csv,Fault data split 75/Bearing (2) Combination & Shaft Fault (Centerally bent) 75 Trial 13.csv,1,27,13,64000,c45c7962740eeda05961fe9d5bcc370671745859e020e67b508ada1ebca88d3e,10/4/2022 12:25:57 PM
Bearing (2) Combination & Shaft Fault (Centerally bent) 75 Trial 14.csv,Fault data split 75/Bearing (2) Combination & Shaft Fault (Centerally bent) 75 Trial 14.csv,1,27,14,64000,724f27af6f91a4b4ea8d5588b28f21af650a0a7b2bcf02ed7fb3f77f69739193,10/4/2022 12:26:13 PM
Bearing (2) Combination & Shaft Fault (Centerally bent) 75 Trial 15.csv,Fault data split 75/Bearing (2) Combination & Shaft Fault (Centerally bent) 75 Trial 15.csv,1,27,15,64000,3c9e5fd27a787a21ad3a94e2e6e4542c24244aa52b05aae03728806d36dee0d9,10/4/2022 12:26:28 PM
Bearing (2) Combination & Shaft Fault (Centerally bent) 75 Trial 16.csv,Fault data split 75/Bearing (2) Combination & Shaft Fault (Centerally bent) 75 Trial 16.csv,1,27,16,64000,45ae0d568cdc9a6050a4bd31d19870787b5c5ac06122c7c2e34dce6260957fd1,10/4/2022 12:26:43 PM
Bearing (2) Combination & Shaft Fault (Centerally bent) 75 Trial 17.csv,Fault data split 75/Bearing (2) Combination & Shaft Fault (Centerally bent) 75 Trial 17.csv,1,27,17,64000,8757f52340212ee7c38e7751790e76c50718969eefb01390221ebff9c3338b6f,10/4/2022 12:27:02 PM
Bearing (2) Combination & Shaft Fault (Centerally bent) 75 Trial 18.csv,Fault data split 75/Bearing (2) Combination & Shaft Fault (Centerally bent) 75 Trial 18.csv,1,27,18,64000,076508fb78fadf11e6d2dd111366f5355f2ba364363f14f4fc1804853696c83f,10/4/2022 12:27:19 PM
Bearing (2) Combination & Shaft Fault (Centerally bent) 75 Trial 19.csv,Fault data split 75/Bearing (2) Combination & Shaft Fault (Centerally bent) 75 Trial 19.csv,1,27,19,64000,712cb8ccd2af819a47ca903986d066e5cffe4e43be5e3249960bfd7a2eb82b14,10/4/2022 12:27:35 PM
Bearing (2) Combination & Shaft Fault (Centerally bent) 75 Trial 2.csv,Fault data split 75/Bearing (2) Combination & Shaft Fault (Centerally bent) 75 Trial 2.csv,1,27,2,64000,c31b60057eb2c5c1ad47829754d06f550040b8d97b255856400e7c735edc89e0,10/4/2022 12:23:05 PM
Bearing (2) Combination & Shaft Fault (Centerally bent) 75 Trial 20.csv,Fault data split 75/Bearing (2) Combination & Shaft Fault (Centerally bent) 75 Trial 20.csv,1,27,20,64000,f67e67dac34ec7bc792da6320d885bb3ae64d60b527c4cda193540d6b079a953,10/4/2022 12:27:50 PM
Bearing (2) Combination & Shaft Fault (Centerally bent) 75 Trial 21.csv,Fault data split 75/Bearing (2) Combination & Shaft Fault (Centerally bent) 75 Trial 21.csv,1,27,21,64000,c302dff6ba2b351f9d1145f0aa82af2416beb78fd033cab2aaa9949d3b9eaf87,10/4/2022 12:28:05 PM
Bearing (2) Combination & Shaft Fault (Centerally bent) 75 Trial 22.csv,Fault data split 75/Bearing (2) Combination & Shaft Fault (Centerally bent) 75 Trial 22.csv,1,27,22,64000,85d070c9831151233cf9750a6df0b8351f76222f51c0972e8d175dce6bbe8837,10/4/2022 12:28:22 PM
Bearing (2) Combination & Shaft Fault (Centerally bent) 75 Trial 23.csv,Fault data split 75/Bearing (2) Combination & Shaft Fault (Centerally bent) 75 Trial 23.csv,1,27,23,64000,c3aa2aa11d6bc50a12509f9f34f78cc3eed5b13a5c478f3389a0bfc124eeafe3,10/4/2022 12:28:40 PM
Bearing (2) Combination & Shaft Fault (Centerally bent) 75 Trial 24.csv,Fault data split 75/Bearing (2) Combination & Shaft Fault (Centerally bent) 75 Trial 24.csv,1,27,24,64000,6b47fa5b5c1899b31271dd101ada1e93783ab0bd31ab308580d1f237db49aeb5,10/4/2022 12:28:55 PM
Bearing (2) Combination & Shaft Fault (Centerally bent) 75 Trial 25.csv,Fault data split 75/Bearing (2) Combination & Shaft Fault (Centerally bent) 75 Trial 25.csv,1,27,25,64000,bf9f12eda084f8e3c6630d3dcf4b9765005be1ed763bf2f696ac565f1b23acfa,10/4/2022 12:29:11 PM
Bearing (2) Combination & Shaft Fault (Centerally bent) 75 Trial 3.csv,Fault data split 75/Bearing (2) Combination & Shaft Fault (Centerally bent) 75 Trial 3.csv,1,27,3,64000,418a43b7877d011eb1b57ec02615b0f941f9114452bab72b63255adc79110a9b,10/4/2022 12:23:20 PM
Bearing (2) Combination & Shaft Fault (Centerally bent) 75 Trial 4.csv,Fault data split 75/Bearing (2) Combination & Shaft Fault (Centerally bent) 75 Trial 4.csv,1,27,4,64000,f6942c5de9df8d8538c243d556155333dbc5317819e8db17de0941572d29fd9d,10/4/2022 12:23:36 PM
Bearing (2) Combination & Shaft Fault (Centerally bent) 75 Trial 5.csv,Fault data split 75/Bearing (2) Combination & Shaft Fault (Centerally bent) 75 Trial 5.csv,1,27,5,64000,43020607146f51d09cecfcae86c9f24fb41eebf3a572ff4c2cf8068e08aaf440,10/4/2022 12:23:51 PM
Bearing (2) Combination & Shaft Fault (Centerally bent) 75 Trial 6.csv,Fault data split 75/Bearing (2) Combination & Shaft Fault (Centerally bent) 75 Trial 6.csv,1,27,6,64000,28a5e14bfbac334b6edf4dc77fe5baba7968702b3671e88b98774c901040ec84,10/4/2022 12:24:06 PM
Bearing (2) Combination & Shaft Fault (Centerally bent) 75 Trial 7.csv,Fault data split 75/Bearing (2) Combination & Shaft Fault (Centerally bent) 75 Trial 7.csv,1,27,7,64000,59a2e85329ccd4392cd0b902574c2697745d925191eeda899b5cab16bee5d92c,10/4/2022 12:24:21 PM
Bearing (2) Combination & Shaft Fault (Centerally bent) 75 Trial 8.csv,Fault data split 75/Bearing (2) Combination & Shaft Fault (Centerally bent) 75 Trial 8.csv,1,27,8,64000,824ecdb1a0b38ca7b08a00b9ae009661974ed2cc16fce681238ad94c87f18461,10/4/2022 12:24:41 PM
Bearing (2) Combination & Shaft Fault (Centerally bent) 75 Trial 9.csv,Fault data split 75/Bearing (2) Combination & Shaft Fault (Centerally bent) 75 Trial 9.csv,1,27,9,64000,2807f7458cbbe046da13a1350c4542a403854faac9cdcb5457a8b23d1fcb8b8d,10/4/2022 12:24:58 PM
Bearing (2) Combination 75 Trial 1.csv,Fault data split 75/Bearing (2) Combination 75 Trial 1.csv,1,30,1,64000,3d0b8611656a0d461127a572f3b3a106098c636a1e31f7dce9b129752706413d,10/25/2022 11:50:06 AM
Bearing (2) Combination 75 Trial 10.csv,Fault data split 75/Bearing (2) Combination 75 Trial 10.csv,1,30,10,64000,026e61855449bf347ab6f16579e68b52c6e928d234339efe27d2ac5219394327,10/25/2022 11:55:29 AM
Bearing (2) Combination 75 Trial 11.csv,Fault data split 75/Bearing (2) Combination 75 Trial 11.csv,1,30,11,64000,ad2d7739d3f9e6ab81003f8e5fa95ac8c965962a22ad23408a72e87f9c531715,10/25/2022 11:56:44 AM
Bearing (2) Combination 75 Trial 12.csv,Fault data split 75/Bearing (2) Combination 75 Trial 12.csv,1,30,12,64000,9a41ac388c6012c4ff1ae1585cd34f4331b8abdc500166fb4608a5b8a89d6a45,10/25/2022 11:57:12 AM
Bearing (2) Combination 75 Trial 13.csv,Fault data split 75/Bearing (2) Combination 75 Trial 13.csv,1,30,13,64000,c27ccd308145f231a50ef967176fa07dbd0d7e318b4b1eb4af100833ca9d9e98,10/25/2022 11:57:35 AM
Bearing (2) Combination 75 Trial 14.csv,Fault data split 75/Bearing (2) Combination 75 Trial 14.csv,1,30,14,64000,123ae985ca09c4a465f246d68b1c29dfdfc6b595c837bdffc7b3caae5ff1e970,10/25/2022 11:57:51 AM
Bearing (2) Combination 75 Trial 15.csv,Fault data split 75/Bearing (2) Combination 75 Trial 15.csv,1,30,15,64000,e86c4d9fee861379a20fa6ecdbcd44edd7450d9de5c28403d64374de590061db,10/25/2022 11:58:12 AM
Bearing (2) Combination 75 Trial 16.csv,Fault data split 75/Bearing (2) Combination 75 Trial 16.csv,1,30,16,64000,fc92d75b229938e0bb2c0f47d5eb0943607f402b17c2e486306563351d0a2e45,10/25/2022 11:58:30 AM
Bearing (2) Combination 75 Trial 17.csv,Fault data split 75/Bearing (2) Combination 75 Trial 17.csv,1,30,17,64000,1f92816766effb82abd806e0fffeeb7d4602781050162246c0d30147d28cc609,10/25/2022 11:58:46 AM
Bearing (2) Combination 75 Trial 18.csv,Fault data split 75/Bearing (2) Combination 75 Trial 18.csv,1,30,18,64000,465098afd1d13acb96589c231704e456c3b7fb5390097c1aebf1570928b96f09,10/25/2022 11:59:06 AM
Bearing (2) Combination 75 Trial 19.csv,Fault data split 75/Bearing (2) Combination 75 Trial 19.csv,1,30,19,64000,1e7d1ddc94d53621fa05a8bfbd222679b5cb2d53e7d4bc5c78e27fc16585df0f,10/25/2022 11:59:24 AM
Bearing (2) Combination 75 Trial 2.csv,Fault data split 75/Bearing (2) Combination 75 Trial 2.csv,1,30,2,64000,dd17641694068506ea1cbb05457bc338cabd588f1ea2c384297f67ed0ab401d9,10/25/2022 11:50:23 AM
Bearing (2) Combination 75 Trial 20.csv,Fault data split 75/Bearing (2) Combination 75 Trial 20.csv,1,30,20,64000,e237dda27aa80ea49a5e066e8cd2e0288b88cec5abd03bce5e81302160aebc93,10/25/2022 11:59:44 AM
Bearing (2) Combination 75 Trial 21.csv,Fault data split 75/Bearing (2) Combination 75 Trial 21.csv,1,30,21,64000,41db629033563729b278a17f00e9c4acfa8451baae2d51cb373390605fb0843a,10/25/2022 12:00:00 PM
Bearing (2) Combination 75 Trial 22.csv,Fault data split 75/Bearing (2) Combination 75 Trial 22.csv,1,30,22,64000,df6e213e57bc1dc85569251265696056a1728ffdeadf255e7830d17ddf4bf3c9,10/25/2022 12:00:16 PM
Bearing (2) Combination 75 Trial 23.csv,Fault data split 75/Bearing (2) Combination 75 Trial 23.csv,1,30,23,64000,e2db0050ab654a9c0d9b72f873595e0632dabe8b550726ccb0aebbb449199651,10/25/2022 12:00:35 PM
Bearing (2) Combination 75 Trial 24.csv,Fault data split 75/Bearing (2) Combination 75 Trial 24.csv,1,30,24,64000,1ee48f2a28258dc47ca090bd9ff673ecb6c337a82cdc104bf0a40ff026c16cad,10/25/2022 12:00:56 PM
Bearing (2) Combination 75 Trial 25.csv,Fault data split 75/Bearing (2) Combination 75 Trial 25.csv,1,30,25,64000,8ae277bc8b2c3295065fa4c64fb27de0d67eaaad5283e62b6381c2fec0deff83,10/25/2022 12:01:14 PM
Bearing (2) Combination 75 Trial 3.csv,Fault data split 75/Bearing (2) Combination 75 Trial 3.csv,1,30,3,64000,c4809961dda38f98dfacd8963df508232701172cf06c6922ff6aeba98206bd69,10/25/2022 11:50:40 AM
Bearing (2) Combination 75 Trial 4.csv,Fault data split 75/Bearing (2) Combination 75 Trial 4.csv,1,30,4,64000,f792b73f09c9f0e11f59cd812480d8b98bd577de7d762a431674e97d739cb4d2,10/25/2022 11:50:57 AM
Bearing (2) Combination 75 Trial 5.csv,Fault data split 75/Bearing (2) Combination 75 Trial 5.csv,1,30,5,64000,3602c3ca6e4b1fa6e09a4dd78f75cecb35bee4a4cdb9bd49855efacb61d41562,10/25/2022 11:51:15 AM
Bearing (2) Combination 75 Trial 6.csv,Fault data split 75/Bearing (2) Combination 75 Trial 6.csv,1,30,6,64000,f4bd8512be8d0e035fa882b171b84da8fac40c67175150a9ed366c31707d6125,10/25/2022 11:53:55 AM
Bearing (2) Combination 75 Trial 7.csv,Fault data split 75/Bearing (2) Combination 75 Trial 7.csv,1,30,7,64000,eb504d52d489b50fb3a6688ebbc477493a13406de3417a23e56b31c949c1af07,10/25/2022 11:54:28 AM
Bearing (2) Combination 75 Trial 8.csv,Fault data split 75/Bearing (2) Combination 75 Trial 8.csv,1,30,8,64000,fe869d443cc99d09ea562020896a82a1cc7a77b5349d9bdfff0c6a260a0b3855,10/25/2022 11:54:46 AM
Bearing (2) Combination 75 Trial 9.csv,Fault data split 75/Bearing (2) Combination 75 Trial 9.csv,1,30,9,64000,8c748ba660a8c8b3b6274d3fde678926d25336695f1cf798af838a4e50c70f2d,10/25/2022 11:55:09 AM
Bearing (2) Inner & Shaft Fault ( Coupling End Bent) 75 Trial 1.csv,Fault data split 75/Bearing (2) Inner & Shaft Fault ( Coupling End Bent) 75 Trial 1.csv,1,34,1,64000,42d395dea80451e05d400100b55e21945a977ff8edc5f1965afa10eacae71c2f,9/29/2022 10:01:06 AM
Bearing (2) Inner & Shaft Fault ( Coupling End Bent) 75 Trial 10.csv,Fault data split 75/Bearing (2) Inner & Shaft Fault ( Coupling End Bent) 75 Trial 10.csv,1,34,10,64000,8508498fa21a67b7856b94e17f1083f517aa566adfe218b1eaf725b1cdb593a2,9/29/2022 10:03:32 AM
Bearing (2) Inner & Shaft Fault ( Coupling End Bent) 75 Trial 11.csv,Fault data split 75/Bearing (2) Inner & Shaft Fault ( Coupling End Bent) 75 Trial 11.csv,1,34,11,64000,c14f0e40c0675c4484d91215b7a8f296ba11ba4f52c0f0c70c27402bf9f0d6d1,9/29/2022 10:03:54 AM
Bearing (2) Inner & Shaft Fault ( Coupling End Bent) 75 Trial 12.csv,Fault data split 75/Bearing (2) Inner & Shaft Fault ( Coupling End Bent) 75 Trial 12.csv,1,34,12,64000,287af443c4f83d2d5263f908eb24cd4c0558ce44b1eb8ac6053940bdfa03cede,9/29/2022 10:04:09 AM
Bearing (2) Inner & Shaft Fault ( Coupling End Bent) 75 Trial 13.csv,Fault data split 75/Bearing (2) Inner & Shaft Fault ( Coupling End Bent) 75 Trial 13.csv,1,34,13,64000,179097863e5dbb5a60f4812a7d1f2682781cb4ba02ecd51be9edcafa43d3c135,9/29/2022 10:04:27 AM
Bearing (2) Inner & Shaft Fault ( Coupling End Bent) 75 Trial 14.csv,Fault data split 75/Bearing (2) Inner & Shaft Fault ( Coupling End Bent) 75 Trial 14.csv,1,34,14,64000,36e1b33e808e64491884cc726b80ef9de8eb6396254069de1b98e0ea7ad5423e,9/29/2022 10:04:41 AM
Bearing (2) Inner & Shaft Fault ( Coupling End Bent) 75 Trial 15.csv,Fault data split 75/Bearing (2) Inner & Shaft Fault ( Coupling End Bent) 75 Trial 15.csv,1,34,15,64000,495d4f131c13be48477c760740c7c9952232160575ff548561073abbcc90b6c8,9/29/2022 10:04:57 AM
Bearing (2) Inner & Shaft Fault ( Coupling End Bent) 75 Trial 16.csv,Fault data split 75/Bearing (2) Inner & Shaft Fault ( Coupling End Bent) 75 Trial 16.csv,1,34,16,64000,5d7ed37d1982a3449754199b424be79368730caba91d7f1608b447a58cc55c96,9/29/2022 10:05:14 AM
Bearing (2) Inner & Shaft Fault ( Coupling End Bent) 75 Trial 17.csv,Fault data split 75/Bearing (2) Inner & Shaft Fault ( Coupling End Bent) 75 Trial 17.csv,1,34,17,64000,d0b84f212c895a82abd8a195c633a05e1d5f7f5158e17c719692fa4a27c453fa,9/29/2022 10:05:29 AM
Bearing (2) Inner & Shaft Fault ( Coupling End Bent) 75 Trial 18.csv,Fault data split 75/Bearing (2) Inner & Shaft Fault ( Coupling End Bent) 75 Trial 18.csv,1,34,18,64000,ee830d3f3a36cf04fb2764101dc0f13cd1fd9b70bdde247867ef2377235d5bb7,9/29/2022 10:05:46 AM
Bearing (2) Inner & Shaft Fault ( Coupling End Bent) 75 Trial 19.csv,Fault data split 75/Bearing (2) Inner & Shaft Fault ( Coupling End Bent) 75 Trial 19.csv,1,34,19,64000,5dcf638987c290ca9dd7b5aa4298a8ac6fdf00fbe9cd4d60a50f902863b2e787,9/29/2022 10:06:02 AM
Bearing (2) Inner & Shaft Fault ( Coupling End Bent) 75 Trial 2.csv,Fault data split 75/Bearing (2) Inner & Shaft Fault ( Coupling End Bent) 75 Trial 2.csv,1,34,2,64000,ca25295913cf3cb2a7c6e57f20634d610584077921bc6694eb1fe6bbf32e9fbc,9/29/2022 10:01:21 AM
Bearing (2) Inner & Shaft Fault ( Coupling End Bent) 75 Trial 20.csv,Fault data split 75/Bearing (2) Inner & Shaft Fault ( Coupling End Bent) 75 Trial 20.csv,1,34,20,64000,e314fec8b2c1f156724d1534ef2a10b56e87cb28f0f626cc2ef4af7fe56d9676,9/29/2022 10:06:18 AM
Bearing (2) Inner & Shaft Fault ( Coupling End Bent) 75 Trial 21.csv,Fault data split 75/Bearing (2) Inner & Shaft Fault ( Coupling End Bent) 75 Trial 21.csv,1,34,21,64000,46b506852d1153c624e49462d1181997be4e110d7f1b73d4d29fe1b4e83f9fef,9/29/2022 10:06:35 AM
Bearing (2) Inner & Shaft Fault ( Coupling End Bent) 75 Trial 22.csv,Fault data split 75/Bearing (2) Inner & Shaft Fault ( Coupling End Bent) 75 Trial 22.csv,1,34,22,64000,dec1c8422daf0a2f79de775f0fc19afb5fd5fd2b6778ef95526f6c0f8c51342d,9/29/2022 10:06:55 AM
Bearing (2) Inner & Shaft Fault ( Coupling End Bent) 75 Trial 23.csv,Fault data split 75/Bearing (2) Inner & Shaft Fault ( Coupling End Bent) 75 Trial 23.csv,1,34,23,64000,ae2570de7fdd6d2049deee53de403250f30ff1b0472e60b59a07795a42fd8a35,9/29/2022 10:07:10 AM
Bearing (2) Inner & Shaft Fault ( Coupling End Bent) 75 Trial 24.csv,Fault data split 75/Bearing (2) Inner & Shaft Fault ( Coupling End Bent) 75 Trial 24.csv,1,34,24,64000,7fbba0feaa1ce6975e257eccafddaba634b31a5aa6c90ee5e623eb371b99df10,9/29/2022 10:07:29 AM
Bearing (2) Inner & Shaft Fault ( Coupling End Bent) 75 Trial 25.csv,Fault data split 75/Bearing (2) Inner & Shaft Fault ( Coupling End Bent) 75 Trial 25.csv,1,34,25,64000,3b3d4df1aaddc2abe43e6a28b10d6ddcee5e0673f5049fb3c5a94855082d5a1e,9/29/2022 10:07:46 AM
Bearing (2) Inner & Shaft Fault ( Coupling End Bent) 75 Trial 3.csv,Fault data split 75/Bearing (2) Inner & Shaft Fault ( Coupling End Bent) 75 Trial 3.csv,1,34,3,64000,0e6fd37e96e192d5b5be53aa80e2613c0753fbfc31333964f55b15da2c5b4804,9/29/2022 10:01:40 AM
Bearing (2) Inner & Shaft Fault ( Coupling End Bent) 75 Trial 4.csv,Fault data split 75/Bearing (2) Inner & Shaft Fault ( Coupling End Bent) 75 Trial 4.csv,1,34,4,64000,eec5c1b0487168bc01edcc0f6d489021188872acc13150431d207a347d626fb3,9/29/2022 10:01:55 AM
Bearing (2) Inner & Shaft Fault ( Coupling End Bent) 75 Trial 5.csv,Fault data split 75/Bearing (2) Inner & Shaft Fault ( Coupling End Bent) 75 Trial 5.csv,1,34,5,64000,29b6e0c4a13fa59af8e3c419117b4541c5ba9f4239b759a3ce6624bb830072ba,9/29/2022 10:02:13 AM
Bearing (2) Inner & Shaft Fault ( Coupling End Bent) 75 Trial 6.csv,Fault data split 75/Bearing (2) Inner & Shaft Fault ( Coupling End Bent) 75 Trial 6.csv,1,34,6,64000,e27756c99bcca3a925b7b75a06227a62f5a0f2782ab69059db4fd2decdc69a04,9/29/2022 10:02:27 AM
Bearing (2) Inner & Shaft Fault ( Coupling End Bent) 75 Trial 7.csv,Fault data split 75/Bearing (2) Inner & Shaft Fault ( Coupling End Bent) 75 Trial 7.csv,1,34,7,64000,0f01c661cf172508ba4ab746aaba46ad7c5f6282e79ec61932fb3a050fa6ad93,9/29/2022 10:02:42 AM
Bearing (2) Inner & Shaft Fault ( Coupling End Bent) 75 Trial 8.csv,Fault data split 75/Bearing (2) Inner & Shaft Fault ( Coupling End Bent) 75 Trial 8.csv,1,34,8,64000,0423dcb3c124df94df7b62044a0f81cb6d134e8f5cdfd7ba7fa8432e92b3aa86,9/29/2022 10:03:01 AM
Bearing (2) Inner & Shaft Fault ( Coupling End Bent) 75 Trial 9.csv,Fault data split 75/Bearing (2) Inner & Shaft Fault ( Coupling End Bent) 75 Trial 9.csv,1,34,9,64000,8f836a8568eb8d487970a63d30866a33c605f6682130e1fde5a0277e8174a60b,9/29/2022 10:03:16 AM
Bearing (2) Inner & Shaft Fault (Centerally bent) 75 Trial 1.csv,Fault data split 75/Bearing (2) Inner & Shaft Fault (Centerally bent) 75 Trial 1.csv,1,33,1,64000,9dd7f71b6e92017694118b477312e7ad08f9f4fa015ad356302356fa34d551b7,10/4/2022 1:33:37 PM
Bearing (2) Inner & Shaft Fault (Centerally bent) 75 Trial 10.csv,Fault data split 75/Bearing (2) Inner & Shaft Fault (Centerally bent) 75 Trial 10.csv,1,33,10,64000,167e4df0e2cc73d13e215ebacba36b6f7e8c5de31ff6dce7cbd59fe693cf4697,10/4/2022 1:36:03 PM
Bearing (2) Inner & Shaft Fault (Centerally bent) 75 Trial 11.csv,Fault data split 75/Bearing (2) Inner & Shaft Fault (Centerally bent) 75 Trial 11.csv,1,33,11,64000,dd4b6970392777dcacc8e821dfb642c858ef7bdc01b610287181b9afb0a4b852,10/4/2022 1:36:20 PM
Bearing (2) Inner & Shaft Fault (Centerally bent) 75 Trial 12.csv,Fault data split 75/Bearing (2) Inner & Shaft Fault (Centerally bent) 75 Trial 12.csv,1,33,12,64000,10fb2fa0c03a70dd91800b4a1620eff924d20918c2daac5a7dadcedc54947069,10/4/2022 1:36:36 PM
Bearing (2) Inner & Shaft Fault (Centerally bent) 75 Trial 13.csv,Fault data split 75/Bearing (2) Inner & Shaft Fault (Centerally bent) 75 Trial 13.csv,1,33,13,64000,a6b68a953e22899035c08a0ee85f06d8f6673eccbd0a0454a11a14b7fb3a30eb,10/4/2022 1:36:54 PM
Bearing (2) Inner & Shaft Fault (Centerally bent) 75 Trial 14.csv,Fault data split 75/Bearing (2) Inner & Shaft Fault (Centerally bent) 75 Trial 14.csv,1,33,14,64000,69fde68e5f9e26032f20fc714039765738e8f03ef208fbfe1afdf262f6992e5b,10/4/2022 1:37:09 PM
Bearing (2) Inner & Shaft Fault (Centerally bent) 75 Trial 15.csv,Fault data split 75/Bearing (2) Inner & Shaft Fault (Centerally bent) 75 Trial 15.csv,1,33,15,64000,54a53c789c356652c5d198ea8774e8e08b101804dfeec2735dac8f5ec891a816,10/4/2022 1:37:24 PM
Bearing (2) Inner & Shaft Fault (Centerally bent) 75 Trial 16.csv,Fault data split 75/Bearing (2) Inner & Shaft Fault (Centerally bent) 75 Trial 16.csv,1,33,16,64000,7be95c2d17a9a9079815e962130a055873cf1918ed61bef991ff0b68203d054c,10/4/2022 1:37:41 PM
Bearing (2) Inner & Shaft Fault (Centerally bent) 75 Trial 17.csv,Fault data split 75/Bearing (2) Inner & Shaft Fault (Centerally bent) 75 Trial 17.csv,1,33,17,64000,ccbd507f7260c8e11cb9c7ae0da7656df203eec0135ec933a0e838dac3ff760d,10/4/2022 1:37:57 PM
Bearing (2) Inner & Shaft Fault (Centerally bent) 75 Trial 18.csv,Fault data split 75/Bearing (2) Inner & Shaft Fault (Centerally bent) 75 Trial 18.csv,1,33,18,64000,af8a36a78a3cf39a782123bd1ce2582c1a387ccfa1f5e0a44d8e7ea273e553b9,10/4/2022 1:38:12 PM
Bearing (2) Inner & Shaft Fault (Centerally bent) 75 Trial 19.csv,Fault data split 75/Bearing (2) Inner & Shaft Fault (Centerally bent) 75 Trial 19.csv,1,33,19,64000,bb04b352e6064c7a141704b2e6375b9d6362acf9faeb361993945de3a0f75374,10/4/2022 1:38:29 PM
Bearing (2) Inner & Shaft Fault (Centerally bent) 75 Trial 2.csv,Fault data split 75/Bearing (2) Inner & Shaft Fault (Centerally bent) 75 Trial 2.csv,1,33,2,64000,33aac532526dc9cf2da727ec8c931ec3203f36ca47c210d7c81315017360c080,10/4/2022 1:33:53 PM
Bearing (2) Inner & Shaft Fault (Centerally bent) 75 Trial 20.csv,Fault data split 75/Bearing (2) Inner & Shaft Fault (Centerally bent) 75 Trial 20.csv,1,33,20,64000,dc2995737cdd91f04b8619d3ddf339cb401168e8bf3929d407f49cecb21068ca,10/4/2022 1:38:49 PM
Bearing (2) Inner & Shaft Fault (Centerally bent) 75 Trial 21.csv,Fault data split 75/Bearing (2) Inner & Shaft Fault (Centerally bent) 75 Trial 21.csv,1,33,21,64000,b55544830f4781d35e2a0743ec6eefa8f194f1bb41943629a549d4751cec3f0a,10/4/2022 1:39:06 PM
Bearing (2) Inner & Shaft Fault (Centerally bent) 75 Trial 22.csv,Fault data split 75/Bearing (2) Inner & Shaft Fault (Centerally bent) 75 Trial 22.csv,1,33,22,64000,8bba1d198ba2f58497755f9ecb7d321cab07040ef3b01f215df52d9d8d0a2ebc,10/4/2022 1:39:22 PM
Bearing (2) Inner & Shaft Fault (Centerally bent) 75 Trial 23.csv,Fault data split 75/Bearing (2) Inner & Shaft Fault (Centerally bent) 75 Trial 23.csv,1,33,23,64000,8b1cea847c45b723805d69e35cb89deaa8324f35d041075d6e72573d97cfec86,10/4/2022 1:39:39 PM
Bearing (2) Inner & Shaft Fault (Centerally bent) 75 Trial 24.csv,Fault data split 75/Bearing (2) Inner & Shaft Fault (Centerally bent) 75 Trial 24.csv,1,33,24,64000,2c55bb104c69f7e7abbc855da7cbbf23e136206f742090adeb8df800920e4f3b,10/4/2022 1:39:54 PM
Bearing (2) Inner & Shaft Fault (Centerally bent) 75 Trial 25.csv,Fault data split 75/Bearing (2) Inner & Shaft Fault (Centerally bent) 75 Trial 25.csv,1,33,25,64000,64442f548199b41f5c850aa32512e25fbc984bdb5f297b0e3b08ad8a39a79549,10/4/2022 1:40:10 PM
Bearing (2) Inner & Shaft Fault (Centerally bent) 75 Trial 3.csv,Fault data split 75/Bearing (2) Inner & Shaft Fault (Centerally bent) 75 Trial 3.csv,1,33,3,64000,8169d1b98b62ed3cc87d882009ff0c0cf1017bec22cea3ebfde7fbb64645f1d3,10/4/2022 1:34:09 PM
Bearing (2) Inner & Shaft Fault (Centerally bent) 75 Trial 4.csv,Fault data split 75/Bearing (2) Inner & Shaft Fault (Centerally bent) 75 Trial 4.csv,1,33,4,64000,d80076f93e5f952a870cf0742b6afde3bf975a9ac5c9cf7a500d29b78d19ac72,10/4/2022 1:34:25 PM
Bearing (2) Inner & Shaft Fault (Centerally bent) 75 Trial 5.csv,Fault data split 75/Bearing (2) Inner & Shaft Fault (Centerally bent) 75 Trial 5.csv,1,33,5,64000,19034181768d7150eedceeaf25c086d0ad8f369d016b92b6be0a012b7e0e51e1,10/4/2022 1:34:42 PM
Bearing (2) Inner & Shaft Fault (Centerally bent) 75 Trial 6.csv,Fault data split 75/Bearing (2) Inner & Shaft Fault (Centerally bent) 75 Trial 6.csv,1,33,6,64000,5ee20e11ba2cc3a74a48a884aadfb2f1a6ea130d18f0169b21b9e73036851cc5,10/4/2022 1:35:00 PM
Bearing (2) Inner & Shaft Fault (Centerally bent) 75 Trial 7.csv,Fault data split 75/Bearing (2) Inner & Shaft Fault (Centerally bent) 75 Trial 7.csv,1,33,7,64000,3172e1550804b4b1a92535c8fc8b6fa36a9bcddc4b65d333faf3f3f20def39ad,10/4/2022 1:35:15 PM
Bearing (2) Inner & Shaft Fault (Centerally bent) 75 Trial 8.csv,Fault data split 75/Bearing (2) Inner & Shaft Fault (Centerally bent) 75 Trial 8.csv,1,33,8,64000,4867244ded02a4c3ac43ad4ec963f7c97663e1cfb85958bb99c73d11ae6ce80f,10/4/2022 1:35:29 PM
Bearing (2) Inner & Shaft Fault (Centerally bent) 75 Trial 9.csv,Fault data split 75/Bearing (2) Inner & Shaft Fault (Centerally bent) 75 Trial 9.csv,1,33,9,64000,1a44517bdbc7dabd174c37e78801d76fed5f22309e25ee0dd264148b6e120e8a,10/4/2022 1:35:47 PM
Bearing (2) Inner 75 Trial 1.csv,Fault data split 75/Bearing (2) Inner 75 Trial 1.csv,1,31,1,64000,84c705484294829d27fb13186cd7f38b81462980df693e701380cd85cfd0044a,10/4/2022 1:58:57 PM
Bearing (2) Inner 75 Trial 10.csv,Fault data split 75/Bearing (2) Inner 75 Trial 10.csv,1,31,10,64000,c3d4f9edecaba3ed2cc78c1e50587354cc21c1cbb98e0a006e0fd84daf7838f1,10/4/2022 2:01:34 PM
Bearing (2) Inner 75 Trial 11.csv,Fault data split 75/Bearing (2) Inner 75 Trial 11.csv,1,31,11,64000,85ab7ed5b238565fa3687ae92531726a3493757063877c4e90011269002b7392,10/4/2022 2:01:49 PM
Bearing (2) Inner 75 Trial 12.csv,Fault data split 75/Bearing (2) Inner 75 Trial 12.csv,1,31,12,64000,a3091c0ada12da289dcb5d27c312943698dea40dbf5766d3c707b10b8fa3181f,10/4/2022 2:02:05 PM
Bearing (2) Inner 75 Trial 13.csv,Fault data split 75/Bearing (2) Inner 75 Trial 13.csv,1,31,13,64000,b2221dcb98e777c813966a503fb784121c059ae0fc944a1674a47eee63af501e,10/4/2022 2:02:22 PM
Bearing (2) Inner 75 Trial 14.csv,Fault data split 75/Bearing (2) Inner 75 Trial 14.csv,1,31,14,64000,bb34defb593f292dfea359602e8947809377d7f1295e672cd511f88fcabe230e,10/4/2022 2:02:40 PM
Bearing (2) Inner 75 Trial 15.csv,Fault data split 75/Bearing (2) Inner 75 Trial 15.csv,1,31,15,64000,fa0d3435f9f974cdd31786fd6fd62bd93e8065e2411ff5046c78da58525b0da4,10/4/2022 2:02:59 PM
Bearing (2) Inner 75 Trial 16.csv,Fault data split 75/Bearing (2) Inner 75 Trial 16.csv,1,31,16,64000,17e034d25830625bc38553ec55bf617f0cb95e7947053833c5b47eafd5f67a89,10/4/2022 2:03:20 PM
Bearing (2) Inner 75 Trial 17.csv,Fault data split 75/Bearing (2) Inner 75 Trial 17.csv,1,31,17,64000,ff67586737d737b63ec53d9135390cd95b9e7db7a60549bc400d4272cbc25f72,10/4/2022 2:03:38 PM
Bearing (2) Inner 75 Trial 18.csv,Fault data split 75/Bearing (2) Inner 75 Trial 18.csv,1,31,18,64000,2f3a83cd98522966fc3d9e3adbc6e3ecf4b5acc200742d9d842d3728fc71df48,10/4/2022 2:03:54 PM
Bearing (2) Inner 75 Trial 19.csv,Fault data split 75/Bearing (2) Inner 75 Trial 19.csv,1,31,19,64000,7ec56d58722d59983d86dec5e38afa0a46b0b7d08e53030b5534020325ea16fa,10/4/2022 2:04:10 PM
Bearing (2) Inner 75 Trial 2.csv,Fault data split 75/Bearing (2) Inner 75 Trial 2.csv,1,31,2,64000,8a3e8661bb4e913c7d70dc72c92b24f8e08aa197148359094b7e776f735516bf,10/4/2022 1:59:17 PM
Bearing (2) Inner 75 Trial 20.csv,Fault data split 75/Bearing (2) Inner 75 Trial 20.csv,1,31,20,64000,ba0d7d9d736390ab19e1a8fb27009144825ce4d53119a46983d6b8c83797fa4a,10/4/2022 2:04:26 PM
Bearing (2) Inner 75 Trial 21.csv,Fault data split 75/Bearing (2) Inner 75 Trial 21.csv,1,31,21,64000,14ecf5bdc3adaa7d9231ec3d267c4eb7275847eebcd5a937400f1ced3ca25663,10/4/2022 2:04:41 PM
Bearing (2) Inner 75 Trial 22.csv,Fault data split 75/Bearing (2) Inner 75 Trial 22.csv,1,31,22,64000,88b16b3792d989efddfe328ba5cd85b0e6097795e3d90ddc6aa58b35a5567e75,10/4/2022 2:04:57 PM
Bearing (2) Inner 75 Trial 23.csv,Fault data split 75/Bearing (2) Inner 75 Trial 23.csv,1,31,23,64000,abcb71f9b3250718a108c09e7ae2adf1a697aff993d827b59a84865a2e073f28,10/4/2022 2:05:13 PM
Bearing (2) Inner 75 Trial 24.csv,Fault data split 75/Bearing (2) Inner 75 Trial 24.csv,1,31,24,64000,ac5a00ed7deb750c32e72e8f1b12e048dfbb01aa173a216a9d24b06e45935c29,10/4/2022 2:05:29 PM
Bearing (2) Inner 75 Trial 25.csv,Fault data split 75/Bearing (2) Inner 75 Trial 25.csv,1,31,25,64000,60b7381d852c3cfe80c9d20a25150cb36df9f840943400585fd31f7495a2c8ab,10/4/2022 2:05:45 PM
Bearing (2) Inner 75 Trial 3.csv,Fault data split 75/Bearing (2) Inner 75 Trial 3.csv,1,31,3,64000,a6fc22c1088328cfe312d307e14192258065188ceeff90f26824d5d3effda0ce,10/4/2022 1:59:32 PM
Bearing (2) Inner 75 Trial 4.csv,Fault data split 75/Bearing (2) Inner 75 Trial 4.csv,1,31,4,64000,18a08771dd7beec7176c520c57c0156824a9e336a9d15dbb49d314993a07477c,10/4/2022 1:59:47 PM
Bearing (2) Inner 75 Trial 5.csv,Fault data split 75/Bearing (2) Inner 75 Trial 5.csv,1,31,5,64000,07689a71547c8bff2a2fa34591360a731471b0e2b3bef8c1f524a9916322ca61,10/4/2022 2:00:04 PM
Bearing (2) Inner 75 Trial 6.csv,Fault data split 75/Bearing (2) Inner 75 Trial 6.csv,1,31,6,64000,08aff83fb234f84ffd97799f9795b08a8832cfb76dab496207409a512265ff00,10/4/2022 2:00:21 PM
Bearing (2) Inner 75 Trial 7.csv,Fault data split 75/Bearing (2) Inner 75 Trial 7.csv,1,31,7,64000,d8664d299571ed36b84b4de21e03153d67c4f792e34ccc6701f77df2f65b1374,10/4/2022 2:00:37 PM
Bearing (2) Inner 75 Trial 8.csv,Fault data split 75/Bearing (2) Inner 75 Trial 8.csv,1,31,8,64000,e4cc75f777e5c964c55bd39cac31671662c51b221228859fcee030fe4df8203c,10/4/2022 2:01:02 PM
Bearing (2) Inner 75 Trial 9.csv,Fault data split 75/Bearing (2) Inner 75 Trial 9.csv,1,31,9,64000,706c8268dde73b7ab223a60065e5a24893d20b7481327a1388790a3305553b4f,10/4/2022 2:01:17 PM
Bearing (2) Outer & Shaft Fault ( Coupling End Bent) 75 Trial 1.csv,Fault data split 75/Bearing (2) Outer & Shaft Fault ( Coupling End Bent) 75 Trial 1.csv,1,36,1,64000,2e1a947d69b76ea59e86a4c79dc98e38bff7018b73f68635872a10ad7b6d4a2f,9/23/2022 7:42:54 PM
Bearing (2) Outer & Shaft Fault ( Coupling End Bent) 75 Trial 10.csv,Fault data split 75/Bearing (2) Outer & Shaft Fault ( Coupling End Bent) 75 Trial 10.csv,1,36,10,64000,8d85ecf1ccf50ec690f6ff5b6a1fa2fb1adedf12923b0f60a1b704cf1144f979,9/23/2022 7:45:14 PM
Bearing (2) Outer & Shaft Fault ( Coupling End Bent) 75 Trial 11.csv,Fault data split 75/Bearing (2) Outer & Shaft Fault ( Coupling End Bent) 75 Trial 11.csv,1,36,11,64000,5f65e5d8a5299b590df56a4530da4a665588e2be78add721b4f2e7d4bc0c1353,9/23/2022 7:45:28 PM
Bearing (2) Outer & Shaft Fault ( Coupling End Bent) 75 Trial 12.csv,Fault data split 75/Bearing (2) Outer & Shaft Fault ( Coupling End Bent) 75 Trial 12.csv,1,36,12,64000,6e40af1f0f27c3b233cdacc650d86de2f3481391bbadcfc749b34a8b182148a4,9/23/2022 7:45:43 PM
Bearing (2) Outer & Shaft Fault ( Coupling End Bent) 75 Trial 13.csv,Fault data split 75/Bearing (2) Outer & Shaft Fault ( Coupling End Bent) 75 Trial 13.csv,1,36,13,64000,09f9d16b1a26874f3c442b95c15ca0160029fb35f8775568ce3e3e4bce57ef0c,9/23/2022 7:45:57 PM
Bearing (2) Outer & Shaft Fault ( Coupling End Bent) 75 Trial 14.csv,Fault data split 75/Bearing (2) Outer & Shaft Fault ( Coupling End Bent) 75 Trial 14.csv,1,36,14,64000,5ce0d13c2fb4304eab83bc855c86d07a2d16337ba42e66abacb9f5cb55de7b4b,9/23/2022 7:46:12 PM
Bearing (2) Outer & Shaft Fault ( Coupling End Bent) 75 Trial 15.csv,Fault data split 75/Bearing (2) Outer & Shaft Fault ( Coupling End Bent) 75 Trial 15.csv,1,36,15,64000,d56458b8aeabddc91c9656830148beaf35c7ff65d9bee6fb5cd1289aebcfe931,9/23/2022 7:46:28 PM
Bearing (2) Outer & Shaft Fault ( Coupling End Bent) 75 Trial 16.csv,Fault data split 75/Bearing (2) Outer & Shaft Fault ( Coupling End Bent) 75 Trial 16.csv,1,36,16,64000,e460b37a48b4f836f222755af855fb6a65d8b1a010f85db443f08448d0e843ce,9/23/2022 7:46:42 PM
Bearing (2) Outer & Shaft Fault ( Coupling End Bent) 75 Trial 17.csv,Fault data split 75/Bearing (2) Outer & Shaft Fault ( Coupling End Bent) 75 Trial 17.csv,1,36,17,64000,794ab7249251690e23b49a2eb2be6694863eab7c21b7242dd79243f4fc43c65e,9/23/2022 7:46:57 PM
Bearing (2) Outer & Shaft Fault ( Coupling End Bent) 75 Trial 18.csv,Fault data split 75/Bearing (2) Outer & Shaft Fault ( Coupling End Bent) 75 Trial 18.csv,1,36,18,64000,8308ccf89dfa872f7f8815171bb033f1c834173b363de68499766a412601f043,9/23/2022 7:47:12 PM
Bearing (2) Outer & Shaft Fault ( Coupling End Bent) 75 Trial 19.csv,Fault data split 75/Bearing (2) Outer & Shaft Fault ( Coupling End Bent) 75 Trial 19.csv,1,36,19,64000,0d437ea7119b0ea9962cb3c49245c0355c458842db513e776419bebfd3d5a590,9/23/2022 7:47:28 PM
Bearing (2) Outer & Shaft Fault ( Coupling End Bent) 75 Trial 2.csv,Fault data split 75/Bearing (2) Outer & Shaft Fault ( Coupling End Bent) 75 Trial 2.csv,1,36,2,64000,99a30be52ff840e512efaab6524fc57f3d355de1a9449ed097f19d1feca87ee6,9/23/2022 7:43:08 PM
Bearing (2) Outer & Shaft Fault ( Coupling End Bent) 75 Trial 20.csv,Fault data split 75/Bearing (2) Outer & Shaft Fault ( Coupling End Bent) 75 Trial 20.csv,1,36,20,64000,aca6e09f506c87697f824aea9e614cafd3431fac68d26a04600c01a09818a1a6,9/23/2022 7:47:43 PM
Bearing (2) Outer & Shaft Fault ( Coupling End Bent) 75 Trial 21.csv,Fault data split 75/Bearing (2) Outer & Shaft Fault ( Coupling End Bent) 75 Trial 21.csv,1,36,21,64000,a67aa3cf3a189e7a7176531f4841fd6cb1dd971b3b127478523f1558daa3cfa3,9/23/2022 7:47:58 PM
Bearing (2) Outer & Shaft Fault ( Coupling End Bent) 75 Trial 22.csv,Fault data split 75/Bearing (2) Outer & Shaft Fault ( Coupling End Bent) 75 Trial 22.csv,1,36,22,64000,db583bfd20bfa3f299b2cb1ac8a32694809b3144621fb1efd2df0cfb7310e2b3,9/23/2022 7:48:13 PM
Bearing (2) Outer & Shaft Fault ( Coupling End Bent) 75 Trial 23.csv,Fault data split 75/Bearing (2) Outer & Shaft Fault ( Coupling End Bent) 75 Trial 23.csv,1,36,23,64000,b1b8377e21cd5fb9de1ad5f20ef2ab89976cfb65955092b62bfc0a31cb7e531b,9/23/2022 7:48:28 PM
Bearing (2) Outer & Shaft Fault ( Coupling End Bent) 75 Trial 24.csv,Fault data split 75/Bearing (2) Outer & Shaft Fault ( Coupling End Bent) 75 Trial 24.csv,1,36,24,64000,49f5140fc017dd4761fe7a474bc6a71714e29cb8d5c9ed80d61aa1f28fe00f83,9/23/2022 7:48:44 PM
Bearing (2) Outer & Shaft Fault ( Coupling End Bent) 75 Trial 25.csv,Fault data split 75/Bearing (2) Outer & Shaft Fault ( Coupling End Bent) 75 Trial 25.csv,1,36,25,64000,9f0fb5a642469e199f54d3aafc7311df62ad8926c2ed067dcc7276241ab4fb56,9/23/2022 7:48:59 PM
Bearing (2) Outer & Shaft Fault ( Coupling End Bent) 75 Trial 3.csv,Fault data split 75/Bearing (2) Outer & Shaft Fault ( Coupling End Bent) 75 Trial 3.csv,1,36,3,64000,2c5055322b6082bbe54e5859f8749a9cde7d09a5b381de3d72790bb116617e0c,9/23/2022 7:43:24 PM
Bearing (2) Outer & Shaft Fault ( Coupling End Bent) 75 Trial 4.csv,Fault data split 75/Bearing (2) Outer & Shaft Fault ( Coupling End Bent) 75 Trial 4.csv,1,36,4,64000,738eb4a1fe89def90d6abc8c22f4e581524a8e8adc17384140f217257d895391,9/23/2022 7:43:37 PM
Bearing (2) Outer & Shaft Fault ( Coupling End Bent) 75 Trial 5.csv,Fault data split 75/Bearing (2) Outer & Shaft Fault ( Coupling End Bent) 75 Trial 5.csv,1,36,5,64000,78f81596fd45c45d50c3c0b233a8d871c27f88179f9a3e03c5448aadb7ae0178,9/23/2022 7:43:52 PM
Bearing (2) Outer & Shaft Fault ( Coupling End Bent) 75 Trial 6.csv,Fault data split 75/Bearing (2) Outer & Shaft Fault ( Coupling End Bent) 75 Trial 6.csv,1,36,6,64000,7b2a5007296931ed25a3143bc90543c97c7451aa096d58eb598c4a07ac9f517b,9/23/2022 7:44:08 PM
Bearing (2) Outer & Shaft Fault ( Coupling End Bent) 75 Trial 7.csv,Fault data split 75/Bearing (2) Outer & Shaft Fault ( Coupling End Bent) 75 Trial 7.csv,1,36,7,64000,871f194e196b014fd868388b53ebae774f09cbedb043dc70439644834e8a0e98,9/23/2022 7:44:27 PM
Bearing (2) Outer & Shaft Fault ( Coupling End Bent) 75 Trial 8.csv,Fault data split 75/Bearing (2) Outer & Shaft Fault ( Coupling End Bent) 75 Trial 8.csv,1,36,8,64000,461f395d75506907ea1541e5f366401fbb97a2544567647ccdd2e1fa5b31da65,9/23/2022 7:44:46 PM
Bearing (2) Outer & Shaft Fault ( Coupling End Bent) 75 Trial 9.csv,Fault data split 75/Bearing (2) Outer & Shaft Fault ( Coupling End Bent) 75 Trial 9.csv,1,36,9,64000,d0cca13f1002dd1ae1608a7750843b4e6c8f51f74d9b780184b5c7ba8b768b29,9/23/2022 7:45:00 PM
Bearing (2) Outer & Shaft Fault (Centerally bent) 75 Trial 1.csv,Fault data split 75/Bearing (2) Outer & Shaft Fault (Centerally bent) 75 Trial 1.csv,1,35,1,64000,585f90331220c2b0dcc9e1c8988d61d6135ed05caa49506de07df49a24a9b652,10/4/2022 11:39:05 AM
Bearing (2) Outer & Shaft Fault (Centerally bent) 75 Trial 10.csv,Fault data split 75/Bearing (2) Outer & Shaft Fault (Centerally bent) 75 Trial 10.csv,1,35,10,64000,5b499713bf96060bf6482b864d7d54629229dfb9e3f9d1f07adb208617d9c6ff,10/4/2022 11:41:21 AM
Bearing (2) Outer & Shaft Fault (Centerally bent) 75 Trial 11.csv,Fault data split 75/Bearing (2) Outer & Shaft Fault (Centerally bent) 75 Trial 11.csv,1,35,11,64000,11a8355a522536c032d71d2a7b14e0c603e1dedc4ef869e67fc01bec9bb9ff46,10/4/2022 11:41:35 AM
Bearing (2) Outer & Shaft Fault (Centerally bent) 75 Trial 12.csv,Fault data split 75/Bearing (2) Outer & Shaft Fault (Centerally bent) 75 Trial 12.csv,1,35,12,64000,da622c01535571efaddd2a31cf3558e8d3d795b954c4904b57aa03a2764f6b41,10/4/2022 11:41:56 AM
Bearing (2) Outer & Shaft Fault (Centerally bent) 75 Trial 13.csv,Fault data split 75/Bearing (2) Outer & Shaft Fault (Centerally bent) 75 Trial 13.csv,1,35,13,64000,389d06412f52b59ab77e3850a011eb6f79ff753c812c5bc5605b5dd1cb8d0655,10/4/2022 11:42:10 AM
Bearing (2) Outer & Shaft Fault (Centerally bent) 75 Trial 14.csv,Fault data split 75/Bearing (2) Outer & Shaft Fault (Centerally bent) 75 Trial 14.csv,1,35,14,64000,9e0e98cfeaead84c42b21a7b841fb4018b983cb0cd8ec66fa0e892c98e998ec8,10/4/2022 11:42:27 AM
Bearing (2) Outer & Shaft Fault (Centerally bent) 75 Trial 15.csv,Fault data split 75/Bearing (2) Outer & Shaft Fault (Centerally bent) 75 Trial 15.csv,1,35,15,64000,54ac2771dab71dd84ab4bc4dee15d6b62c00964045f1dba62990872f711a9d7c,10/4/2022 11:42:46 AM
Bearing (2) Outer & Shaft Fault (Centerally bent) 75 Trial 16.csv,Fault data split 75/Bearing (2) Outer & Shaft Fault (Centerally bent) 75 Trial 16.csv,1,35,16,64000,40dee252a896a91f93c795ece27302bfc2ceb3e595aa58682e705136cc3ee59a,10/4/2022 11:43:03 AM
Bearing (2) Outer & Shaft Fault (Centerally bent) 75 Trial 17.csv,Fault data split 75/Bearing (2) Outer & Shaft Fault (Centerally bent) 75 Trial 17.csv,1,35,17,64000,68a1142fd62b4b4c4f4749bcd341a9919e15fd83f79353d07bca1bf43f42e2c6,10/4/2022 11:43:18 AM
Bearing (2) Outer & Shaft Fault (Centerally bent) 75 Trial 18.csv,Fault data split 75/Bearing (2) Outer & Shaft Fault (Centerally bent) 75 Trial 18.csv,1,35,18,64000,f5afe56cf4f007668756e8cb595dcb395be298cf98c9c9ed4b559023b2a71a97,10/4/2022 11:43:37 AM
Bearing (2) Outer & Shaft Fault (Centerally bent) 75 Trial 19.csv,Fault data split 75/Bearing (2) Outer & Shaft Fault (Centerally bent) 75 Trial 19.csv,1,35,19,64000,35eb3f4ab3f9eb54ade6d612e93198e64467e723fdcdec2993d8634078d77874,10/4/2022 11:43:55 AM
Bearing (2) Outer & Shaft Fault (Centerally bent) 75 Trial 2.csv,Fault data split 75/Bearing (2) Outer & Shaft Fault (Centerally bent) 75 Trial 2.csv,1,35,2,64000,4a5e95c83070dc444b2f456acdf0a66d2583f0377ad539a7f04160a036a7e125,10/4/2022 11:39:21 AM
Bearing (2) Outer & Shaft Fault (Centerally bent) 75 Trial 20.csv,Fault data split 75/Bearing (2) Outer & Shaft Fault (Centerally bent) 75 Trial 20.csv,1,35,20,64000,87dc8e80757a960aebaba869735b2ac6c8cf37969575c796f89a1c287732f035,10/4/2022 11:44:11 AM
Bearing (2) Outer & Shaft Fault (Centerally bent) 75 Trial 21.csv,Fault data split 75/Bearing (2) Outer & Shaft Fault (Centerally bent) 75 Trial 21.csv,1,35,21,64000,cf6a6a7e6f37d4f2ebfec0f186b22477761f7f8e88cfe3fdf0980da590b939ac,10/4/2022 11:44:32 AM
Bearing (2) Outer & Shaft Fault (Centerally bent) 75 Trial 22.csv,Fault data split 75/Bearing (2) Outer & Shaft Fault (Centerally bent) 75 Trial 22.csv,1,35,22,64000,c751be1ee22e1abfc97cfc19559bb8f304af232cdf77dd1a818d26198bf70733,10/4/2022 11:44:48 AM
Bearing (2) Outer & Shaft Fault (Centerally bent) 75 Trial 23.csv,Fault data split 75/Bearing (2) Outer & Shaft Fault (Centerally bent) 75 Trial 23.csv,1,35,23,64000,e7e2547861d39abe8a7d9cffcef15f56661da294958fd429a482794532c683bc,10/4/2022 11:45:02 AM
Bearing (2) Outer & Shaft Fault (Centerally bent) 75 Trial 24.csv,Fault data split 75/Bearing (2) Outer & Shaft Fault (Centerally bent) 75 Trial 24.csv,1,35,24,64000,1cc5ec5c4b2a64c71d7415504ff1aacb09a39a4a2b487e20d7a755aeec3b9582,10/4/2022 11:45:17 AM
Bearing (2) Outer & Shaft Fault (Centerally bent) 75 Trial 25.csv,Fault data split 75/Bearing (2) Outer & Shaft Fault (Centerally bent) 75 Trial 25.csv,1,35,25,64000,c6afae403580f19197eaaf8a402fecdc864fc78fd74e70bfbc9f2891305cf053,10/4/2022 11:45:32 AM
Bearing (2) Outer & Shaft Fault (Centerally bent) 75 Trial 3.csv,Fault data split 75/Bearing (2) Outer & Shaft Fault (Centerally bent) 75 Trial 3.csv,1,35,3,64000,5610ab8505ba34236586444668545677d145cb5b179df482950eb114282e00ba,10/4/2022 11:39:36 AM
Bearing (2) Outer & Shaft Fault (Centerally bent) 75 Trial 4.csv,Fault data split 75/Bearing (2) Outer & Shaft Fault (Centerally bent) 75 Trial 4.csv,1,35,4,64000,3541d73994c8e6b6e41730ae4ca5b1d6d4520b140a2fbe0a3af0990ab37953f7,10/4/2022 11:39:50 AM
Bearing (2) Outer & Shaft Fault (Centerally bent) 75 Trial 5.csv,Fault data split 75/Bearing (2) Outer & Shaft Fault (Centerally bent) 75 Trial 5.csv,1,35,5,64000,2a1bcab602cf262b6eb64d7522dae7eb2b7271829509fc4e7fa8eb94a8e3dc6c,10/4/2022 11:40:07 AM
Bearing (2) Outer & Shaft Fault (Centerally bent) 75 Trial 6.csv,Fault data split 75/Bearing (2) Outer & Shaft Fault (Centerally bent) 75 Trial 6.csv,1,35,6,64000,28a0ada974565f335b90d364b1ed9e2f7495dd56f93c9bb0758bcfedcc184d2f,10/4/2022 11:40:22 AM
Bearing (2) Outer & Shaft Fault (Centerally bent) 75 Trial 7.csv,Fault data split 75/Bearing (2) Outer & Shaft Fault (Centerally bent) 75 Trial 7.csv,1,35,7,64000,a429de3bed2b0957656822a2b48508b17b8d1764d49a4e8c770a3cd85e90bf2d,10/4/2022 11:40:37 AM
Bearing (2) Outer & Shaft Fault (Centerally bent) 75 Trial 8.csv,Fault data split 75/Bearing (2) Outer & Shaft Fault (Centerally bent) 75 Trial 8.csv,1,35,8,64000,477a3ce648f7d6003fde6982bbf0d33d28c8210d18e3d3646b70d98a560bca60,10/4/2022 11:40:51 AM
Bearing (2) Outer & Shaft Fault (Centerally bent) 75 Trial 9.csv,Fault data split 75/Bearing (2) Outer & Shaft Fault (Centerally bent) 75 Trial 9.csv,1,35,9,64000,b1a76943723951a96510ed76b5142fc5ca8590cc43cdb5fa98f4a6696cf0d9d1,10/4/2022 11:41:06 AM
Bearing (2) Outer 75 Trial 1.csv,Fault data split 75/Bearing (2) Outer 75 Trial 1.csv,1,32,1,64000,a141aee6be223fce273adc7a9fef733040c0ef3e6c6ee2552e2544c20b6f59a6,10/25/2022 12:39:05 PM
Bearing (2) Outer 75 Trial 10.csv,Fault data split 75/Bearing (2) Outer 75 Trial 10.csv,1,32,10,64000,39219f0329deeb90fb7237df3aa3a3e54ace683d7dd141a10307b0f845ce16a0,10/25/2022 12:41:42 PM
Bearing (2) Outer 75 Trial 11.csv,Fault data split 75/Bearing (2) Outer 75 Trial 11.csv,1,32,11,64000,6854cbe72fadf7e65746dd47a7d9ec47a11ee456739c4015ea5903bf0b507f67,10/25/2022 12:41:57 PM
Bearing (2) Outer 75 Trial 12.csv,Fault data split 75/Bearing (2) Outer 75 Trial 12.csv,1,32,12,64000,2229cbc8fb574cb079ca9fec4857ab99aa2857e18ec24afa6a766278ea186630,10/25/2022 12:42:11 PM
Bearing (2) Outer 75 Trial 13.csv,Fault data split 75/Bearing (2) Outer 75 Trial 13.csv,1,32,13,64000,3a172c4f3e04163aa53a6120fc0f67b22690e3ef2cdb58dba83bc34e666b9c56,10/25/2022 12:42:26 PM
Bearing (2) Outer 75 Trial 14.csv,Fault data split 75/Bearing (2) Outer 75 Trial 14.csv,1,32,14,64000,2ac9433e01b98f4aa099be50833fd746954ea25bf4cb6b2e83d271ad90368410,10/25/2022 12:42:42 PM
Bearing (2) Outer 75 Trial 15.csv,Fault data split 75/Bearing (2) Outer 75 Trial 15.csv,1,32,15,64000,df72944a384ba3b34bf7a76e816fad7ce7d2050101f2b03709be0a9fe49ba87c,10/25/2022 12:42:58 PM
Bearing (2) Outer 75 Trial 16.csv,Fault data split 75/Bearing (2) Outer 75 Trial 16.csv,1,32,16,64000,984334f145d5f2afb592cc0b16c08666274a79f7cb51af5d225809b966331907,10/25/2022 12:43:15 PM
Bearing (2) Outer 75 Trial 17.csv,Fault data split 75/Bearing (2) Outer 75 Trial 17.csv,1,32,17,64000,a75528241d6e848c062330e66daf728feeae8f7b9eac87501eb926003aaa5b4e,10/25/2022 12:43:31 PM
Bearing (2) Outer 75 Trial 18.csv,Fault data split 75/Bearing (2) Outer 75 Trial 18.csv,1,32,18,64000,c0740fd6006999150d602ff8ff8dbf1d77909f859938279d42c7c4b38394259b,10/25/2022 12:43:47 PM
Bearing (2) Outer 75 Trial 19.csv,Fault data split 75/Bearing (2) Outer 75 Trial 19.csv,1,32,19,64000,e793bd5f50fc50450024396ce8f47a15ba95b33914d24832bb4389d28a6dd888,10/25/2022 12:44:04 PM
Bearing (2) Outer 75 Trial 2.csv,Fault data split 75/Bearing (2) Outer 75 Trial 2.csv,1,32,2,64000,b8df3720750668859b52470a2fc63acdb2a6eaed7f05c8d92e1cd920d928dd85,10/25/2022 12:39:25 PM
Bearing (2) Outer 75 Trial 20.csv,Fault data split 75/Bearing (2) Outer 75 Trial 20.csv,1,32,20,64000,aa1cde99422e990db6cd4de6e913076912e12575af204789c70be2b08b1c099b,10/25/2022 12:44:19 PM
Bearing (2) Outer 75 Trial 21.csv,Fault data split 75/Bearing (2) Outer 75 Trial 21.csv,1,32,21,64000,b9a4d46fa5ec974e7f6a0c29ec77c557f4aaf3e409391165136a3fef281891f4,10/25/2022 12:44:38 PM
Bearing (2) Outer 75 Trial 22.csv,Fault data split 75/Bearing (2) Outer 75 Trial 22.csv,1,32,22,64000,558018f6d70df265e76db69cf8b67b0b31aefdd44e3ba75e9f5c8bb28365fd8b,10/25/2022 12:44:54 PM
Bearing (2) Outer 75 Trial 23.csv,Fault data split 75/Bearing (2) Outer 75 Trial 23.csv,1,32,23,64000,c4551e388f4c6b8ff368d73ed755ce12c3c5fd71f80bda616b10325f42eff744,10/25/2022 12:45:10 PM
Bearing (2) Outer 75 Trial 24.csv,Fault data split 75/Bearing (2) Outer 75 Trial 24.csv,1,32,24,64000,34dc8bd59b98c966a1dec8643db82dde1d36697b55ab533f6fa2cfb08a872c4b,10/25/2022 12:45:34 PM
Bearing (2) Outer 75 Trial 25.csv,Fault data split 75/Bearing (2) Outer 75 Trial 25.csv,1,32,25,64000,6c186d7802b1663637ebf132436cb1775175b7d8c3f4d6b92af39ddd2880471b,10/25/2022 12:45:49 PM
Bearing (2) Outer 75 Trial 3.csv,Fault data split 75/Bearing (2) Outer 75 Trial 3.csv,1,32,3,64000,da058f916880a2cca299e36e5d44b82ee279ccadee965a953e269f42050b6782,10/25/2022 12:39:40 PM
Bearing (2) Outer 75 Trial 4.csv,Fault data split 75/Bearing (2) Outer 75 Trial 4.csv,1,32,4,64000,3aca16547fe95e7e5680c77e55fe16410d19b59c526ab28b279f485fa0b18b2c,10/25/2022 12:40:02 PM
Bearing (2) Outer 75 Trial 5.csv,Fault data split 75/Bearing (2) Outer 75 Trial 5.csv,1,32,5,64000,277f755fa5dda873cc577e4ca227ef0bb5c6484e0a4e6b8af3bf81f127de3fdf,10/25/2022 12:40:22 PM
Bearing (2) Outer 75 Trial 6.csv,Fault data split 75/Bearing (2) Outer 75 Trial 6.csv,1,32,6,64000,4add74442ae5fe340da665445481a5b664ec12e208efa38a4177f2a32383bcc2,10/25/2022 12:40:39 PM
Bearing (2) Outer 75 Trial 7.csv,Fault data split 75/Bearing (2) Outer 75 Trial 7.csv,1,32,7,64000,66c6d25b996fdb021dff3f8ea7976856cef59973932ca8255fea1f62fa7df62c,10/25/2022 12:40:57 PM
Bearing (2) Outer 75 Trial 8.csv,Fault data split 75/Bearing (2) Outer 75 Trial 8.csv,1,32,8,64000,89f56fd139e50376b595738744c342d888b719365a9e395fd728de0b53b47d3e,10/25/2022 12:41:11 PM
Bearing (2) Outer 75 Trial 9.csv,Fault data split 75/Bearing (2) Outer 75 Trial 9.csv,1,32,9,64000,ea1d3268fc3ab6ede4c84b5d7e8d4e35cbd2606a9a81d413c37e5a86d31c6dbc,10/25/2022 12:41:27 PM
No Fault 75 Trial 1.csv,Fault data split 75/No Fault 75 Trial 1.csv,0,37,1,64000,d6547a9bda37c4e5b3e5b6daa71a62e7b109f9bec264c54dd8555dd7431fc542,9/20/2022 11:06:34 AM
No Fault 75 Trial 10.csv,Fault data split 75/No Fault 75 Trial 10.csv,0,37,10,64000,b245d965435897c1da095ea250220326e6361bf5fa06a405527404205dc8f54b,9/20/2022 11:09:07 AM
No Fault 75 Trial 11.csv,Fault data split 75/No Fault 75 Trial 11.csv,0,37,11,64000,255c104a8b6b7efeef88d68084e623900bcb120a667b9f80df4c9411153c58ce,9/20/2022 11:09:22 AM
No Fault 75 Trial 12.csv,Fault data split 75/No Fault 75 Trial 12.csv,0,37,12,64000,ce3dc77b11589961237cbff815527e1e1307f3752df811680ead61a97684e475,9/20/2022 11:09:43 AM
No Fault 75 Trial 13.csv,Fault data split 75/No Fault 75 Trial 13.csv,0,37,13,64000,11910724e9e4a43c57a301480b01bfdaeea6f226fa296e5a1bb447e16953c23f,9/20/2022 11:10:02 AM
No Fault 75 Trial 14.csv,Fault data split 75/No Fault 75 Trial 14.csv,0,37,14,64000,ad4b7223e539e4582b6d3e6477c1e6564dbc5e9223a1ac4e7633cdf82e3039ba,9/20/2022 11:10:19 AM
No Fault 75 Trial 15.csv,Fault data split 75/No Fault 75 Trial 15.csv,0,37,15,64000,e0e303df9056fcdb5289d74cc64a6e7a72df251c254d2a9293b1f1313450dbdb,9/20/2022 11:10:34 AM
No Fault 75 Trial 16.csv,Fault data split 75/No Fault 75 Trial 16.csv,0,37,16,64000,6f5647886891d14f4c98c5d3a9bca9ecb616b334c891d4e1210f6cf22ed91394,9/20/2022 11:10:49 AM
No Fault 75 Trial 17.csv,Fault data split 75/No Fault 75 Trial 17.csv,0,37,17,64000,490dbcd79f511a0bf262f35cb6da8bca60c0d6e1deca5e7b946a75b775777155,9/20/2022 11:11:08 AM
No Fault 75 Trial 18.csv,Fault data split 75/No Fault 75 Trial 18.csv,0,37,18,64000,cb75ed48264b1528dea561ba72590e2883f9397a274097890c6c7cbd51ae1658,9/20/2022 11:11:24 AM
No Fault 75 Trial 19.csv,Fault data split 75/No Fault 75 Trial 19.csv,0,37,19,64000,974eb95dd3396a07f007c65503620d596d4f97e3032cd09f64c4da10af510168,9/20/2022 11:11:40 AM
No Fault 75 Trial 2.csv,Fault data split 75/No Fault 75 Trial 2.csv,0,37,2,64000,390e49136f58eb469631cfa26e5b4d5fabcb8b63a344d38a2093e24c62290173,9/20/2022 11:06:50 AM
No Fault 75 Trial 20.csv,Fault data split 75/No Fault 75 Trial 20.csv,0,37,20,64000,b3aa0644f653a0cfc2e0393b752376175d8e8c7dfdf56bc7dfe31ec8eb49014e,9/20/2022 11:11:55 AM
No Fault 75 Trial 21.csv,Fault data split 75/No Fault 75 Trial 21.csv,0,37,21,64000,d7cfdc265751caf66beabf1e4a66c33dd2e7514614fb238b035b8220c4821164,9/20/2022 11:12:14 AM
No Fault 75 Trial 22.csv,Fault data split 75/No Fault 75 Trial 22.csv,0,37,22,64000,cf54d7abb0a90c4710c399d38d75fd37d8ac326ffc0c3290584cf73ae96f762b,9/20/2022 11:12:30 AM
No Fault 75 Trial 23.csv,Fault data split 75/No Fault 75 Trial 23.csv,0,37,23,64000,15ff7e5882339c4cadd6dc1c215cfe636fa4a87bb29af6b8d333cee4ef72b566,9/20/2022 11:12:49 AM
No Fault 75 Trial 24.csv,Fault data split 75/No Fault 75 Trial 24.csv,0,37,24,64000,adf6abc3f087751e9faf65b43783260ae46ec470b186c54c1d0edafb96129f2a,9/20/2022 11:13:04 AM
No Fault 75 Trial 25.csv,Fault data split 75/No Fault 75 Trial 25.csv,0,37,25,64000,53307615c84da85723b6f40a99cb24f7e86e2d89402014fd45894eb45a7aebef,9/20/2022 11:13:20 AM
No Fault 75 Trial 3.csv,Fault data split 75/No Fault 75 Trial 3.csv,0,37,3,64000,4eae7a3868cb35a28d2bb5c5ef9c39fa8a8dd7cc0313c663a9f0155f63e586ed,9/20/2022 11:07:07 AM
No Fault 75 Trial 4.csv,Fault data split 75/No Fault 75 Trial 4.csv,0,37,4,64000,90f68224188654d24a3c92851a38e25f3e3c4534f664d6e5ddd5e5c7948f5905,9/20/2022 11:07:21 AM
No Fault 75 Trial 5.csv,Fault data split 75/No Fault 75 Trial 5.csv,0,37,5,64000,c6726a0b6b916454efde53448c603cf63a8d4ef26f473e9f4edd1b487357b9a9,9/20/2022 11:07:36 AM
No Fault 75 Trial 6.csv,Fault data split 75/No Fault 75 Trial 6.csv,0,37,6,64000,e25f455b79f62cf509d3ff26fdf74d50fb1d4e8df8d762b34b81238b508175ff,9/20/2022 11:07:53 AM
No Fault 75 Trial 7.csv,Fault data split 75/No Fault 75 Trial 7.csv,0,37,7,64000,4bf046503afe56ce3ffd15bcc0b88d415fbd463d26387861ec9a7c81edcc37fc,9/20/2022 11:08:15 AM
No Fault 75 Trial 8.csv,Fault data split 75/No Fault 75 Trial 8.csv,0,37,8,64000,5a1066e25a8f7713b9e5eae25b61694b068c35535b423ce6275c5dfdc7cbffb0,9/20/2022 11:08:35 AM
No Fault 75 Trial 9.csv,Fault data split 75/No Fault 75 Trial 9.csv,0,37,9,64000,157a06f04ee55394c93cee8f053ea5b32b9b9fabed1a0a1e8785b0dddff7ea44,9/20/2022 11:08:53 AM
Shaft Fault ( Centerally Bent) 75 Trial 1.csv,Fault data split 75/Shaft Fault ( Centerally Bent) 75 Trial 1.csv,1,38,1,64000,d4fe4ff8e7f09b7457b3ee218c966960d183ad4aba58ccea67cbc0b27b8ddd85,9/29/2022 12:00:37 PM
Shaft Fault ( Centerally Bent) 75 Trial 10.csv,Fault data split 75/Shaft Fault ( Centerally Bent) 75 Trial 10.csv,1,38,10,64000,fdbf07b908ce713f981ae18405448965f7bd3c06c6992524dc762abe45147cd9,9/29/2022 12:02:56 PM
Shaft Fault ( Centerally Bent) 75 Trial 11.csv,Fault data split 75/Shaft Fault ( Centerally Bent) 75 Trial 11.csv,1,38,11,64000,df12c557e03aaa66f690cef4280e532ed098b38324cfb3a708e4d4b1596ec513,9/29/2022 12:03:17 PM
Shaft Fault ( Centerally Bent) 75 Trial 12.csv,Fault data split 75/Shaft Fault ( Centerally Bent) 75 Trial 12.csv,1,38,12,64000,abb9fe7d54ef6290512c7b03306d71ea2f980bce9102fe74af6e0ba184bdb419,9/29/2022 12:03:32 PM
Shaft Fault ( Centerally Bent) 75 Trial 13.csv,Fault data split 75/Shaft Fault ( Centerally Bent) 75 Trial 13.csv,1,38,13,64000,49c1d1c4a9e6c8497b0695a77373cf50a4794b5e84e21e4723fa56fa83c13166,9/29/2022 12:03:46 PM
Shaft Fault ( Centerally Bent) 75 Trial 14.csv,Fault data split 75/Shaft Fault ( Centerally Bent) 75 Trial 14.csv,1,38,14,64000,1a1226534574b2c582ed84109eb730bfdd3245688a15f79ef0a4b0e690d046c6,9/29/2022 12:04:01 PM
Shaft Fault ( Centerally Bent) 75 Trial 15.csv,Fault data split 75/Shaft Fault ( Centerally Bent) 75 Trial 15.csv,1,38,15,64000,c4c01be5b205921431223706b99227919dd91bb9a52a39d85ddc6509d630c1ea,9/29/2022 12:04:20 PM
Shaft Fault ( Centerally Bent) 75 Trial 16.csv,Fault data split 75/Shaft Fault ( Centerally Bent) 75 Trial 16.csv,1,38,16,64000,8106ad50e7cd9b7ec94c5ba1348809e20d137859fea76f227e0d202b4fb6711d,9/29/2022 12:04:35 PM
Shaft Fault ( Centerally Bent) 75 Trial 17.csv,Fault data split 75/Shaft Fault ( Centerally Bent) 75 Trial 17.csv,1,38,17,64000,3a852170846854a7d689f45cc6c72f1a81196210091a43e4245121463f5b99a1,9/29/2022 12:04:49 PM
Shaft Fault ( Centerally Bent) 75 Trial 18.csv,Fault data split 75/Shaft Fault ( Centerally Bent) 75 Trial 18.csv,1,38,18,64000,29a23ac05e6bf20f5c40a27f601b88c2cd30b4998b44bba499efeb261de6c208,9/29/2022 12:05:05 PM
Shaft Fault ( Centerally Bent) 75 Trial 19.csv,Fault data split 75/Shaft Fault ( Centerally Bent) 75 Trial 19.csv,1,38,19,64000,5dce48e24716b06d4dc867cd3dbf8ba7b4e4b958784d07d2506a47e34addb0a2,9/29/2022 12:05:20 PM
Shaft Fault ( Centerally Bent) 75 Trial 2.csv,Fault data split 75/Shaft Fault ( Centerally Bent) 75 Trial 2.csv,1,38,2,64000,6849f9a2c613a293aa30699397f59d0633981a137b33c4ee804b14ce94035aa7,9/29/2022 12:00:53 PM
Shaft Fault ( Centerally Bent) 75 Trial 20.csv,Fault data split 75/Shaft Fault ( Centerally Bent) 75 Trial 20.csv,1,38,20,64000,9e3295f64dd448ec0e5cbf3fa55e7c02fa06ac558aacbf10123f749f55eb036a,9/29/2022 12:05:34 PM
Shaft Fault ( Centerally Bent) 75 Trial 21.csv,Fault data split 75/Shaft Fault ( Centerally Bent) 75 Trial 21.csv,1,38,21,64000,760b4b5547a5d7ca47d6b49bc3a308506ae9618aa371e8669627a44a0f9660c6,9/29/2022 12:05:49 PM
Shaft Fault ( Centerally Bent) 75 Trial 22.csv,Fault data split 75/Shaft Fault ( Centerally Bent) 75 Trial 22.csv,1,38,22,64000,75e9b95cbfddca04302b24e6fe23cdad953b152aaf2934cf1c5ba0221aca7a1a,9/29/2022 12:06:04 PM
Shaft Fault ( Centerally Bent) 75 Trial 23.csv,Fault data split 75/Shaft Fault ( Centerally Bent) 75 Trial 23.csv,1,38,23,64000,1019db121214ec0d8e50ac0929547a1718f962c91a1e6cb6043594a21e880c8f,9/29/2022 12:06:18 PM
Shaft Fault ( Centerally Bent) 75 Trial 24.csv,Fault data split 75/Shaft Fault ( Centerally Bent) 75 Trial 24.csv,1,38,24,64000,bbf6ce6b1457e024c8ecc5b4bedf48bdba403fca266454a3c7c58eed6ec1eace,9/29/2022 12:06:33 PM
Shaft Fault ( Centerally Bent) 75 Trial 25.csv,Fault data split 75/Shaft Fault ( Centerally Bent) 75 Trial 25.csv,1,38,25,64000,e9e99ffca499ff36cb53b199cc2460da827bc10a97ea8e59d7323a30ab391e7b,9/29/2022 12:06:49 PM
Shaft Fault ( Centerally Bent) 75 Trial 3.csv,Fault data split 75/Shaft Fault ( Centerally Bent) 75 Trial 3.csv,1,38,3,64000,2b7a15eb36ae50e9d11805ea92604e2ab9b158fab72a0e14a20aaa9ca8514a2c,9/29/2022 12:01:08 PM
Shaft Fault ( Centerally Bent) 75 Trial 4.csv,Fault data split 75/Shaft Fault ( Centerally Bent) 75 Trial 4.csv,1,38,4,64000,697ffa48111d3a47808d2b107ff180a4ee562c093e967d53f28a8c587f97f9e7,9/29/2022 12:01:24 PM
Shaft Fault ( Centerally Bent) 75 Trial 5.csv,Fault data split 75/Shaft Fault ( Centerally Bent) 75 Trial 5.csv,1,38,5,64000,e25d382be1b3457cf87b6630778940ce273874fc57df8017c65d0668e8e9c746,9/29/2022 12:01:44 PM
Shaft Fault ( Centerally Bent) 75 Trial 6.csv,Fault data split 75/Shaft Fault ( Centerally Bent) 75 Trial 6.csv,1,38,6,64000,dcbfc7be7e2ee7b4aae8bef75131ac8b21ea9395f7464fa8b343bd72813d1418,9/29/2022 12:01:59 PM
Shaft Fault ( Centerally Bent) 75 Trial 7.csv,Fault data split 75/Shaft Fault ( Centerally Bent) 75 Trial 7.csv,1,38,7,64000,f0e7cdf4fdba2160ec744ef1e34565797fe2a328639dad77c7981d0dddc9c327,9/29/2022 12:02:14 PM
Shaft Fault ( Centerally Bent) 75 Trial 8.csv,Fault data split 75/Shaft Fault ( Centerally Bent) 75 Trial 8.csv,1,38,8,64000,2f513b44db892baf562973aee25467e6123e2bcd9922c7a9cba09159ca6e4ae8,9/29/2022 12:02:28 PM
Shaft Fault ( Centerally Bent) 75 Trial 9.csv,Fault data split 75/Shaft Fault ( Centerally Bent) 75 Trial 9.csv,1,38,9,64000,477df9a838955fbd169ee7b36e64e7f735494ff3cc8040139fb13ab5d94c637f,9/29/2022 12:02:42 PM
Shaft Fault ( Coupling End Bent) 75 Trial 1.csv,Fault data split 75/Shaft Fault ( Coupling End Bent) 75 Trial 1.csv,1,39,1,64000,b63d1d068c8508ea4e24dd61f72a69840c9fc85cc79fefcc651d7b3ec8d79253,9/23/2022 7:25:31 PM
Shaft Fault ( Coupling End Bent) 75 Trial 10.csv,Fault data split 75/Shaft Fault ( Coupling End Bent) 75 Trial 10.csv,1,39,10,64000,b0c925cd45ca83a134cacb3df01f25a30c6c579d6ee54bff1e454d3b823a26f2,9/23/2022 7:27:49 PM
Shaft Fault ( Coupling End Bent) 75 Trial 11.csv,Fault data split 75/Shaft Fault ( Coupling End Bent) 75 Trial 11.csv,1,39,11,64000,2c2da4c87f7b649824d22648bec5dce5124c6b8f42aebe2d440fbb5ccdaea4f4,9/23/2022 7:28:03 PM
Shaft Fault ( Coupling End Bent) 75 Trial 12.csv,Fault data split 75/Shaft Fault ( Coupling End Bent) 75 Trial 12.csv,1,39,12,64000,4890fa465455f7a57f1ca6d2076177825a9c128116199e04a189504df2e318f2,9/23/2022 7:28:18 PM
Shaft Fault ( Coupling End Bent) 75 Trial 13.csv,Fault data split 75/Shaft Fault ( Coupling End Bent) 75 Trial 13.csv,1,39,13,64000,75637c30b819f929a2241c21766c11835327857b3dfaed0417cc0ee7ac3c4fd6,9/23/2022 7:28:32 PM
Shaft Fault ( Coupling End Bent) 75 Trial 14.csv,Fault data split 75/Shaft Fault ( Coupling End Bent) 75 Trial 14.csv,1,39,14,64000,8c754fa8548b887503c73b3e45cda840ecbbeff7b24b4ff9422abd7629e25838,9/23/2022 7:28:47 PM
Shaft Fault ( Coupling End Bent) 75 Trial 15.csv,Fault data split 75/Shaft Fault ( Coupling End Bent) 75 Trial 15.csv,1,39,15,64000,43f1792d33680321bb04846efdc8be0e901d3568cf1eb2e2af12bc3ae07883cf,9/23/2022 7:29:01 PM
Shaft Fault ( Coupling End Bent) 75 Trial 16.csv,Fault data split 75/Shaft Fault ( Coupling End Bent) 75 Trial 16.csv,1,39,16,64000,ec4621edccccc0fc99533e74ab4d2c0e16c54df17bf045b24790175c4f8972c3,9/23/2022 7:29:16 PM
Shaft Fault ( Coupling End Bent) 75 Trial 17.csv,Fault data split 75/Shaft Fault ( Coupling End Bent) 75 Trial 17.csv,1,39,17,64000,e5754f502b03f6c21a5b6ff30baaad28da6645ff96b95cf6bbdad90662f56ed0,9/23/2022 7:29:30 PM
Shaft Fault ( Coupling End Bent) 75 Trial 18.csv,Fault data split 75/Shaft Fault ( Coupling End Bent) 75 Trial 18.csv,1,39,18,64000,8b86f72ec11e79bd55c440d227a836bef9fbef0829b347e950211f111900fd42,9/23/2022 7:29:46 PM
Shaft Fault ( Coupling End Bent) 75 Trial 19.csv,Fault data split 75/Shaft Fault ( Coupling End Bent) 75 Trial 19.csv,1,39,19,64000,fd5d08c18553c5a01cf4003c6f1a91891ca8d6810f0365102346993c20b5acfe,9/23/2022 7:30:01 PM
Shaft Fault ( Coupling End Bent) 75 Trial 2.csv,Fault data split 75/Shaft Fault ( Coupling End Bent) 75 Trial 2.csv,1,39,2,64000,bbf11c43d28344397be653b8c3a87525e69b870332233b30b86f3aefe7329825,9/23/2022 7:25:48 PM
Shaft Fault ( Coupling End Bent) 75 Trial 20.csv,Fault data split 75/Shaft Fault ( Coupling End Bent) 75 Trial 20.csv,1,39,20,64000,b966c3541de24be226e9d53277f798062db54c534d019c72a6af7bd80bce0c80,9/23/2022 7:30:16 PM
Shaft Fault ( Coupling End Bent) 75 Trial 21.csv,Fault data split 75/Shaft Fault ( Coupling End Bent) 75 Trial 21.csv,1,39,21,64000,0dd1eff73ab29ba420e51ec36e4e0b0b3abbb51dd9765b4e40109dde92dec44e,9/23/2022 7:30:30 PM
Shaft Fault ( Coupling End Bent) 75 Trial 22.csv,Fault data split 75/Shaft Fault ( Coupling End Bent) 75 Trial 22.csv,1,39,22,64000,d73f5c13c7a1981370a713c91e85b4a732c77e65a982431669921b0556af049d,9/23/2022 7:30:47 PM
Shaft Fault ( Coupling End Bent) 75 Trial 23.csv,Fault data split 75/Shaft Fault ( Coupling End Bent) 75 Trial 23.csv,1,39,23,64000,4329d05d77b0032da565e9f0513812c8ca65d8b95ba782859d6b39891c109d2f,9/23/2022 7:31:05 PM
Shaft Fault ( Coupling End Bent) 75 Trial 24.csv,Fault data split 75/Shaft Fault ( Coupling End Bent) 75 Trial 24.csv,1,39,24,64000,1bb5e9dc78b101cd7c16016f3164f0da2b328d37b2a9cbb69724366b32a334f5,9/23/2022 7:31:22 PM
Shaft Fault ( Coupling End Bent) 75 Trial 25.csv,Fault data split 75/Shaft Fault ( Coupling End Bent) 75 Trial 25.csv,1,39,25,64000,97567fa3479016008e3f8f98cfe63ee4a5209e23579b543ca451c318421364b5,9/23/2022 7:31:38 PM
Shaft Fault ( Coupling End Bent) 75 Trial 3.csv,Fault data split 75/Shaft Fault ( Coupling End Bent) 75 Trial 3.csv,1,39,3,64000,acad1f92524edc57d90a20946a8ac64a5d67992c03c983f8cf66f9a7666ad98d,9/23/2022 7:26:02 PM
Shaft Fault ( Coupling End Bent) 75 Trial 4.csv,Fault data split 75/Shaft Fault ( Coupling End Bent) 75 Trial 4.csv,1,39,4,64000,927f6ac67ceb4acd3776e2c6a82d832fb6c261875a2ab01fe9874dce67e3abd5,9/23/2022 7:26:18 PM
Shaft Fault ( Coupling End Bent) 75 Trial 5.csv,Fault data split 75/Shaft Fault ( Coupling End Bent) 75 Trial 5.csv,1,39,5,64000,cf9e576164daf663e5a9b74c100d9acf5f6793fe0214d5e74a27f7f24c1ba399,9/23/2022 7:26:34 PM
Shaft Fault ( Coupling End Bent) 75 Trial 6.csv,Fault data split 75/Shaft Fault ( Coupling End Bent) 75 Trial 6.csv,1,39,6,64000,01f9632e173b03164407e92c555edb05880b479a35a1fa83f37c85cbf737e0c6,9/23/2022 7:26:49 PM
Shaft Fault ( Coupling End Bent) 75 Trial 7.csv,Fault data split 75/Shaft Fault ( Coupling End Bent) 75 Trial 7.csv,1,39,7,64000,16bf7dc8711f415b4e0e8a511542fdb4f57894439e6d0e5261e7d7a03d8e94de,9/23/2022 7:27:04 PM
Shaft Fault ( Coupling End Bent) 75 Trial 8.csv,Fault data split 75/Shaft Fault ( Coupling End Bent) 75 Trial 8.csv,1,39,8,64000,a1150517480c08d1c507c3e937e2480e0a3960464792b605b18d78dbf4b00d56,9/23/2022 7:27:19 PM
Shaft Fault ( Coupling End Bent) 75 Trial 9.csv,Fault data split 75/Shaft Fault ( Coupling End Bent) 75 Trial 9.csv,1,39,9,64000,9d12ff124d20373eb3b89cbee4782c4f93471d03f9ac47597e3a67d2f0ffdf49,9/23/2022 7:27:35 PM
